iteration,time,f(x),gap,step_type,gamma,grad_norm,dgrad,method
0,8.511543273925781e-05,-12.546987650517964,2.817141029564989,FW,0.026374311177902093,3.1474622000279355,-2.817141029564989,FW
1,0.0001900196075439453,-12.584137727590857,1.910022226599177,FW,0.019577973082032577,2.927096830678234,-1.910022226599177,FW
2,0.0003719329833984375,-12.602834909460077,1.428582706511174,FW,0.014213087052497547,2.843665146829018,-1.428582706511174,FW
3,0.00067901611328125,-12.612987194644747,1.1651624192733074,FW,0.013162346361413835,2.7926554993181285,-1.1651624192733074,FW
4,0.0009028911590576172,-12.620655330309631,1.00545413450192,FW,0.009974770629134619,2.759526243365761,-1.00545413450192,FW
5,0.0011210441589355469,-12.625669917494521,0.8272251205807615,FW,0.00828312422781001,2.7332093679240574,-0.8272251205807615,FW
6,0.0013070106506347656,-12.629095921713585,0.7676943785997108,FW,0.0075165706847556005,2.72191984235449,-0.7676943785997108,FW
7,0.0014910697937011719,-12.631981136244105,0.5678726283361578,FW,0.00593877606165014,2.7084828845218776,-0.5678726283361578,FW
8,0.0016939640045166016,-12.633667370429723,0.46798105732359385,FW,0.004903751970255178,2.6917378912546814,-0.46798105732359385,FW
9,0.0018801689147949219,-12.63481480194567,0.4341448033172832,FW,0.004031869719034352,2.6873737820205803,-0.4341448033172832,FW
10,0.0020689964294433594,-12.635690009588757,0.37781340920228645,FW,0.003872528909477496,2.6824698708902823,-0.37781340920228645,FW
11,0.0022962093353271484,-12.636421556263514,0.34455850201404725,FW,0.0035802512005373923,2.673162645729528,-0.34455850201404725,FW
12,0.0025780200958251953,-12.637038359258757,0.3190035599977772,FW,0.0033886548201991244,2.666840477301507,-0.3190035599977772,FW
13,0.0029189586639404297,-12.637578855734382,0.30149971596152825,FW,0.0029521656489709374,2.6632121253664964,-0.30149971596152825,FW
14,0.0031790733337402344,-12.638023894286697,0.26005452469443113,FW,0.0027025922715797302,2.6602840577096494,-0.26005452469443113,FW
15,0.003371000289916992,-12.638375304961016,0.2548898826868075,FW,0.002639007736106038,2.6573632969554297,-0.2548898826868075,FW
16,0.003468036651611328,-12.638711633147151,0.2542692840402592,FW,0.0026007631389424516,2.657109953702996,-0.2542692840402592,FW
17,0.003551959991455078,-12.639042280237794,0.24672958653733984,FW,0.0023298567316010817,2.651583147403763,-0.24672958653733984,FW
18,0.0036821365356445312,-12.63932970253184,0.22709071311505813,FW,0.0022602832362705644,2.6488518625768758,-0.22709071311505813,FW
19,0.0038018226623535156,-12.639586347197817,0.21154483701254237,FW,0.002002811307149748,2.6470149095774675,-0.21154483701254237,FW
20,0.003874063491821289,-12.63979818939359,0.2080150346242306,FW,0.0020163774819207075,2.6463287295659454,-0.2080150346242306,FW
21,0.003952980041503906,-12.640007907809448,0.196761387862055,FW,0.0018598066182402059,2.6451211418233735,-0.196761387862055,FW
22,0.004029989242553711,-12.640190876875128,0.1834006014361367,FW,0.0018178494327156704,2.6421253641508198,-0.1834006014361367,FW
23,0.004243135452270508,-12.64035757421477,0.17811784686628787,FW,0.0019466470022611703,2.64000514023171,-0.17811784686628787,FW
24,0.004400968551635742,-12.64053094050109,0.1809901247189563,FW,0.0017226302311116983,2.6402393150799646,-0.1809901247189563,FW
25,0.004557132720947266,-12.640686830031282,0.15907485948985395,FW,0.0016050615925393712,2.6379555227617204,-0.15907485948985395,FW
26,0.0047109127044677734,-12.640814492504937,0.1637462376862305,FW,0.001705790908240961,2.635777822339646,-0.1637462376862305,FW
27,0.0048639774322509766,-12.640954150926683,0.1502298458853689,FW,0.0014819513354655798,2.633563533467831,-0.1502298458853689,FW
28,0.005042076110839844,-12.641065467587053,0.1417766968904231,FW,0.0012916467245041015,2.632987885514367,-0.1417766968904231,FW
29,0.005311012268066406,-12.641157030290127,0.15259721105151963,FW,0.001375574567191639,2.6330397141002586,-0.15259721105151963,FW
30,0.005470991134643555,-12.6412619847114,0.13653114294807123,FW,0.00141701169375248,2.6327854528945887,-0.13653114294807123,FW
31,0.0056231021881103516,-12.641358717824462,0.1405133158082546,FW,0.0012565883903894672,2.6295854031230457,-0.1405133158082546,FW
32,0.005773067474365234,-12.641447001525126,0.13049306561241292,FW,0.001365776670461857,2.630289657514768,-0.13049306561241292,FW
33,0.005927085876464844,-12.641536113717462,0.1256871912731422,FW,0.0012287340074658816,2.6293480717151,-0.1256871912731422,FW
34,0.00611114501953125,-12.641613331780572,0.13120832260698032,FW,0.0013079148748793227,2.6293247757803133,-0.13120832260698032,FW
35,0.006392240524291992,-12.641699136438998,0.13216083698232123,FW,0.0012970928151107037,2.6285797572067833,-0.13216083698232123,FW
36,0.0066111087799072266,-12.641784848875046,0.11706492571784573,FW,0.0011370175610254092,2.6255547285989502,-0.11706492571784573,FW
37,0.0069620609283447266,-12.641851401313208,0.11484853073963856,FW,0.0012203385520898836,2.625839521690295,-0.11484853073963856,FW
38,0.007684946060180664,-12.641921478358066,0.11355227030884191,FW,0.00107654851765634,2.6256324758264293,-0.11355227030884191,FW
39,0.007925033569335938,-12.641982600622198,0.1154419642841293,FW,0.0011728578403253998,2.62483184964529,-0.1154419642841293,FW
40,0.0081329345703125,-12.642050299128655,0.1135671304379353,FW,0.0011820784540916196,2.6248002940789603,-0.1135671304379353,FW
41,0.008337974548339844,-12.64211742175765,0.10818016526355788,FW,0.0011357281922193946,2.6239159824321154,-0.10818016526355788,FW
42,0.008574962615966797,-12.64217885338941,0.10915374741623549,FW,0.0011085267298199155,2.6212077853029747,-0.10915374741623549,FW
43,0.008836984634399414,-12.642239353312748,0.09780981923833,FW,0.0010203886894158006,2.6226779724434253,-0.09780981923833,FW
44,0.009165048599243164,-12.642289255329382,0.10659330305850145,FW,0.0010338705324808583,2.6220061506009764,-0.10659330305850145,FW
45,0.009379863739013672,-12.642344357166875,0.09926722834757881,FW,0.0009711566584067346,2.6217021065066826,-0.09926722834757881,FW
46,0.009479999542236328,-12.64239255918176,0.09863939701436869,FW,0.0009971977798223603,2.620819128266255,-0.09863939701436869,FW
47,0.009631156921386719,-12.642441740675613,0.09518884493803974,FW,0.0009823508509985662,2.618822608560967,-0.09518884493803974,FW
48,0.00970602035522461,-12.642488495097027,0.09471669848200091,FW,0.0010806184115348932,2.619285368886148,-0.09471669848200091,FW
49,0.009899139404296875,-12.64253967140116,0.08440100740206172,FW,0.0008414939433168093,2.618564973157163,-0.08440100740206172,FW
50,0.010167121887207031,-12.64257518286943,0.0929105674296905,FW,0.0009263935543160469,2.618184040405754,-0.0929105674296905,FW
51,0.0103759765625,-12.64261821874483,0.09611900913637247,FW,0.000931252303910257,2.61810211002065,-0.09611900913637247,FW
52,0.010542154312133789,-12.642662974269182,0.08584104788037407,FW,0.0008418651428959632,2.6173454537276903,-0.08584104788037407,FW
53,0.010711193084716797,-12.642699107562198,0.08467954887543147,FW,0.0009065464574581697,2.617680568195218,-0.08467954887543147,FW
54,0.010948896408081055,-12.642737490534735,0.08864044703548801,FW,0.0008307768032050787,2.616441073381088,-0.08864044703548801,FW
55,0.011114120483398438,-12.64277431074834,0.08304712683332496,FW,0.0007642383553698382,2.61598705406552,-0.08304712683332496,FW
56,0.011243104934692383,-12.642806044648157,0.08323816678268371,FW,0.0008247484857179295,2.6153908766849985,-0.08323816678268371,FW
57,0.01132512092590332,-12.642840369924153,0.0803596582972059,FW,0.0007864148409879256,2.615133906479202,-0.0803596582972059,FW
58,0.011402130126953125,-12.642871967938104,0.07997454598464689,FW,0.0008029814324409634,2.6143227550850807,-0.07997454598464689,FW
59,0.011473894119262695,-12.642904076975855,0.07616832383209077,FW,0.0008300006495505187,2.614149871941288,-0.07616832383209077,FW
60,0.011543035507202148,-12.642935686854981,0.0771436668133384,FW,0.0007499298071099046,2.6136441385344407,-0.0771436668133384,FW
61,0.011612892150878906,-12.642964613022569,0.07469905194774401,FW,0.0007920702845811764,2.614368517155159,-0.07469905194774401,FW
62,0.011683225631713867,-12.642994196472232,0.07650517090550016,FW,0.0007651746325273665,2.613387852935202,-0.07650517090550016,FW
63,0.011752128601074219,-12.643023466380255,0.08127322220709692,FW,0.0008058882928700167,2.612803003052248,-0.08127322220709692,FW
64,0.011829137802124023,-12.643056214949402,0.0716530655002778,FW,0.0006416118897619028,2.612877111205174,-0.0716530655002778,FW
65,0.011900901794433594,-12.64307920167878,0.07105388117023884,FW,0.0007260003498019706,2.6126047949047453,-0.07105388117023884,FW
66,0.011971235275268555,-12.643104994250075,0.06782282629021665,FW,0.0007637815493338042,2.612401289258956,-0.06782282629021665,FW
67,0.012042045593261719,-12.643130895161747,0.07111076241503456,FW,0.0006826217527739973,2.611121133921442,-0.07111076241503456,FW
68,0.01211404800415039,-12.64315516603839,0.06694427256365024,FW,0.0007241204040093864,2.6114527232366544,-0.06694427256365024,FW
69,0.012185096740722656,-12.643179403895239,0.06815044372125013,FW,0.0006382066605358125,2.6112846490258605,-0.06815044372125013,FW
70,0.012254953384399414,-12.643201150928785,0.06844223418737236,FW,0.0006958661667154748,2.6113205083479203,-0.06844223418737236,FW
71,0.012323856353759766,-12.643224964246357,0.06579931270221116,FW,0.0006597383109621314,2.610365205782623,-0.06579931270221116,FW
72,0.012395143508911133,-12.643246669410075,0.06650085815125763,FW,0.0005904674306686792,2.609885429517074,-0.06650085815125763,FW
73,0.01246500015258789,-12.6432663027055,0.06796543728476888,FW,0.0006256576704985754,2.6096319865792643,-0.06796543728476888,FW
74,0.01253509521484375,-12.64328756425408,0.05932693959443855,FW,0.0006176742254146094,2.610150844881351,-0.05932693959443855,FW
75,0.012606143951416016,-12.643305886614808,0.06141508690905999,FW,0.0006140144332608867,2.6091863665791,-0.06141508690905999,FW
76,0.01267695426940918,-12.643324741489705,0.060170459498387535,FW,0.0006165311037191914,2.60915147020199,-0.060170459498387535,FW
77,0.012749195098876953,-12.643343289969609,0.06357376997530137,FW,0.0006533667207209306,2.6088858876610237,-0.06357376997530137,FW
78,0.012818098068237305,-12.643364058462412,0.05763987179311497,FW,0.0005987394117837451,2.608871516493502,-0.05763987179311497,FW
79,0.01288914680480957,-12.643381314093878,0.060262468529743915,FW,0.000637641544149209,2.608499159398783,-0.060262468529743915,FW
80,0.012958049774169922,-12.643400527020614,0.05964481508714488,FW,0.0005474797918786953,2.6074995457028596,-0.05964481508714488,FW
81,0.013028860092163086,-12.643416854186095,0.05841163742918122,FW,0.0006269700949102997,2.607332698786625,-0.05841163742918122,FW
82,0.013098001480102539,-12.64343516536103,0.05301986057132124,FW,0.0005957567068247952,2.6080177065691896,-0.05301986057132124,FW
83,0.013170003890991211,-12.64345095882979,0.05665264055906408,FW,0.0006080805119000893,2.607152168478186,-0.05665264055906408,FW
84,0.013239145278930664,-12.643468183513127,0.055214518373979726,FW,0.0005472303383653393,2.6067574604239803,-0.055214518373979726,FW
85,0.013309955596923828,-12.64348329104291,0.05766266660846786,FW,0.0005586505340426148,2.606817982467774,-0.05766266660846786,FW
86,0.013379096984863281,-12.643499397682659,0.05115949915410939,FW,0.0005147072825859556,2.6068799317660516,-0.05115949915410939,FW
87,0.013447999954223633,-12.64351256376606,0.051723979942371934,FW,0.0005067391729596379,2.606061893567856,-0.051723979942371934,FW
88,0.013517141342163086,-12.64352566904947,0.05223044602961306,FW,0.0005039891009386022,2.605896723383345,-0.05223044602961306,FW
89,0.01358795166015625,-12.643538830837231,0.05237242170628423,FW,0.00048634222014046544,2.6064025587038615,-0.05237242170628423,FW
90,0.01365804672241211,-12.643551566297154,0.05039254912069903,FW,0.0005081491901467341,2.605887616244469,-0.05039254912069903,FW
91,0.013729095458984375,-12.643564369763672,0.04998756168700119,FW,0.0004943589361098593,2.6057006184961997,-0.04998756168700119,FW
92,0.013804197311401367,-12.643576725662575,0.047604345264394374,FW,0.0004740235393005191,2.6054936999908724,-0.047604345264394374,FW
93,0.013874053955078125,-12.64358800845269,0.04878657826468824,FW,0.00044699344196983103,2.605178462454304,-0.04878657826468824,FW
94,0.013943195343017578,-12.643598912092958,0.04723489152949173,FW,0.0004795781595609506,2.6046190698991714,-0.04723489152949173,FW
95,0.014013051986694336,-12.64361023850413,0.047034687933328656,FW,0.0005037690745787693,2.6048283786856463,-0.047034687933328656,FW
96,0.014084100723266602,-12.64362208581474,0.04742561039843332,FW,0.0004330796198558668,2.6044812576324388,-0.04742561039843332,FW
97,0.014153003692626953,-12.6436323553474,0.04405143624358521,FW,0.00041882272318245615,2.604481605345427,-0.04405143624358521,FW
98,0.014222860336303711,-12.643641580218638,0.045383383429749374,FW,0.00044342548554926616,2.6041894658532407,-0.045383383429749374,FW
99,0.01429295539855957,-12.643651642293062,0.04279615559612672,FW,0.0004403616857988666,2.603908145306983,-0.04279615559612672,FW
100,0.01436305046081543,-12.64366106518667,0.044236562738725185,FW,0.00044627276887043536,2.6040978400361157,-0.044236562738725185,FW
101,0.014433145523071289,-12.643670935973338,0.04467775678504632,FW,0.0004375442822508161,2.6044106689985025,-0.04467775678504632,FW
102,0.014503002166748047,-12.643680710221854,0.04181905965199477,FW,0.0004431123025173891,2.603684850574598,-0.04181905965199477,FW
103,0.014573097229003906,-12.643689975491755,0.04223919839259491,FW,0.00041768363162400865,2.603353924624542,-0.04223919839259491,FW
104,0.014644145965576172,-12.64369879680266,0.04367221624170911,FW,0.0004216502042314166,2.603080871496255,-0.04367221624170911,FW
105,0.014714956283569336,-12.643708004002098,0.042509827222801125,FW,0.00039151556786464425,2.603097208535764,-0.042509827222801125,FW
106,0.014785051345825195,-12.643716325631674,0.042624831039003386,FW,0.0003962534889529152,2.6034948388311046,-0.042624831039003386,FW
107,0.014856100082397461,-12.64372477075068,0.03912184739627492,FW,0.00041839067094741046,2.6029554957744048,-0.03912184739627492,FW
108,0.01492619514465332,-12.643732954858669,0.03914672897176939,FW,0.00037471456640284943,2.602094446450104,-0.03914672897176939,FW
109,0.014997005462646484,-12.643740289283457,0.03988723497988311,FW,0.00040198552528027733,2.6019307518209236,-0.03988723497988311,FW
110,0.01506805419921875,-12.643748306329012,0.03971080999545765,FW,0.00039129243123046963,2.602157619971156,-0.03971080999545765,FW
111,0.01513814926147461,-12.643756075598702,0.03890688618046044,FW,0.00037946362183244016,2.6026540771640376,-0.03890688618046044,FW
112,0.015208959579467773,-12.643763457472684,0.03740369638916766,FW,0.0003564916337677229,2.60204697758548,-0.03740369638916766,FW
113,0.015278100967407227,-12.643770124525096,0.0399864501282369,FW,0.0003722735924999758,2.601887454646716,-0.0399864501282369,FW
114,0.015349149703979492,-12.643777567474814,0.036402941383108484,FW,0.00038463021912820403,2.6018994143159495,-0.036402941383108484,FW
115,0.01541900634765625,-12.64378456831048,0.03546311733856228,FW,0.00035514363383260704,2.601844933923922,-0.03546311733856228,FW
116,0.01548910140991211,-12.643790865560657,0.03727971136317236,FW,0.0003753261423435959,2.6019474424959776,-0.03727971136317236,FW
117,0.015561103820800781,-12.643797861585778,0.03749921980993984,FW,0.0003645707898675294,2.6019536072348077,-0.03749921980993984,FW
118,0.01563096046447754,-12.643804697145875,0.035578316812460015,FW,0.0003480169556614473,2.601683402390768,-0.035578316812460015,FW
119,0.0157010555267334,-12.643810888074627,0.037294834130536,FW,0.00034307426209701246,2.601456112236888,-0.037294834130536,FW
120,0.015779972076416016,-12.64381728552347,0.03603080178925698,FW,0.0003602671525216848,2.6014914608531177,-0.03603080178925698,FW
121,0.01585102081298828,-12.64382377588066,0.03295637586986047,FW,0.0003271761448526156,2.6007225920096517,-0.03295637586986047,FW
122,0.015922069549560547,-12.643829167150662,0.03541335278845306,FW,0.0003232147237183879,2.6007699448292665,-0.03541335278845306,FW
123,0.015993118286132812,-12.643834890209181,0.035083283819549296,FW,0.00033154914524334247,2.600724306504023,-0.035083283819549296,FW
124,0.01606607437133789,-12.643840706125562,0.03351110330624672,FW,0.00033430509338370617,2.6010039223157597,-0.03351110330624672,FW
125,0.01613593101501465,-12.64384630759182,0.0323293615770924,FW,0.000318587204778032,2.6007155070421404,-0.0323293615770924,FW
126,0.01620626449584961,-12.643851457452296,0.03367329973700865,FW,0.00035460720979858893,2.600183996469778,-0.03367329973700865,FW
127,0.01627802848815918,-12.643857427849722,0.033224192194244745,FW,0.0003058427034850298,2.6002464970037127,-0.033224192194244745,FW
128,0.016347885131835938,-12.6438625085381,0.03320907872122421,FW,0.0003029961077622141,2.6003844828232543,-0.03320907872122421,FW
129,0.01641988754272461,-12.643867539648898,0.032921925505482716,FW,0.0003045075683716902,2.6004152870841044,-0.032921925505482716,FW
130,0.016491174697875977,-12.643872552136642,0.03263481086799787,FW,0.00032282451677624374,2.599793266176725,-0.03263481086799787,FW
131,0.01656198501586914,-12.643877819795167,0.029434475702824564,FW,0.0003132009579524109,2.600043705480289,-0.029434475702824564,FW
132,0.016633272171020508,-12.643882429248164,0.0316600341888543,FW,0.00030589619902634223,2.599744132468955,-0.0316600341888543,FW
133,0.016704082489013672,-12.643887271590218,0.029671559635152278,FW,0.0002948992643520066,2.5996434437685263,-0.029671559635152278,FW
134,0.016772985458374023,-12.643891646650777,0.032545511427867754,FW,0.000326172073854802,2.599923606997161,-0.032545511427867754,FW
135,0.01684403419494629,-12.643896954369252,0.029398738908208766,FW,0.0002878299365380682,2.5997690384681595,-0.029398738908208766,FW
136,0.016913890838623047,-12.643901185287826,0.028198951834303543,FW,0.0003001779999911727,2.5996247853788215,-0.028198951834303543,FW
137,0.01698589324951172,-12.643905417640312,0.030398337626510133,FW,0.0002914953659113774,2.599580912908823,-0.030398337626510133,FW
138,0.017057180404663086,-12.643909848127581,0.030712067542207067,FW,0.0003081952709873258,2.599460947295232,-0.030712067542207067,FW
139,0.017128944396972656,-12.643914580784578,0.028464143537516404,FW,0.0002691847199837208,2.599072714541353,-0.028464143537516404,FW
140,0.017215967178344727,-12.643918411840826,0.02802707400583976,FW,0.00028430137200363416,2.5991455546636897,-0.02802707400583976,FW
141,0.017315149307250977,-12.643922395908625,0.029197426487882455,FW,0.0002612501799915899,2.5989425877742134,-0.029197426487882455,FW
142,0.01743912696838379,-12.643926209825091,0.028391827098720263,FW,0.00028452817798368734,2.5991873397191196,-0.028391827098720263,FW
143,0.017616987228393555,-12.643930248962507,0.02685182852194458,FW,0.00026012272011087344,2.599363006184511,-0.02685182852194458,FW
144,0.017776966094970703,-12.643933741347844,0.028029861334469525,FW,0.0002892466523211651,2.5990232287129658,-0.028029861334469525,FW
145,0.01793503761291504,-12.643937795119623,0.027746137103764154,FW,0.00027138329542525255,2.5988354764947488,-0.027746137103764154,FW
146,0.018090009689331055,-12.643941560038684,0.02715216663030222,FW,0.0002555586994352479,2.598661254898363,-0.02715216663030222,FW
147,0.018244266510009766,-12.643945029524875,0.028575896501615905,FW,0.0002557223498401073,2.5986663471430766,-0.028575896501615905,FW
148,0.018397092819213867,-12.64394868327258,0.02597306679071429,FW,0.00023964095218524854,2.598652663829417,-0.02597306679071429,FW
149,0.0185549259185791,-12.643951795377806,0.02707266176674411,FW,0.00027101421658554527,2.598347082484899,-0.02707266176674411,FW
150,0.0187070369720459,-12.643955463915912,0.02568751812127841,FW,0.00025330363279559514,2.5984303927996746,-0.02568751812127841,FW
151,0.01886296272277832,-12.643958717286745,0.026425498226665872,FW,0.0002570848969751004,2.5981147975291448,-0.026425498226665872,FW
152,0.019015073776245117,-12.64396211408499,0.02556034951843672,FW,0.00024057427639681949,2.5982878031984042,-0.02556034951843672,FW
153,0.019165992736816406,-12.643965188666284,0.02543753393407426,FW,0.00027406521998215607,2.5981219057735814,-0.02543753393407426,FW
154,0.019318103790283203,-12.643968674437954,0.025300276307444622,FW,0.00025088768737960976,2.598230126209927,-0.025300276307444622,FW
155,0.019450902938842773,-12.643971848201856,0.0255873453917691,FW,0.00023750980236754917,2.5980653930756836,-0.0255873453917691,FW
156,0.01952505111694336,-12.643974886824532,0.025737708732351164,FW,0.0002531714420202386,2.598155518639587,-0.025737708732351164,FW
157,0.01959514617919922,-12.643978144850951,0.02669706825990764,FW,0.0002682354421297662,2.598239313742428,-0.02669706825990764,FW
158,0.019665002822875977,-12.643981725400902,0.023968628560149405,FW,0.00024300592040763395,2.5981037980189248,-0.023968628560149405,FW
159,0.01974201202392578,-12.643984637660225,0.02452458877780901,FW,0.0002303464527023942,2.5980671622837495,-0.02452458877780901,FW
160,0.01981496810913086,-12.643987462236236,0.024856499563735993,FW,0.00025647837692183156,2.5980994282517447,-0.024856499563735993,FW
161,0.01988506317138672,-12.643990649813574,0.024784229311782646,FW,0.00025689308783753424,2.5980120640861486,-0.024784229311782646,FW
162,0.019954919815063477,-12.64399383326217,0.023891171290793864,FW,0.00023401078004959685,2.5978821860867045,-0.023891171290793864,FW
163,0.02002406120300293,-12.64399662865799,0.02397218115563643,FW,0.000234840496186088,2.5975875729706033,-0.02397218115563643,FW
164,0.02009296417236328,-12.643999443477446,0.024374968281738935,FW,0.0002252382796276883,2.597516854979294,-0.024374968281738935,FW
165,0.020161151885986328,-12.644002188565405,0.02391789178678476,FW,0.00023352237402693654,2.597624692279909,-0.02391789178678476,FW
166,0.020231008529663086,-12.644004981246843,0.0244916228855806,FW,0.0002510950978515252,2.5976122953853764,-0.0244916228855806,FW
167,0.020299196243286133,-12.644008056110057,0.02243017134140736,FW,0.00021429164106101547,2.597345933569686,-0.02243017134140736,FW
168,0.02036905288696289,-12.644010459409174,0.024008783125753497,FW,0.00022254913708181058,2.597378777809831,-0.024008783125753497,FW
169,0.020440101623535156,-12.64401313097616,0.02302666532542416,FW,0.00021779550709957442,2.597275534876696,-0.02302666532542416,FW
170,0.020509004592895508,-12.644015638528282,0.022671282408162366,FW,0.00020784864880424967,2.5974784243463103,-0.022671282408162366,FW
171,0.020579099655151367,-12.644017994625994,0.023012479502498837,FW,0.00022581032351314112,2.5974873398589526,-0.023012479502498837,FW
172,0.02064800262451172,-12.64402059285371,0.022498760483886562,FW,0.00021028414742886486,2.597326020696636,-0.022498760483886562,FW
173,0.020718097686767578,-12.644022958420045,0.023098031865046192,FW,0.00024066405454224764,2.597233298575492,-0.023098031865046192,FW
174,0.020787954330444336,-12.644025737853045,0.02193363858399007,FW,0.00021304801990195836,2.5970555113993954,-0.02193363858399007,FW
175,0.020856142044067383,-12.644028074312175,0.02355530492020147,FW,0.00020723162676268832,2.597150204218229,-0.02355530492020147,FW
176,0.020926952362060547,-12.644030515014261,0.022223887788515626,FW,0.00022355281694980437,2.5970379539187616,-0.022223887788515626,FW
177,0.02099609375,-12.644032999120618,0.020785246007665167,FW,0.00021012309254598777,2.596865720169972,-0.020785246007665167,FW
178,0.021064043045043945,-12.644035182850706,0.02164562834369188,FW,0.00021166353631607085,2.597012195266838,-0.02164562834369188,FW
179,0.0211331844329834,-12.644037473645831,0.021090970399188058,FW,0.00023124716839929127,2.597022592395066,-0.021090970399188058,FW
180,0.02120208740234375,-12.644039912259421,0.02233295715450269,FW,0.0002265238488974442,2.5969230156263694,-0.02233295715450269,FW
181,0.021271228790283203,-12.644042441733129,0.02178224217008387,FW,0.00021012439946825525,2.5968073914361742,-0.02178224217008387,FW
182,0.021338939666748047,-12.644044730223401,0.020434042157297966,FW,0.00019825945851081815,2.596774353075597,-0.020434042157297966,FW
183,0.0214080810546875,-12.644046755844473,0.02126957016531575,FW,0.0002261879028950053,2.5968529060442034,-0.02126957016531575,FW
184,0.021478891372680664,-12.644049161304206,0.019440439525834297,FW,0.00019990670156894602,2.596905115764778,-0.019440439525834297,FW
185,0.02154707908630371,-12.644051104441274,0.020913620979356312,FW,0.0002180954271202054,2.5969473589964083,-0.020913620979356312,FW
186,0.02161693572998047,-12.644053385023827,0.020988363237354618,FW,0.0002234429038600592,2.5968087774059874,-0.020988363237354618,FW
187,0.0216982364654541,-12.644055729874239,0.020271239529183846,FW,0.00019073541363237153,2.596430306355186,-0.020271239529183846,FW
188,0.02176690101623535,-12.644057663095865,0.020794501054124753,FW,0.0001882958019092882,2.5965908837216873,-0.020794501054124753,FW
189,0.021837234497070312,-12.644059620854492,0.020371061606055604,FW,0.0002085898806055028,2.5966834837797412,-0.020371061606055604,FW
190,0.021908044815063477,-12.644061745453147,0.020807800876125604,FW,0.00018833158018007534,2.5966403838584267,-0.020807800876125604,FW
191,0.021977901458740234,-12.644063704836158,0.020267756802027997,FW,0.00019140443304658535,2.596511665143013,-0.020267756802027997,FW
192,0.022047042846679688,-12.644065644505401,0.019495393175886014,FW,0.00019948570179237495,2.5962146528754437,-0.019495393175886014,FW
193,0.022116899490356445,-12.644067589031502,0.01946034814102074,FW,0.00019317887108912974,2.596313199503835,-0.01946034814102074,FW
194,0.022188186645507812,-12.644069468695543,0.019092418828279265,FW,0.00020335431264371272,2.596537933694662,-0.019092418828279265,FW
195,0.02225804328918457,-12.6440714099584,0.01937104067034484,FW,0.00020638351211584737,2.5962562465669743,-0.01937104067034484,FW
196,0.022325992584228516,-12.644073408890101,0.019116927742681325,FW,0.00019529712379952685,2.5961184186732025,-0.019116927742681325,FW
197,0.022396087646484375,-12.6440752756306,0.019827319965349824,FW,0.00019132706222067713,2.596158992893463,-0.019827319965349824,FW
198,0.022466182708740234,-12.644077172382042,0.019349451367120463,FW,0.00018221686279850969,2.5961914085909283,-0.019349451367120463,FW
199,0.0225369930267334,-12.644078935280206,0.018781510453291628,FW,0.0001825549925988848,2.5961969833899823,-0.018781510453291628,FW
200,0.022606849670410156,-12.64408064960946,0.018985601263502558,FW,0.00018931684132458715,2.5960564391290117,-0.018985601263502558,FW
201,0.022678136825561523,-12.644082446756485,0.017788745302624726,FW,0.0001712606398806866,2.5961038714436926,-0.017788745302624726,FW
202,0.02275991439819336,-12.644083970012437,0.018142097297105225,FW,0.00017982556559948675,2.5960156328062447,-0.018142097297105225,FW
203,0.022829055786132812,-12.644085601218896,0.01798039412639965,FW,0.00016990446137180528,2.5959362435487736,-0.01798039412639965,FW
204,0.022973060607910156,-12.64408712869348,0.01874856218307175,FW,0.00018145877228731598,2.5959932526296794,-0.01874856218307175,FW
205,0.023070096969604492,-12.644088829739024,0.018452491818078676,FW,0.0001738155706912122,2.5959108357430396,-0.018452491818078676,FW
206,0.023164987564086914,-12.64409043340422,0.018469435404107115,FW,0.00017536763766316923,2.59603569417149,-0.018469435404107115,FW
207,0.023259878158569336,-12.64409205287485,0.01701326913261643,FW,0.00017515475293147355,2.595837033269808,-0.01701326913261643,FW
208,0.02336406707763672,-12.644093542852321,0.017775397987959643,FW,0.0001755332168084445,2.5957805669781284,-0.017775397987959643,FW
209,0.02346205711364746,-12.644095102938717,0.018705402639173696,FW,0.00020023047026766904,2.595635063374889,-0.018705402639173696,FW
210,0.023556232452392578,-12.644096975634499,0.016478269203397566,FW,0.00017724176824300623,2.595748189362796,-0.016478269203397566,FW
211,0.023651123046875,-12.644098435953284,0.016913061178459365,FW,0.0001631916255719901,2.5956968368063382,-0.016913061178459365,FW
212,0.02374410629272461,-12.64409981598826,0.01840925107582106,FW,0.0001704807541483875,2.5956584319204143,-0.01840925107582106,FW
213,0.02444005012512207,-12.644101385199765,0.017416120944995117,FW,0.00018488059718373934,2.5954072219361115,-0.017416120944995117,FW
214,0.024697065353393555,-12.644102995151187,0.017000868087240092,FW,0.0001652851217501594,2.5953003787054287,-0.017000868087240092,FW
215,0.024878978729248047,-12.64410440014646,0.01624555678339315,FW,0.00016755211261813613,2.5953145216535423,-0.01624555678339315,FW
216,0.025038957595825195,-12.64410576113514,0.017146019487057546,FW,0.0001678563377871914,2.5953430947043112,-0.017146019487057546,FW
217,0.025194168090820312,-12.644107200169156,0.017368523605658034,FW,0.00017524651064201632,2.595400165653661,-0.017368523605658034,FW
218,0.025265932083129883,-12.644108722055734,0.01564166178101581,FW,0.00017203793194259562,2.5952275258856337,-0.01564166178101581,FW
219,0.02533721923828125,-12.644110067535305,0.016106010727338485,FW,0.00016204156420180285,2.5952089855327327,-0.016106010727338485,FW
220,0.0254061222076416,-12.64411137245689,0.01684856241903876,FW,0.00017081845216228303,2.5953304105573336,-0.01684856241903876,FW
221,0.02551102638244629,-12.644112811479571,0.01652308655400371,FW,0.00015211702329643502,2.5951514800331763,-0.01652308655400371,FW
222,0.025674104690551758,-12.644114068200942,0.016202819974356825,FW,0.00015843415325893722,2.595318849943673,-0.016202819974356825,FW
223,0.02585601806640625,-12.644115351740972,0.016493294891712265,FW,0.00015761741056525853,2.595105645214446,-0.016493294891712265,FW
224,0.026018142700195312,-12.644116651556189,0.015601529224907512,FW,0.00014153437885435884,2.595283345612193,-0.015601529224907512,FW
225,0.026174068450927734,-12.644117755632562,0.015200175593253956,FW,0.00015193094459991192,2.5950927357205003,-0.015200175593253956,FW
226,0.026327133178710938,-12.64411891032108,0.015572242336838557,FW,0.00014908368324782894,2.595085049932278,-0.015572242336838557,FW
227,0.026480913162231445,-12.644120071104705,0.01567217772338317,FW,0.000148794490724327,2.5951787014631145,-0.01567217772338317,FW
228,0.02663397789001465,-12.64412123707156,0.01581482424029955,FW,0.0001574940181612809,2.595084914985888,-0.01581482424029955,FW
229,0.026786088943481445,-12.644122482441665,0.015110178707796712,FW,0.00014810267982797882,2.595036290315512,-0.015110178707796712,FW
230,0.02693796157836914,-12.644123601370644,0.015263319819712962,FW,0.0001467297597663673,2.5948943704403806,-0.015263319819712962,FW
231,0.027090072631835938,-12.64412472116227,0.014744537260130863,FW,0.0001475117143677854,2.5946091487165033,-0.014744537260130863,FW
232,0.027241945266723633,-12.64412580865825,0.015448179699589115,FW,0.00016132515439789302,2.594835488424486,-0.015448179699589115,FW
233,0.02739691734313965,-12.644127054748237,0.014304473062894535,FW,0.00013075430896572861,2.594893136933213,-0.014304473062894535,FW
234,0.027584075927734375,-12.644127989933983,0.014961185181622955,FW,0.00014268466209756657,2.5949756763382936,-0.014961185181622955,FW
235,0.02773904800415039,-12.644129057299814,0.01597635762058222,FW,0.00014810168160611848,2.594837040840496,-0.01597635762058222,FW
236,0.02789306640625,-12.644130240362523,0.014836475639475918,FW,0.00014955339240985184,2.5945256433839226,-0.014836475639475918,FW
237,0.028045177459716797,-12.644131349785159,0.01397385119133146,FW,0.00014623646379814244,2.594681593796034,-0.01397385119133146,FW
238,0.028195858001708984,-12.644132371528455,0.013241275734342806,FW,0.00013686571718822362,2.594758945434561,-0.013241275734342806,FW
239,0.02834796905517578,-12.644133277666798,0.01532567782535281,FW,0.00016368421803270353,2.5947980151990757,-0.01532567782535281,FW
240,0.028497934341430664,-12.644134531952597,0.014625385457545742,FW,0.0001348603939658226,2.5944736585749175,-0.014625385457545742,FW
241,0.028649091720581055,-12.644135518145218,0.013962912149609444,FW,0.00013984733993159117,2.5943629448346917,-0.013962912149609444,FW
242,0.028796911239624023,-12.644136494483279,0.014217949442198341,FW,0.0001368771881073507,2.594632201160428,-0.014217949442198341,FW
243,0.028947114944458008,-12.644137467539746,0.014122261456882113,FW,0.00013125436213489214,2.5947244275539263,-0.014122261456882113,FW
244,0.029096126556396484,-12.644138394343955,0.0144020661303563,FW,0.00012933974631200223,2.5946384611683344,-0.0144020661303563,FW
245,0.029246091842651367,-12.64413932572375,0.012942063787068886,FW,0.0001275704875759548,2.594575044914773,-0.012942063787068886,FW
246,0.029397010803222656,-12.644140151236439,0.013448305433285374,FW,0.00012310390772034854,2.594551878848277,-0.013448305433285374,FW
247,0.029504060745239258,-12.644140979005916,0.013794689375284733,FW,0.00014025085723294836,2.594514470050378,-0.013794689375284733,FW
248,0.029577970504760742,-12.644141946364417,0.013353003273341685,FW,0.00013350887753948618,2.5946250260144867,-0.013353003273341685,FW
249,0.02965998649597168,-12.64414283773666,0.014003539266458698,FW,0.00013743616466522067,2.5945000391038224,-0.014003539266458698,FW
250,0.02973008155822754,-12.644143800033028,0.013616661827845739,FW,0.000130907664576791,2.5943433114883225,-0.013616661827845739,FW
251,0.02979898452758789,-12.644144691295729,0.013397116073697674,FW,0.00012808194285638386,2.59425726943668,-0.013397116073697674,FW
252,0.029868125915527344,-12.644145549260058,0.012889906426007527,FW,0.00012346673883358185,2.5942576960655024,-0.012889906426007527,FW
253,0.029937028884887695,-12.644146344997404,0.012981337498866014,FW,0.00012777610935280306,2.594167465433505,-0.012981337498866014,FW
254,0.03000497817993164,-12.644147174349806,0.013472456511160733,FW,0.0001295522111529187,2.5942467498659028,-0.013472456511160733,FW
255,0.0300750732421875,-12.644148047043075,0.01270889578015326,FW,0.00013887779757002904,2.5941674401235564,-0.01270889578015326,FW
256,0.03014516830444336,-12.644148929534799,0.012487837227278559,FW,0.00012806068946883984,2.594141821378605,-0.012487837227278559,FW
257,0.03021407127380371,-12.644149729135325,0.013123508679646595,FW,0.0001272727906466321,2.594127521329546,-0.013123508679646595,FW
258,0.030282020568847656,-12.644150564268106,0.012855395845730977,FW,0.00013570844141672374,2.594011325836492,-0.012855395845730977,FW
259,0.030350923538208008,-12.644151436560975,0.012473746590600035,FW,0.0001248150327267142,2.5940414226406507,-0.012473746590600035,FW
260,0.030419111251831055,-12.644152215016527,0.013111908938027092,FW,0.0001239380611350044,2.5941065065617637,-0.013111908938027092,FW
261,0.030489206314086914,-12.644153027548807,0.012659625117874634,FW,0.0001197555414613685,2.5940552544381585,-0.012659625117874634,FW
262,0.030556917190551758,-12.644153785578943,0.012126670295895037,FW,0.00011227036093578454,2.5939915884753972,-0.012126670295895037,FW
263,0.03062725067138672,-12.644154466311766,0.012283086633812446,FW,0.00011727996112434421,2.593924483044689,-0.012283086633812446,FW
264,0.03069591522216797,-12.644155186591725,0.0118663503258057,FW,0.00011814129205872843,2.5939577654824957,-0.0118663503258057,FW
265,0.030766963958740234,-12.644155887544708,0.012003672587660205,FW,0.00012842002587159953,2.594072019718228,-0.012003672587660205,FW
266,0.030836105346679688,-12.644156658300679,0.011901086133222355,FW,0.0001078975524230128,2.5938962575129496,-0.011901086133222355,FW
267,0.030904054641723633,-12.644157300349706,0.01257481641972008,FW,0.00012305299740351147,2.5937855783109027,-0.01257481641972008,FW
268,0.030971050262451172,-12.644158074034136,0.0118729813879557,FW,0.00012044496029271125,2.593785129871466,-0.0118729813879557,FW
269,0.031040191650390625,-12.644158789054522,0.011702618431410267,FW,0.00011844459133264517,2.5939046869530773,-0.011702618431410267,FW
270,0.031198978424072266,-12.644159482110451,0.011128064372075253,FW,0.000109705530940665,2.593880939072824,-0.011128064372075253,FW
271,0.031356096267700195,-12.644160092515556,0.01188448404285708,FW,0.000115935328362224,2.593673873754608,-0.01188448404285708,FW
272,0.03150796890258789,-12.644160781431333,0.011763266316886789,FW,0.00011523804919567655,2.59380484587209,-0.011763266316886789,FW
273,0.03162503242492676,-12.644161459219273,0.011446519278629524,FW,0.00011986471126761503,2.5937601814701963,-0.011446519278629524,FW
274,0.03169703483581543,-12.644162145236127,0.011015603223796813,FW,0.0001014328755701004,2.5937899261284274,-0.011015603223796813,FW
275,0.0317692756652832,-12.64416270390829,0.01184563681297282,FW,0.00011881257568602707,2.593751696233877,-0.01184563681297282,FW
276,0.03183794021606445,-12.644163407613597,0.01132959906257644,FW,0.00011679521567650345,2.59374691549404,-0.01132959906257644,FW
277,0.03190803527832031,-12.644164069235083,0.010907890792677136,FW,9.926686028566792e-05,2.59355407229895,-0.010907890792677136,FW
278,0.03197908401489258,-12.644164610631115,0.010742883825761829,FW,0.00011095748954984532,2.5937867989112107,-0.010742883825761829,FW
279,0.03204798698425293,-12.644165206632826,0.011563788838236,FW,0.00011025872833899637,2.593726789881478,-0.011563788838236,FW
280,0.03211808204650879,-12.644165844137154,0.010739758310731776,FW,0.00010171782153760962,2.593675909754627,-0.010739758310731776,FW
281,0.03218793869018555,-12.644166390349564,0.010784661856784228,FW,0.00010222620985292207,2.5936117200159066,-0.010784661856784228,FW
282,0.032258033752441406,-12.64416694158712,0.01062326883625661,FW,0.00011417433674337511,2.5935217849749983,-0.01062326883625661,FW
283,0.03232908248901367,-12.644167548039452,0.010730854880757146,FW,0.00011431413024163805,2.5935576001898584,-0.010730854880757146,FW
284,0.032398223876953125,-12.644168161383622,0.011190087701029847,FW,0.00011576976808097776,2.5933800202688175,-0.011190087701029847,FW
285,0.03246808052062988,-12.644168809120552,0.010365582438058976,FW,9.610007547778451e-05,2.59338108484336,-0.010365582438058976,FW
286,0.032537221908569336,-12.644169307187179,0.010583907666215198,FW,9.867095656936199e-05,2.5935405432767435,-0.010583907666215198,FW
287,0.032607078552246094,-12.644169829349329,0.010682147344786397,FW,0.00011571195043122414,2.5934472549892345,-0.010682147344786397,FW
288,0.032675981521606445,-12.644170447375378,0.010352266259377213,FW,0.00010085308302702165,2.5934134427600495,-0.010352266259377213,FW
289,0.032746076583862305,-12.64417096940436,0.00996147326789154,FW,9.613636020514516e-05,2.593421510328493,-0.00996147326789154,FW
290,0.032814979553222656,-12.644171448234257,0.010490420394188418,FW,9.778461689834316e-05,2.5933103194332676,-0.010490420394188418,FW
291,0.03288412094116211,-12.644171961135127,0.010637349919667943,FW,0.00010143872196116735,2.593350500765055,-0.010637349919667943,FW
292,0.03295397758483887,-12.64417250065471,0.010698922601172015,FW,0.00010148587124249374,2.59336857870824,-0.010698922601172015,FW
293,0.03302407264709473,-12.644173043549454,0.009444123254996911,FW,9.452773570699805e-05,2.5932589745477577,-0.009444123254996911,FW
294,0.0330960750579834,-12.644173489915246,0.009733543432406094,FW,0.00010058289918134508,2.593300122128513,-0.009733543432406094,FW
295,0.03316688537597656,-12.644173979429258,0.01026518030554438,FW,9.753187986136325e-05,2.5931719462139675,-0.01026518030554438,FW
296,0.03323698043823242,-12.644174480020421,0.009723077681402945,FW,0.00010260251985401347,2.5931322125301275,-0.009723077681402945,FW
297,0.03330707550048828,-12.644174978826557,0.01030975545582985,FW,9.611184664059844e-05,2.5931689949983774,-0.01030975545582985,FW
298,0.03337597846984863,-12.644175474271375,0.00923696986664961,FW,9.386286636774004e-05,2.5932461670153613,-0.00923696986664961,FW
299,0.033444881439208984,-12.644175907775614,0.009784752083016823,FW,9.013252734449054e-05,2.593122127352814,-0.009784752083016823,FW
300,0.03351616859436035,-12.644176348737828,0.01004236919863602,FW,9.062259789267598e-05,2.5931121678625337,-0.01004236919863602,FW
301,0.03359794616699219,-12.644176803770623,0.009858773007381277,FW,9.654248991454238e-05,2.593126561322862,-0.009858773007381277,FW
302,0.03366827964782715,-12.644177279665865,0.009127823447574498,FW,9.176428339445848e-05,2.5930572277831123,-0.009127823447574498,FW
303,0.03373599052429199,-12.644177698469953,0.008993104541561714,FW,8.925515482916145e-05,2.593061876678886,-0.008993104541561714,FW
304,0.03380608558654785,-12.644178099810425,0.00971381345433596,FW,9.883318659265896e-05,2.5930575564962783,-0.00971381345433596,FW
305,0.03387713432312012,-12.644178579833998,0.00936852706423473,FW,9.254147129475719e-05,2.592897946117666,-0.00936852706423473,FW
306,0.03394508361816406,-12.644179013322635,0.008859352714183838,FW,9.10561791451242e-05,2.592986869575916,-0.008859352714183838,FW
307,0.034013986587524414,-12.644179416672031,0.009586056656667022,FW,9.296075280232985e-05,2.5930455165523805,-0.009586056656667022,FW
308,0.03408312797546387,-12.644179862235555,0.008938867046266563,FW,9.08503047297052e-05,2.5929091150380312,-0.008938867046266563,FW
309,0.03415513038635254,-12.644180268284956,0.009078681981277759,FW,9.018382712414619e-05,2.5929846793909683,-0.009078681981277759,FW
310,0.0342259407043457,-12.6441806776601,0.009051365634775932,FW,8.367342139063725e-05,2.5929126184564653,-0.009051365634775932,FW
311,0.03429412841796875,-12.64418105633947,0.008634310101216666,FW,8.334233070322318e-05,2.592989720947717,-0.008634310101216666,FW
312,0.034364938735961914,-12.64418141614123,0.009032365039455814,FW,9.224665009657977e-05,2.592919360590158,-0.009032365039455814,FW
313,0.03443503379821777,-12.644181832743937,0.008715279600776699,FW,9.018287104892027e-05,2.592948560981108,-0.008715279600776699,FW
314,0.03450512886047363,-12.644182225728406,0.009173587628795846,FW,8.870335488486872e-05,2.5928145681296613,-0.009173587628795846,FW
315,0.0345768928527832,-12.644182632592404,0.008159133341437946,FW,7.702775016320699e-05,2.5928381908141973,-0.008159133341437946,FW
316,0.034646034240722656,-12.644182946832245,0.008729196534606395,FW,8.35648521504038e-05,2.592885265467966,-0.008729196534606395,FW
317,0.034715890884399414,-12.644183311559255,0.008701642243980234,FW,8.743719358073708e-05,2.592902363085186,-0.008701642243980234,FW
318,0.034786224365234375,-12.644183691982851,0.008767495608706266,FW,9.06992779014692e-05,2.592917516439768,-0.008767495608706266,FW
319,0.03485608100891113,-12.6441840895856,0.008666374025720944,FW,8.615103523389764e-05,2.59275068575897,-0.008666374025720944,FW
320,0.03492617607116699,-12.644184462894154,0.008236292936538048,FW,8.153385614845372e-05,2.5927179234304583,-0.008236292936538048,FW
321,0.034998178482055664,-12.644184798662517,0.008180601087175665,FW,7.588728604048584e-05,2.5927567475854287,-0.008180601087175665,FW
322,0.03506898880004883,-12.644185109064324,0.00814434024706101,FW,7.268217651144849e-05,2.592811313405905,-0.00814434024706101,FW
323,0.03513908386230469,-12.644185405038506,0.009107120168366928,FW,8.59847250942505e-05,2.592774613490144,-0.009107120168366928,FW
324,0.035208940505981445,-12.644185796575119,0.008166307628645925,FW,7.408786119731654e-05,2.5927472923818766,-0.008166307628645925,FW
325,0.035279035568237305,-12.644186099087253,0.008103639612554808,FW,7.816801118759577e-05,2.5926849864600845,-0.008103639612554808,FW
326,0.035349130630493164,-12.644186415809953,0.008154665608141001,FW,8.08963988734736e-05,2.5926141284752964,-0.008154665608141001,FW
327,0.03541994094848633,-12.644186745651494,0.007550172404274316,FW,7.933424452203119e-05,2.5926785287150538,-0.007550172404274316,FW
328,0.035491228103637695,-12.644187045145104,0.008112059872903948,FW,8.218885376128551e-05,2.592592539018309,-0.008112059872903948,FW
329,0.035568952560424805,-12.644187378505555,0.008565731037078667,FW,8.58168181670336e-05,2.592704572099097,-0.008565731037078667,FW
330,0.03564119338989258,-12.644187746047445,0.007716537816551586,FW,6.847949581666446e-05,2.5926295633702097,-0.007716537816551586,FW
331,0.035711050033569336,-12.644188010259755,0.00799392532332642,FW,7.452305078230434e-05,2.592609901734634,-0.00799392532332642,FW
332,0.035791873931884766,-12.6441883081256,0.007817635139158313,FW,8.172048725597588e-05,2.5925881413595553,-0.007817635139158313,FW
333,0.03586316108703613,-12.644188627556083,0.007693566303232105,FW,7.449231788922126e-05,2.5924584083759723,-0.007693566303232105,FW
334,0.03593301773071289,-12.644188914111876,0.007566343646229656,FW,6.93281275950348e-05,2.592468525619996,-0.007566343646229656,FW
335,0.036003828048706055,-12.644189176392096,0.007692721929251398,FW,7.249668995281145e-05,2.592539425165251,-0.007692721929251398,FW
336,0.03607511520385742,-12.64418945524053,0.0078054391530907735,FW,7.862218083525461e-05,2.592601610680774,-0.0078054391530907735,FW
337,0.03614497184753418,-12.644189762080854,0.007104179182647635,FW,6.487765502021749e-05,2.5926260252777333,-0.007104179182647635,FW
338,0.03621506690979004,-12.644189992532104,0.007634562906710662,FW,8.079920250773996e-05,2.592542582162035,-0.007634562906710662,FW
339,0.03628396987915039,-12.644190300965397,0.007944784421087439,FW,7.078553022633203e-05,2.592464382021597,-0.007944784421087439,FW
340,0.03635406494140625,-12.644190582153287,0.007361068931756046,FW,6.779881497928102e-05,2.5924861871764295,-0.007361068931756046,FW
341,0.036425113677978516,-12.644190831689164,0.007045086125419445,FW,6.990011005820976e-05,2.592514870285637,-0.007045086125419445,FW
342,0.03649497032165527,-12.644191077915307,0.007345855725002265,FW,7.621337362978146e-05,2.5924422076530003,-0.007345855725002265,FW
343,0.03656721115112305,-12.644191357841537,0.007061891394829697,FW,6.71521212985742e-05,2.592427564466581,-0.007061891394829697,FW
344,0.03663802146911621,-12.644191594952026,0.0076083061640669775,FW,7.265426998051662e-05,2.5924278815618433,-0.0076083061640669775,FW
345,0.03670787811279297,-12.644191871339993,0.007434937155444771,FW,6.964171693971152e-05,2.5924334020160975,-0.007434937155444771,FW
346,0.036779165267944336,-12.644192130230888,0.006787778768528527,FW,6.946677597319725e-05,2.5924170476340036,-0.006787778768528527,FW
347,0.036849021911621094,-12.644192365993442,0.00696942652989091,FW,6.851890376219262e-05,2.5923868281229696,-0.00696942652989091,FW
348,0.03691911697387695,-12.644192604762173,0.0071585595693404724,FW,6.787102401170288e-05,2.5924058276799222,-0.0071585595693404724,FW
349,0.036991119384765625,-12.644192847691553,0.007146663692792002,FW,7.080937458461607e-05,2.5923805975895466,-0.007146663692792002,FW
350,0.03706192970275879,-12.644193100716949,0.00690202565342779,FW,6.973686252105252e-05,2.592432768770684,-0.00690202565342779,FW
351,0.03713417053222656,-12.64419334137976,0.007245634487561714,FW,6.813875459038637e-05,2.592286797108558,-0.007245634487561714,FW
352,0.03720402717590332,-12.644193588234018,0.006788075744468963,FW,6.90673168009178e-05,2.5922233511894253,-0.006788075744468963,FW
353,0.0372769832611084,-12.644193822651104,0.006817992397447292,FW,6.766346015355006e-05,2.592351958036026,-0.006817992397447292,FW
354,0.03734707832336426,-12.644194053315582,0.006577689688653271,FW,7.221160348312669e-05,2.5923382398407453,-0.006577689688653271,FW
355,0.03741812705993652,-12.64419429080834,0.006519026213304954,FW,6.228101571562342e-05,2.592350693767077,-0.006519026213304954,FW
356,0.03748798370361328,-12.644194493814123,0.0070134295786522804,FW,6.706754193078856e-05,2.592249342416306,-0.0070134295786522804,FW
357,0.03757214546203613,-12.644194729000871,0.006761703465483854,FW,6.536736391415792e-05,2.5922589270976992,-0.006761703465483854,FW
358,0.037641048431396484,-12.644194949998234,0.006386500883692206,FW,6.14186067640674e-05,2.592199805031811,-0.006386500883692206,FW
359,0.03771018981933594,-12.644195146123225,0.006557920909054549,FW,7.113483841119438e-05,2.5922101445877956,-0.006557920909054549,FW
360,0.03777790069580078,-12.644195379371544,0.006686538516512228,FW,6.733515494926241e-05,2.5921752662456363,-0.006686538516512228,FW
361,0.03784513473510742,-12.644195604491108,0.006415061791757257,FW,6.972783077976282e-05,2.5921708739596943,-0.006415061791757257,FW
362,0.03791308403015137,-12.64419582814527,0.006766549415706188,FW,6.45306708172787e-05,2.5921281201720423,-0.006766549415706188,FW
363,0.03798103332519531,-12.644196046470261,0.0064922610221362365,FW,6.745346756806881e-05,2.592183651028065,-0.0064922610221362365,FW
364,0.03804802894592285,-12.644196265433019,0.006221661827846295,FW,6.521098005577167e-05,2.592206393867464,-0.006221661827846295,FW
365,0.03811788558959961,-12.644196468293355,0.0064160159026935976,FW,6.169728631153853e-05,2.5921529928590887,-0.0064160159026935976,FW
366,0.03818511962890625,-12.644196666218738,0.006207595597635687,FW,6.0720687715512645e-05,2.5921497120000088,-0.006207595597635687,FW
367,0.03825688362121582,-12.64419685468347,0.006472884684111599,FW,6.171054358300478e-05,2.5921473940974673,-0.006472884684111599,FW
368,0.03832507133483887,-12.644197054406087,0.006119549730327495,FW,5.6737232112198354e-05,2.592178647586533,-0.006119549730327495,FW
369,0.038393259048461914,-12.644197228009247,0.0061743531049476275,FW,6.0057039510704744e-05,2.59214779312254,-0.0061743531049476275,FW
370,0.03846096992492676,-12.644197413415933,0.005924493090322586,FW,5.9523677438562744e-05,2.5920413840315146,-0.005924493090322586,FW
371,0.03853011131286621,-12.644197589739738,0.006267848209326271,FW,5.917956421569782e-05,2.5919658486342225,-0.006267848209326271,FW
372,0.038596153259277344,-12.644197775204006,0.0060362885744904005,FW,5.668723901921912e-05,2.5920032772360444,-0.0060362885744904005,FW
373,0.038665056228637695,-12.644197946294273,0.005917900917827332,FW,6.175671978100876e-05,2.5920053635134845,-0.005917900917827332,FW
374,0.038732051849365234,-12.64419812902934,0.005893217178589261,FW,5.7017868537611745e-05,2.592004780507382,-0.005893217178589261,FW
375,0.03880000114440918,-12.644198297038683,0.006179194697991455,FW,5.805672411233681e-05,2.5919733075718216,-0.006179194697991455,FW
376,0.038867950439453125,-12.644198476410583,0.005865540430908978,FW,5.398227215597113e-05,2.591936407177674,-0.005865540430908978,FW
377,0.038938045501708984,-12.644198634728186,0.005553953255196642,FW,5.545205875496253e-05,2.591954994130085,-0.005553953255196642,FW
378,0.03900599479675293,-12.644198788717254,0.005849224473777032,FW,5.8619052391646125e-05,2.592006449390282,-0.005849224473777032,FW
379,0.03907418251037598,-12.644198960155252,0.005796086372579196,FW,5.900637603922957e-05,2.591934325006334,-0.005796086372579196,FW
380,0.03914308547973633,-12.644199131158281,0.0057331119860882795,FW,5.7903414691970546e-05,2.591931972890942,-0.0057331119860882795,FW
381,0.03921103477478027,-12.644199297141657,0.005887608172923109,FW,5.4289876194181894e-05,2.5919005864647398,-0.005887608172923109,FW
382,0.039278268814086914,-12.64419945696042,0.0056824878461746164,FW,5.828949630196556e-05,2.591924399022592,-0.0056824878461746164,FW
383,0.03934812545776367,-12.644199622575098,0.005541408254624458,FW,5.618762248588333e-05,2.591928471385736,-0.005541408254624458,FW
384,0.03942608833312988,-12.644199778254373,0.005505905038998463,FW,5.274167680862143e-05,2.5917740106266867,-0.005505905038998463,FW
385,0.03949999809265137,-12.644199923449703,0.005605371157275579,FW,5.335858378975919e-05,2.5918162388738644,-0.005605371157275579,FW
386,0.039695024490356445,-12.644200072997037,0.005795912978312848,FW,5.3955332826028416e-05,2.591856843704346,-0.005795912978312848,FW
387,0.03977513313293457,-12.644200229357246,0.005559837452652344,FW,5.42478178946049e-05,2.5918820298571044,-0.005559837452652344,FW
388,0.03987002372741699,-12.644200380161772,0.005386502731574483,FW,5.761905061658542e-05,2.591903620597093,-0.005386502731574483,FW
389,0.03998303413391113,-12.644200535344362,0.005528828483721493,FW,5.325956184749341e-05,2.5918468764047944,-0.005528828483721493,FW
390,0.040081024169921875,-12.644200682575848,0.005533744797592194,FW,5.291458356484771e-05,2.5918100091131295,-0.005533744797592194,FW
391,0.04022407531738281,-12.644200828983756,0.0055115018452176895,FW,5.3524879303658075e-05,2.5918589594368795,-0.0055115018452176895,FW
392,0.04031705856323242,-12.64420097648499,0.005326433311967582,FW,5.519735018533093e-05,2.5918582180853518,-0.005326433311967582,FW
393,0.040415048599243164,-12.644201123487482,0.005641504861183311,FW,5.4233563665656455e-05,2.591825907631437,-0.005641504861183311,FW
394,0.04051613807678223,-12.644201276466948,0.005582676747148019,FW,5.38651579710192e-05,2.5918111015278247,-0.005582676747148019,FW
395,0.040611982345581055,-12.644201426822823,0.00545508939844333,FW,5.0800092870432076e-05,2.5918489197925734,-0.00545508939844333,FW
396,0.04070901870727539,-12.64420156538235,0.005353754450354603,FW,5.0873930252094694e-05,2.5918295466251036,-0.005353754450354603,FW
397,0.04080486297607422,-12.644201701565613,0.005236559264757412,FW,5.1844789053585675e-05,2.59185253417793,-0.005236559264757412,FW
398,0.04090404510498047,-12.644201837309776,0.005135316928044892,FW,4.9483360516518955e-05,2.5919392191514747,-0.005135316928044892,FW
399,0.04100990295410156,-12.644201964366147,0.0054506899005555,FW,5.44219766534858e-05,2.5919071855102795,-0.0054506899005555,FW
400,0.04110217094421387,-12.644202112684804,0.005166493419359264,FW,5.37942121707335e-05,2.5918850632704533,-0.005166493419359264,FW
401,0.0411982536315918,-12.644202251648522,0.0055051203622760725,FW,5.47805495041022e-05,2.5917825160261128,-0.0055051203622760725,FW
402,0.04129481315612793,-12.644202402435281,0.0053199755654301795,FW,4.891712922389246e-05,2.5917793080454077,-0.0053199755654301795,FW
403,0.041390180587768555,-12.644202532554242,0.00555152460034028,FW,5.387644737499281e-05,2.591797506529884,-0.00555152460034028,FW
404,0.041486263275146484,-12.644202682102465,0.005088314383409037,FW,5.227383110384631e-05,2.591874874148287,-0.005088314383409037,FW
405,0.04159116744995117,-12.644202815095305,0.004857932586405225,FW,5.093767526552569e-05,2.5918101766017534,-0.004857932586405225,FW
406,0.041886091232299805,-12.644202938821195,0.005269894196711922,FW,5.392830274290151e-05,2.591884904963599,-0.005269894196711922,FW
407,0.04197502136230469,-12.644203080919421,0.005551966165466812,FW,5.1034777623568985e-05,2.591719994603123,-0.005551966165466812,FW
408,0.04206204414367676,-12.644203222591102,0.005364537823940876,FW,5.461239480238696e-05,2.5918266319277805,-0.005364537823940876,FW
409,0.04215884208679199,-12.644203369076228,0.004870196224899523,FW,5.0855955297953935e-05,2.5918046851516903,-0.004870196224899523,FW
410,0.042391061782836914,-12.64420349291547,0.005152694131138891,FW,4.931868575383995e-05,2.5918356227435204,-0.005152694131138891,FW
411,0.04262518882751465,-12.644203619977526,0.005552328896647071,FW,5.615821568576677e-05,2.591877348741616,-0.005552328896647071,FW
412,0.04279208183288574,-12.644203775881964,0.004981129995096464,FW,5.28978556299313e-05,2.591746018007733,-0.004981129995096464,FW
413,0.04300403594970703,-12.644203907627512,0.00527662424560188,FW,5.1183323699841204e-05,2.591781415682436,-0.00527662424560188,FW
414,0.043196916580200195,-12.6442040426651,0.005054435497927862,FW,4.741083343026189e-05,2.5917620119701246,-0.005054435497927862,FW
415,0.0433650016784668,-12.6442041624826,0.005134204277563226,FW,5.047488889524155e-05,2.591818737614389,-0.005134204277563226,FW
416,0.04349184036254883,-12.644204292056788,0.0050521033819466155,FW,4.900072900217819e-05,2.5918305584858974,-0.0050521033819466155,FW
417,0.04356503486633301,-12.644204415835167,0.005183176762444799,FW,5.472416361622039e-05,2.5917046203450953,-0.005183176762444799,FW
418,0.04363512992858887,-12.644204557657677,0.004782259855483473,FW,5.066044342297277e-05,2.5917105358900367,-0.004782259855483473,FW
419,0.04370594024658203,-12.644204678793376,0.004832686019484389,FW,4.989875665550563e-05,2.591719640924041,-0.004832686019484389,FW
420,0.04377603530883789,-12.644204799365887,0.00530775472406847,FW,5.497206506383448e-05,2.591775538287061,-0.00530775472406847,FW
421,0.04384589195251465,-12.644204945255,0.0050438414302891865,FW,4.785206458690146e-05,2.5917397303656458,-0.0050438414302891865,FW
422,0.0439150333404541,-12.644205065934123,0.00528045855010896,FW,5.036619149784512e-05,2.5917518205135885,-0.00528045855010896,FW
423,0.04398488998413086,-12.644205198912413,0.005072815222460655,FW,5.1270802994267164e-05,2.591701469932124,-0.005072815222460655,FW
424,0.04405403137207031,-12.644205328956062,0.004697993922516658,FW,4.693241063276127e-05,2.591731823684872,-0.004697993922516658,FW
425,0.04412198066711426,-12.64420543920016,0.004750368545007627,FW,4.648838089171092e-05,2.5917311444165825,-0.004750368545007627,FW
426,0.04419207572937012,-12.644205549618631,0.004956146859423624,FW,4.5754599575702613e-05,2.5917303446136852,-0.004956146859423624,FW
427,0.04426097869873047,-12.644205663001888,0.005199015870373289,FW,5.175113084116691e-05,2.59174186227355,-0.005199015870373289,FW
428,0.044332027435302734,-12.64420579752936,0.004826219625194958,FW,4.729168049704055e-05,2.5917407416673,-0.004826219625194958,FW
429,0.044400930404663086,-12.64420591164938,0.004914933916585998,FW,4.5370348571355524e-05,2.591679373282135,-0.004914933916585998,FW
430,0.04447007179260254,-12.644206023145511,0.004808636581368625,FW,4.8453369911896326e-05,2.5917252399664132,-0.004808636581368625,FW
431,0.0445399284362793,-12.64420613964284,0.004958740098976927,FW,4.9091758039430436e-05,2.591753405807136,-0.004958740098976927,FW
432,0.04460906982421875,-12.644206261359473,0.0048414396850652575,FW,4.55749615253887e-05,2.5917060674737553,-0.0048414396850652575,FW
433,0.04467892646789551,-12.644206371683683,0.00463928714030909,FW,4.417224626207297e-05,2.5917147539679943,-0.00463928714030909,FW
434,0.044747114181518555,-12.644206474147552,0.004829096365281421,FW,5.243588291493334e-05,2.59173899267328,-0.004829096365281421,FW
435,0.04481792449951172,-12.644206600756522,0.004920694838151107,FW,4.861478842430575e-05,2.5916908724128116,-0.004920694838151107,FW
436,0.044889211654663086,-12.644206720365792,0.005052230911307243,FW,4.806565191680682e-05,2.591647729292527,-0.005052230911307243,FW
437,0.044959068298339844,-12.644206841785168,0.004622143721590005,FW,4.585075249199289e-05,2.5916960271395797,-0.004622143721590005,FW
438,0.04502987861633301,-12.644206947749558,0.0048795823284298045,FW,4.845933912479594e-05,2.591701027772706,-0.0048795823284298045,FW
439,0.04509711265563965,-12.644207065980225,0.004804663817760096,FW,5.449769066283674e-05,2.591707617075009,-0.004804663817760096,FW
440,0.0451662540435791,-12.644207196901764,0.004584582405584667,FW,4.9850579921315103e-05,2.591646150213511,-0.004584582405584667,FW
441,0.04523491859436035,-12.644207311173815,0.004693698436170068,FW,5.123050296800097e-05,2.591633506767554,-0.004693698436170068,FW
442,0.04530525207519531,-12.644207431404075,0.004835440159757148,FW,4.523105916588224e-05,2.5916233026074362,-0.004835440159757148,FW
443,0.04537391662597656,-12.644207540760114,0.004838011035398798,FW,4.905371208582352e-05,2.5916521747278742,-0.004838011035398798,FW
444,0.045452117919921875,-12.644207659421314,0.004577333227330407,FW,4.54681683835787e-05,2.591652834477578,-0.004577333227330407,FW
445,0.04552197456359863,-12.644207763482795,0.0045488033291216645,FW,4.876608100587411e-05,2.591672320503337,-0.0045488033291216645,FW
446,0.04558897018432617,-12.644207874396454,0.004633775899499759,FW,4.7230704490273227e-05,2.591670715177092,-0.004633775899499759,FW
447,0.04565906524658203,-12.644207983824707,0.004765023907558064,FW,5.064795064882683e-05,2.5916794354814927,-0.004765023907558064,FW
448,0.04572701454162598,-12.644208104494048,0.004615880021919788,FW,4.994629568930637e-05,2.591602237829532,-0.004615880021919788,FW
449,0.045796871185302734,-12.644208219767105,0.004483054751792517,FW,4.500067850782158e-05,2.5916019619215174,-0.004483054751792517,FW
450,0.045867204666137695,-12.644208320637352,0.004680398297036231,FW,4.4092243145461126e-05,2.5916147252188044,-0.004680398297036231,FW
451,0.04593801498413086,-12.644208423821988,0.004849265938971045,FW,4.9408577495854365e-05,2.591658858276475,-0.004849265938971045,FW
452,0.04600715637207031,-12.64420854361965,0.00465396916489258,FW,4.54218196966877e-05,2.591643143720127,-0.00465396916489258,FW
453,0.046076059341430664,-12.64420864931553,0.0045794202224751085,FW,4.734826538187448e-05,2.591610895095939,-0.0045794202224751085,FW
454,0.04614520072937012,-12.644208757729327,0.004333871076436263,FW,3.9402153524099907e-05,2.5915694131565536,-0.004333871076436263,FW
455,0.04621601104736328,-12.644208843111256,0.004478858787847553,FW,4.229398873879911e-05,2.5915450198143852,-0.004478858787847553,FW
456,0.046285152435302734,-12.644208937825654,0.004622326264140816,FW,4.4263200963346305e-05,2.591574385882492,-0.004622326264140816,FW
457,0.0463559627532959,-12.644209040125137,0.004674213742571251,FW,4.078540543265401e-05,2.5916022081015706,-0.004674213742571251,FW
458,0.046425819396972656,-12.64420913544499,0.0046603337336465905,FW,4.444621763673247e-05,2.591598333786011,-0.0046603337336465905,FW
459,0.04649615287780762,-12.644209239012087,0.0040969684148534635,FW,4.140479948504284e-05,2.5916081321795392,-0.0040969684148534635,FW
460,0.04656505584716797,-12.644209323829166,0.004600406671875112,FW,4.135646040992874e-05,2.5915834215538402,-0.004600406671875112,FW
461,0.04663515090942383,-12.64420941895743,0.004305548287736022,FW,4.030957906896788e-05,2.5915802554906295,-0.004305548287736022,FW
462,0.0467069149017334,-12.644209505734858,0.004523439047212405,FW,4.544194297926931e-05,2.59160342111474,-0.004523439047212405,FW
463,0.04677605628967285,-12.644209608511785,0.00432498960865052,FW,4.682262770915241e-05,2.591621197986953,-0.00432498960865052,FW
464,0.04684591293334961,-12.644209709765475,0.0046218013261463825,FW,4.595876171064426e-05,2.5915813750933894,-0.0046218013261463825,FW
465,0.04691505432128906,-12.644209815971605,0.004217600362155044,FW,4.036643064870185e-05,2.5915495001563453,-0.004217600362155044,FW
466,0.046983957290649414,-12.644209901096346,0.004705256560084026,FW,4.446416071847556e-05,2.591489225868155,-0.004705256560084026,FW
467,0.04705405235290527,-12.64421000570399,0.00428527744729712,FW,3.673570279975485e-05,2.5915914900101567,-0.00428527744729712,FW
468,0.04712200164794922,-12.644210084415324,0.004207741100457518,FW,4.103903364144149e-05,2.5916448636314353,-0.004207741100457518,FW
469,0.04719114303588867,-12.644210170756134,0.004438559785881646,FW,4.264722685718829e-05,2.5915768691132626,-0.004438559785881646,FW
470,0.04726004600524902,-12.644210265402272,0.004278857162306929,FW,4.283589592595868e-05,2.5915437059418736,-0.004278857162306929,FW
471,0.04732918739318848,-12.644210357046614,0.004272292263349714,FW,4.0912467021572894e-05,2.591538392008356,-0.004272292263349714,FW
472,0.047405242919921875,-12.644210444441619,0.004102331954306482,FW,4.1049184140369923e-05,2.5915848548059666,-0.004102331954306482,FW
473,0.04747295379638672,-12.64421052864031,0.004405485879757781,FW,4.258825888142082e-05,2.591663332379018,-0.004405485879757781,FW
474,0.04754304885864258,-12.644210622451295,0.0044568807506285835,FW,4.366443015171496e-05,2.59159392911023,-0.0044568807506285835,FW
475,0.04761195182800293,-12.644210719754872,0.004279808958872727,FW,4.1422638859789754e-05,2.5915189429943926,-0.004279808958872727,FW
476,0.04768109321594238,-12.644210808395371,0.004317606875038932,FW,4.0849165833050106e-05,2.5914884596047685,-0.004317606875038932,FW
477,0.04775881767272949,-12.644210896580681,0.004129816660391097,FW,4.2015167928729546e-05,2.5915431804132467,-0.004129816660391097,FW
478,0.04782915115356445,-12.644210983338157,0.004371530178167715,FW,4.0064891980693505e-05,2.591570913688668,-0.004371530178167715,FW
479,0.0478978157043457,-12.644211070910597,0.004190057828859395,FW,4.337388881343645e-05,2.5915150314045596,-0.004190057828859395,FW
480,0.04797816276550293,-12.644211161780147,0.004255741987428466,FW,4.227735570817107e-05,2.5915166931308398,-0.004255741987428466,FW
481,0.048069000244140625,-12.644211251740908,0.004175251464672486,FW,4.098058374957527e-05,2.591510312235257,-0.004175251464672486,FW
482,0.04816484451293945,-12.644211337293035,0.004294413303657985,FW,4.358801324723794e-05,2.5915045797288654,-0.004294413303657985,FW
483,0.04825305938720703,-12.644211430885498,0.004160255360892887,FW,3.814646812230931e-05,2.5914896005515105,-0.004160255360892887,FW
484,0.04832100868225098,-12.644211510235023,0.004254678387490857,FW,3.894702737121685e-05,2.5915262237007664,-0.004254678387490857,FW
485,0.04838991165161133,-12.644211593088567,0.004148072014977161,FW,4.170817097539984e-05,2.591577272800556,-0.004148072014977161,FW
486,0.04846000671386719,-12.644211679592805,0.004204833851123205,FW,4.193030278363253e-05,2.5915433954240568,-0.004204833851123205,FW
487,0.04853010177612305,-12.644211767747795,0.004020675831005099,FW,4.133868257208965e-05,2.591462328777926,-0.004020675831005099,FW
488,0.04859805107116699,-12.644211850852512,0.004187126577456748,FW,3.9882995035284205e-05,2.5914564351637353,-0.004187126577456748,FW
489,0.04866600036621094,-12.644211934350084,0.004155707007825291,FW,4.0037190719330746e-05,2.5914710739779165,-0.004155707007825291,FW
490,0.04873514175415039,-12.644212017541502,0.004029584248204779,FW,3.87802248976086e-05,2.5915250525223112,-0.004029584248204779,FW
491,0.04880380630493164,-12.644212095675593,0.00412338337343246,FW,3.8276882452504127e-05,2.591518033275425,-0.00412338337343246,FW
492,0.04887199401855469,-12.644212174590729,0.004225776274718679,FW,4.163116249916843e-05,2.5914687844294124,-0.004225776274718679,FW
493,0.048940181732177734,-12.644212262552712,0.004060729093782758,FW,4.039211271993156e-05,2.591470471028444,-0.004060729093782758,FW
494,0.049009084701538086,-12.644212344563424,0.004138031505416834,FW,3.4937794137053346e-05,2.5914351606816433,-0.004138031505416834,FW
495,0.04907798767089844,-12.644212416850277,0.004104650158901976,FW,3.8025740140553266e-05,2.5914814885346344,-0.004104650158901976,FW
496,0.04914689064025879,-12.64421249489146,0.003904111579933728,FW,3.910727294921827e-05,2.59148297889424,-0.003904111579933728,FW
497,0.04921698570251465,-12.644212571231034,0.003998965844745697,FW,3.7830350959027e-05,2.5914490314218313,-0.003998965844745697,FW
498,0.049285888671875,-12.644212646872173,0.003926848786781512,FW,3.633349113189034e-05,2.5915318250202404,-0.003926848786781512,FW
499,0.049363136291503906,-12.644212718210236,0.0040801112548461554,FW,3.8496767721513056e-05,2.59149564246141,-0.0040801112548461554,FW
500,0.04943704605102539,-12.644212796745785,0.003929142455089352,FW,4.008587854636661e-05,2.5914907418626782,-0.003929142455089352,FW
501,0.049507856369018555,-12.644212875497344,0.003867348662282541,FW,3.973327387974894e-05,2.591426354941951,-0.003867348662282541,FW
502,0.0495760440826416,-12.644212952328564,0.003963485428459965,FW,4.216422566594909e-05,2.5913849581931747,-0.003963485428459965,FW
503,0.04964613914489746,-12.644213035887207,0.00421251130336793,FW,3.833492567759024e-05,2.5914075566963675,-0.00421251130336793,FW
504,0.04971718788146973,-12.644213116630358,0.0039033731698819157,FW,3.833108610778931e-05,2.591406272755202,-0.0039033731698819157,FW
505,0.049787044525146484,-12.644213191440622,0.0039055379748441643,FW,3.889351186985236e-05,2.5914722757733673,-0.0039055379748441643,FW
506,0.04985809326171875,-12.644213267390665,0.0038271683377596594,FW,3.831617446869092e-05,2.5914465763245396,-0.0038271683377596594,FW
507,0.049926042556762695,-12.644213340711902,0.003907608586342398,FW,3.7580514650947316e-05,2.5914266504562335,-0.003907608586342398,FW
508,0.04999804496765137,-12.644213414136864,0.003922418643299605,FW,3.8491585865117306e-05,2.591443099637387,-0.003922418643299605,FW
509,0.05006599426269531,-12.644213489626917,0.0039008430789329307,FW,3.761989321834155e-05,2.591420113768916,-0.0039008430789329307,FW
510,0.05013728141784668,-12.644213563001573,0.003934893943951731,FW,4.169935230501269e-05,2.5914241865541423,-0.003934893943951731,FW
511,0.05020713806152344,-12.64421364504284,0.003886976169235362,FW,3.725977542519639e-05,2.5914129214582378,-0.003886976169235362,FW
512,0.05027890205383301,-12.644213717456765,0.003856120147173084,FW,3.7293691274454864e-05,2.5914315138528976,-0.003856120147173084,FW
513,0.050350189208984375,-12.644213789361253,0.003994218316310874,FW,4.2110642891491346e-05,2.591428330357604,-0.003994218316310874,FW
514,0.05042099952697754,-12.644213873460796,0.00372800349315075,FW,3.764524532728141e-05,2.591413563574124,-0.00372800349315075,FW
515,0.050492048263549805,-12.644213943631598,0.003725707831557054,FW,4.1667382356124246e-05,2.5914087474373764,-0.003725707831557054,FW
516,0.05056309700012207,-12.644214021251846,0.0038777297849714454,FW,3.4429536745417174e-05,2.591393339926929,-0.0038777297849714454,FW
517,0.05063295364379883,-12.644214088006061,0.004009500893763007,FW,3.546757057120354e-05,2.5913863912874464,-0.004009500893763007,FW
518,0.050702810287475586,-12.64421415910969,0.0038707438416636236,FW,3.6606863334964806e-05,2.59141478264186,-0.0038707438416636236,FW
519,0.05077314376831055,-12.64421422995759,0.003705294164182915,FW,3.923592696928905e-05,2.5914217933850074,-0.003705294164182915,FW
520,0.0508420467376709,-12.644214302647914,0.003639314702891333,FW,3.6812954969795156e-05,2.5914000908076464,-0.003639314702891333,FW
521,0.05091404914855957,-12.64421436963488,0.003720993511719395,FW,3.5988542367216766e-05,2.5913643306607,-0.003720993511719395,FW
522,0.050985097885131836,-12.644214436591442,0.003760838176156245,FW,4.0173076499075734e-05,2.591330768480594,-0.003760838176156245,FW
523,0.051052093505859375,-12.644214512133662,0.003819586306380379,FW,4.039626641328121e-05,2.5913995979948514,-0.003819586306380379,FW
524,0.05112099647521973,-12.644214589282175,0.003578966057078345,FW,3.6862971409138635e-05,2.5914156559056045,-0.003578966057078345,FW
525,0.05119013786315918,-12.644214655247842,0.0036967258548684656,FW,3.531872436382339e-05,2.5913919217699823,-0.0036967258548684656,FW
526,0.05125904083251953,-12.644214720529666,0.003798908456849881,FW,3.8374786483749636e-05,2.591370688405858,-0.003798908456849881,FW
527,0.0513300895690918,-12.644214793420812,0.0038005029552272834,FW,3.614641524358192e-05,2.5913551668671597,-0.0038005029552272834,FW
528,0.051415205001831055,-12.644214862108086,0.003626786554678227,FW,3.429965445537759e-05,2.591387120249082,-0.003626786554678227,FW
529,0.051483869552612305,-12.644214924306853,0.0036057090809547554,FW,4.048236410107794e-05,2.591386816925612,-0.0036057090809547554,FW
530,0.05155301094055176,-12.644214997290668,0.003670581675618345,FW,3.673282567037723e-05,2.591315574466104,-0.003670581675618345,FW
531,0.05162191390991211,-12.644215064706083,0.0037886212882883713,FW,3.504898586271515e-05,2.591334051757001,-0.0037886212882883713,FW
532,0.05169200897216797,-12.644215131099752,0.0036980740550474483,FW,3.6703264612443615e-05,2.5913783837042845,-0.0036980740550474483,FW
533,0.05176091194152832,-12.644215198965451,0.0035931295802666824,FW,3.455016083356323e-05,2.591407391086464,-0.0035931295802666824,FW
534,0.05182909965515137,-12.644215261037045,0.003545781361298489,FW,3.4427765984374224e-05,2.5913827341234,-0.003545781361298489,FW
535,0.05189800262451172,-12.644215322073713,0.0036892266262144036,FW,3.4592209102073334e-05,2.5913545691865525,-0.0036892266262144036,FW
536,0.05196809768676758,-12.644215385882962,0.0034757415886626647,FW,3.133794337708511e-05,2.591337967412622,-0.0034757415886626647,FW
537,0.05203890800476074,-12.644215440344267,0.0036687893731987,FW,3.574436550816105e-05,2.591342456064988,-0.0036687893731987,FW
538,0.052108049392700195,-12.644215505913529,0.003667404147428277,FW,3.269087826644696e-05,2.5913153143073435,-0.003667404147428277,FW
539,0.05217909812927246,-12.644215565858866,0.0034052284823309076,FW,3.51043428113643e-05,2.5913361251234073,-0.0034052284823309076,FW
540,0.052249908447265625,-12.644215625628025,0.0035392182751725343,FW,3.3135162951218186e-05,2.591325832072338,-0.0035392182751725343,FW
541,0.052320003509521484,-12.644215684264305,0.003584149508147935,FW,3.4658659215083677e-05,2.5912859201437755,-0.003584149508147935,FW
542,0.05238795280456543,-12.644215746375208,0.0035340216726136714,FW,3.4981276516637146e-05,2.5913340621621606,-0.0035340216726136714,FW
543,0.05245804786682129,-12.644215808187514,0.0036871000355895023,FW,3.35379385623722e-05,2.59133581713996,-0.0036871000355895023,FW
544,0.05252790451049805,-12.644215870016376,0.0033209082999608452,FW,3.407045354533287e-05,2.5913520527107305,-0.0033209082999608452,FW
545,0.052596092224121094,-12.644215926588805,0.003544384075069462,FW,3.772418148344408e-05,2.591353995032552,-0.003544384075069462,FW
546,0.05266594886779785,-12.644215993443298,0.0035238283996945896,FW,3.42499166575929e-05,2.5912857779143934,-0.0035238283996945896,FW
547,0.05273294448852539,-12.644216053788709,0.0034278739185796686,FW,3.3970106823180884e-05,2.5913107229427133,-0.0034278739185796686,FW
548,0.05280113220214844,-12.644216112011332,0.003683948107125329,FW,3.45719696753784e-05,2.591270867425318,-0.003683948107125329,FW
549,0.0528719425201416,-12.644216175692007,0.00343537886600509,FW,3.1832433764998335e-05,2.5913287641899347,-0.00343537886600509,FW
550,0.052941083908081055,-12.64421623037024,0.0034173072271010546,FW,3.366618427664846e-05,2.591349302629014,-0.0034173072271010546,FW
551,0.05300784111022949,-12.644216287894086,0.003362519705970804,FW,3.1821803711502637e-05,2.5913075168802204,-0.003362519705970804,FW
552,0.05307602882385254,-12.644216341394808,0.0033226914426037063,FW,3.320231795827353e-05,2.5913256028637566,-0.0033226914426037063,FW
553,0.053144216537475586,-12.644216396555331,0.003616415897663122,FW,3.559144415012482e-05,2.591288763981123,-0.003616415897663122,FW
554,0.05321192741394043,-12.644216460912071,0.003409432675358523,FW,3.373937956972865e-05,2.591274884960029,-0.003409432675358523,FW
555,0.05328202247619629,-12.644216518428138,0.0033897063999854676,FW,3.5171303193949784e-05,2.5913286475464696,-0.0033897063999854676,FW
556,0.053360939025878906,-12.644216578038334,0.0033124600933548964,FW,3.4817874698903344e-05,2.591335861067047,-0.0033124600933548964,FW
557,0.05343222618103027,-12.644216635704748,0.003305227747717701,FW,3.7734743337828467e-05,2.591277829026019,-0.003305227747717701,FW
558,0.053503990173339844,-12.644216698065708,0.0034761502348326784,FW,3.425375797937878e-05,2.591272282240847,-0.0034761502348326784,FW
559,0.0535740852355957,-12.64421675760131,0.0034625676257936527,FW,3.514154188764995e-05,2.591287069678248,-0.0034625676257936527,FW
560,0.05364418029785156,-12.644216818441292,0.00322031054257782,FW,3.378133804975831e-05,2.591277090373312,-0.00322031054257782,FW
561,0.05371403694152832,-12.644216872834491,0.0033283744803831727,FW,3.1127641263066176e-05,2.5912749942209223,-0.0033283744803831727,FW
562,0.053785085678100586,-12.644216924636712,0.0034147512941979513,FW,3.3301860950027665e-05,2.5912996223993363,-0.0034147512941979513,FW
563,0.05385398864746094,-12.644216981495498,0.003410869779544898,FW,3.757407261158072e-05,2.5912719161786946,-0.003410869779544898,FW
564,0.053922176361083984,-12.644217045575637,0.00330947990952328,FW,3.1635502302183366e-05,2.591244518109021,-0.00330947990952328,FW
565,0.05399298667907715,-12.644217097924166,0.0033147367747503598,FW,3.3057009241384986e-05,2.5912487439550524,-0.0033147367747503598,FW
566,0.054062843322753906,-12.644217152711809,0.003308414996634701,FW,3.077647568890145e-05,2.5912431044617494,-0.003308414996634701,FW
567,0.05413317680358887,-12.644217203622487,0.0033899477264148353,FW,3.209670776717857e-05,2.591205647702554,-0.0033899477264148353,FW
568,0.054203033447265625,-12.644217258025568,0.003291871572875013,FW,3.1041871186153616e-05,2.591250348663558,-0.003291871572875013,FW
569,0.05427408218383789,-12.64421730911849,0.003243852112163159,FW,3.2873691351634126e-05,2.5912993846132566,-0.003243852112163159,FW
570,0.05434393882751465,-12.644217362437185,0.003269954336233838,FW,3.2659367836276555e-05,2.5912891400537617,-0.003269954336233838,FW
571,0.0544130802154541,-12.644217415834516,0.003186349666276067,FW,3.178695934281575e-05,2.5912134632887613,-0.003186349666276067,FW
572,0.05449104309082031,-12.644217466476693,0.0033896628248068356,FW,3.332700963948818e-05,2.5912223289713627,-0.0033896628248068356,FW
573,0.05457115173339844,-12.644217522960359,0.003110128567307316,FW,2.8670791231347224e-05,2.591250191755029,-0.003110128567307316,FW
574,0.054641008377075195,-12.644217567545278,0.003260198364769845,FW,3.0316194955465612e-05,2.591275668949122,-0.003260198364769845,FW
575,0.05471014976501465,-12.644217616963683,0.003220497417490892,FW,3.076268126839425e-05,2.5912672295441883,-0.003220497417490892,FW
576,0.054779052734375,-12.644217666499253,0.003361526280082461,FW,3.390328098137933e-05,2.59122011185828,-0.003361526280082461,FW
577,0.05484914779663086,-12.644217723482635,0.0030782860203724394,FW,2.990564044202135e-05,2.59120677893621,-0.0030782860203724394,FW
578,0.05491900444030762,-12.644217769511696,0.0030033570970312146,FW,3.084595025131622e-05,2.591277185290553,-0.0030033570970312146,FW
579,0.05498814582824707,-12.644217815832391,0.003081303507826594,FW,3.229157264066121e-05,2.5912254023678987,-0.003081303507826594,FW
580,0.05505800247192383,-12.644217865582467,0.0032954763922743158,FW,3.421895035323291e-05,2.591232477160392,-0.0032954763922743158,FW
581,0.05512809753417969,-12.644217921966337,0.0032469612622401806,FW,3.293104776266127e-05,2.591229098772167,-0.0032469612622401806,FW
582,0.05519604682922363,-12.644217975429255,0.0031082179662165615,FW,3.076673087269186e-05,2.591260157937379,-0.0031082179662165615,FW
583,0.0552678108215332,-12.644218023244104,0.0032288792799200494,FW,3.349924384838855e-05,2.591248352200081,-0.0032288792799200494,FW
584,0.055342912673950195,-12.644218077326611,0.0028813537493779656,FW,3.400354703630888e-05,2.5912206330731893,-0.0028813537493779656,FW
585,0.055413007736206055,-12.64421812631474,0.0031653858762552556,FW,3.4371750196794565e-05,2.591207783133772,-0.0031653858762552556,FW
586,0.0554811954498291,-12.644218180714663,0.003135875375245595,FW,3.1498746757777646e-05,2.591179350150694,-0.003135875375245595,FW
587,0.055552005767822266,-12.644218230102737,0.003174704803794226,FW,3.0989445028587045e-05,2.5912352782032,-0.003174704803794226,FW
588,0.05562186241149902,-12.644218279293908,0.0032754952057292286,FW,3.3498710952282055e-05,2.5912237550813586,-0.0032754952057292286,FW
589,0.05569005012512207,-12.644218334156333,0.0029894523332458095,FW,2.8768793864931996e-05,2.591190020273038,-0.0029894523332458095,FW
590,0.05575895309448242,-12.644218377157808,0.003114855949122808,FW,3.155805178203902e-05,2.5911872840703905,-0.003114855949122808,FW
591,0.055828094482421875,-12.644218426307201,0.0031030147902412347,FW,3.2183831557173136e-05,2.591172079482473,-0.0031030147902412347,FW
592,0.05589795112609863,-12.644218476240656,0.002994519089783085,FW,2.767508488123843e-05,2.591201762321332,-0.002994519089783085,FW
593,0.05596804618835449,-12.644218517677444,0.003107553392617618,FW,3.0012114096140715e-05,2.5911915405926353,-0.003107553392617618,FW
594,0.056040048599243164,-12.644218564309558,0.0029589118686501603,FW,2.749825027598924e-05,2.5911768779745343,-0.0029589118686501603,FW
595,0.05611610412597656,-12.644218604992012,0.003110300002802241,FW,3.3486765137223014e-05,2.591221541485368,-0.003110300002802241,FW
596,0.0562131404876709,-12.644218657068953,0.0028927314597976123,FW,2.7820528164254964e-05,2.5911868718265407,-0.0028927314597976123,FW
597,0.05628490447998047,-12.644218697307615,0.003091876004522945,FW,2.8939317987609472e-05,2.591174814604606,-0.003091876004522945,FW
598,0.05641508102416992,-12.644218742046013,0.0031531618725585825,FW,3.0645385440455874e-05,2.591162686197194,-0.0031531618725585825,FW
599,0.05648994445800781,-12.644218790360933,0.0028477673498770173,FW,2.93933652553034e-05,2.5911711586834523,-0.0028477673498770173,FW
600,0.056568145751953125,-12.644218832213667,0.0030882580940100463,FW,3.015705427327653e-05,2.5912252560999205,-0.0030882580940100463,FW
601,0.05664420127868652,-12.64421887878005,0.0029070264480374197,FW,2.8415166583572692e-05,2.5911715263271913,-0.0029070264480374197,FW
602,0.056713104248046875,-12.644218920081865,0.0031162282728832424,FW,2.9472098284510137e-05,2.5911875993792055,-0.0031162282728832424,FW
603,0.05678915977478027,-12.644218966002763,0.002884370814764642,FW,2.6890345220881485e-05,2.5911871623325595,-0.002884370814764642,FW
604,0.05698895454406738,-12.644219004783633,0.002967804320695794,FW,2.944756223264715e-05,2.591176500873122,-0.002967804320695794,FW
605,0.05714893341064453,-12.64421904848093,0.0028721816950435936,FW,2.7415027977946685e-05,2.591185296282832,-0.0028721816950435936,FW
606,0.05729484558105469,-12.6442190878514,0.0030080942953194245,FW,2.9720229353602933e-05,2.5911980834663466,-0.0030080942953194245,FW
607,0.057369232177734375,-12.644219132552026,0.0030157270306840622,FW,2.8460100184534458e-05,2.5911388831071815,-0.0030157270306840622,FW
608,0.05744004249572754,-12.64421917546597,0.0029900008013397233,FW,2.906040832122895e-05,2.5911643919053575,-0.0029900008013397233,FW
609,0.057511091232299805,-12.644219218911294,0.0027758280054488438,FW,2.708621907384267e-05,2.5911411337126333,-0.0027758280054488438,FW
610,0.057579994201660156,-12.644219256504641,0.003079406315357941,FW,2.7288714408409523e-05,2.5911220979272946,-0.003079406315357941,FW
611,0.05764889717102051,-12.644219298521161,0.002868433838635137,FW,2.7334764517527613e-05,2.5911660481248036,-0.002868433838635137,FW
612,0.05771923065185547,-12.64421933772514,0.00297939493409434,FW,2.7642869110720702e-05,2.591123312108852,-0.00297939493409434,FW
613,0.05778789520263672,-12.64421937890465,0.0027686630870693008,FW,2.7575156274763342e-05,2.5911734296145603,-0.0027686630870693008,FW
614,0.05785703659057617,-12.644219417077817,0.0027953701789477925,FW,2.9436291989810698e-05,2.5911468277770586,-0.0027953701789477925,FW
615,0.05792689323425293,-12.644219458220475,0.002952857243323906,FW,2.877927280977118e-05,2.5911173165594343,-0.002952857243323906,FW
616,0.05799603462219238,-12.644219500711017,0.0029044532662503564,FW,2.9619157413938342e-05,2.591143765767413,-0.0029044532662503564,FW
617,0.058064937591552734,-12.64421954372475,0.002700717622667076,FW,2.6535918205121775e-05,2.591138084062188,-0.002700717622667076,FW
618,0.058135032653808594,-12.644219579557761,0.0028607472304162662,FW,2.759063233373446e-05,2.591145784790963,-0.0028607472304162662,FW
619,0.058203935623168945,-12.644219619022671,0.00284888019841871,FW,3.0584879862219904e-05,2.591154562896571,-0.00284888019841871,FW
620,0.05827212333679199,-12.644219662589004,0.002761703524104972,FW,2.6984969299845477e-05,2.591129328162772,-0.002761703524104972,FW
621,0.05834197998046875,-12.644219699851242,0.002860142412507427,FW,2.577857907488645e-05,2.5911399341705135,-0.002860142412507427,FW
622,0.0584111213684082,-12.64421973671645,0.0028270317344271656,FW,2.9133400692919962e-05,2.591158549622839,-0.0028270317344271656,FW
623,0.05848097801208496,-12.644219777896971,0.0028654425998313193,FW,2.6109892423794172e-05,2.591117624299461,-0.0028654425998313193,FW
624,0.05855202674865723,-12.644219815305172,0.0026890414470900487,FW,2.700293011826567e-05,2.5911591339975963,-0.0026890414470900487,FW
625,0.05861997604370117,-12.644219851611174,0.002784673433930157,FW,2.6508429273544362e-05,2.591133915827331,-0.002784673433930157,FW
626,0.05869007110595703,-12.644219888519826,0.0027929071109429604,FW,2.6541477683077147e-05,2.591101708637063,-0.0027929071109429604,FW
627,0.0587620735168457,-12.644219925583773,0.002835381876507531,FW,3.0785991548292445e-05,2.5911120876473546,-0.002835381876507531,FW
628,0.05883193016052246,-12.64421996922879,0.002626257327325729,FW,2.3448516897618068e-05,2.591097695202904,-0.002626257327325729,FW
629,0.05890202522277832,-12.64422000001971,0.0028437264484041103,FW,2.976212182870747e-05,2.59111802949055,-0.0028437264484041103,FW
630,0.05897188186645508,-12.644220042337377,0.002735759054521447,FW,2.6898865356929803e-05,2.5910816990717023,-0.002735759054521447,FW
631,0.05904221534729004,-12.644220079131781,0.0027507752265243796,FW,2.751747830146095e-05,2.591090901769831,-0.0027507752265243796,FW
632,0.05910992622375488,-12.64422011697898,0.002639660127850413,FW,2.879759909044278e-05,2.5911148153130816,-0.002639660127850413,FW
633,0.059182167053222656,-12.644220154986925,0.0027831090344667547,FW,2.6348313071381427e-05,2.5911122790568815,-0.0027831090344667547,FW
634,0.05925416946411133,-12.644220191652032,0.0027223144209112676,FW,2.6321441826264977e-05,2.5911146482299596,-0.0027223144209112676,FW
635,0.05932497978210449,-12.644220227479657,0.0028144933671120503,FW,2.6913966599250518e-05,2.591113856846068,-0.0028144933671120503,FW
636,0.05939626693725586,-12.644220265354242,0.002731619675157268,FW,2.7369847140267882e-05,2.5911082460884347,-0.002731619675157268,FW
637,0.05946612358093262,-12.644220302736255,0.002576513092546945,FW,2.5560170091415537e-05,2.5910824289649246,-0.002576513092546945,FW
638,0.059535980224609375,-12.644220335664311,0.0027098006586890183,FW,2.5043033500901543e-05,2.591098954353021,-0.0027098006586890183,FW
639,0.05960702896118164,-12.644220369595123,0.002772391417875969,FW,2.8907730070410555e-05,2.5910975808003185,-0.002772391417875969,FW
640,0.0596771240234375,-12.644220409666895,0.0025540769735214186,FW,2.4155902703734704e-05,2.591087710824906,-0.0025540769735214186,FW
641,0.05974721908569336,-12.644220440514916,0.0026218643212087,FW,2.6946195331006492e-05,2.591083620545615,-0.0026218643212087,FW
642,0.05981707572937012,-12.644220475839543,0.002597318496560405,FW,2.7103692839570578e-05,2.591090594633487,-0.002597318496560405,FW
643,0.059886932373046875,-12.644220511038007,0.0027401152943850177,FW,2.558568166959273e-05,2.5910951392785666,-0.0027401152943850177,FW
644,0.05995798110961914,-12.64422054609187,0.002727321473815575,FW,2.812070136215249e-05,2.5911045971683415,-0.002727321473815575,FW
645,0.06002688407897949,-12.644220584438967,0.0025958064742045844,FW,2.481913575051974e-05,2.591084360051498,-0.0025958064742045844,FW
646,0.06009721755981445,-12.644220616651795,0.00259012683510855,FW,2.6586911215275746e-05,2.591065096754818,-0.00259012683510855,FW
647,0.06016707420349121,-12.644220651083538,0.0026510810892130393,FW,2.5239864103714892e-05,2.591053679893281,-0.0026510810892130393,FW
648,0.06023716926574707,-12.644220684539997,0.0025898298245599777,FW,2.3699136961928545e-05,2.5910789019434493,-0.0025898298245599777,FW
649,0.060307979583740234,-12.644220715228364,0.0026966931893354362,FW,2.6551989529392867e-05,2.591100608034587,-0.0026966931893354362,FW
650,0.0603790283203125,-12.644220751029652,0.002620612131723557,FW,2.5302796005646207e-05,2.5910548686350454,-0.002620612131723557,FW
651,0.0604550838470459,-12.644220784184057,0.0024852809139869064,FW,2.3089335922056514e-05,2.59104907224841,-0.0024852809139869064,FW
652,0.06053304672241211,-12.644220812875798,0.002673193203843266,FW,2.4391309373346213e-05,2.591069261315296,-0.002673193203843266,FW
653,0.06060290336608887,-12.644220845477138,0.0025386123508891606,FW,2.323242796262853e-05,2.591077706932902,-0.0025386123508891606,FW
654,0.060674190521240234,-12.6442208749662,0.0026770298184862346,FW,2.669494093678712e-05,2.591076220469796,-0.0026770298184862346,FW
655,0.0607450008392334,-12.64422091069778,0.002515966209612003,FW,2.40777545040468e-05,2.5910591211333878,-0.002515966209612003,FW
656,0.060814857482910156,-12.64422094098719,0.0025742479088482206,FW,2.3857493467503993e-05,2.591060819181056,-0.0025742479088482206,FW
657,0.06088399887084961,-12.644220971694741,0.0024834933226257627,FW,2.3894227404915853e-05,2.591076578217468,-0.0024834933226257627,FW
658,0.06095385551452637,-12.644221001365322,0.002504463953548322,FW,2.395678627347343e-05,2.5910726290965145,-0.002504463953548322,FW
659,0.06102418899536133,-12.64422103136477,0.0025693218033878973,FW,2.7060848305177502e-05,2.5910526583925293,-0.0025693218033878973,FW
660,0.061094045639038086,-12.644221066128788,0.0024766317613137273,FW,2.4231410412224102e-05,2.5910430326538143,-0.0024766317613137273,FW
661,0.06116509437561035,-12.644221096134926,0.002609126062138825,FW,2.468085850198214e-05,2.591033400338548,-0.002609126062138825,FW
662,0.06123495101928711,-12.644221128332662,0.0024589076535893872,FW,2.3313012136722178e-05,2.5910256867339156,-0.0024589076535893872,FW
663,0.061305999755859375,-12.644221156994933,0.002548932846983279,FW,2.6053513506385745e-05,2.5910745921342557,-0.002548932846983279,FW
664,0.06137704849243164,-12.644221190199259,0.0024960910012038623,FW,2.4901908421834573e-05,2.5910635481379787,-0.0024960910012038623,FW
665,0.061448097229003906,-12.64422122127798,0.0025205959125061406,FW,2.441768998114308e-05,2.5910409390313034,-0.0025205959125061406,FW
666,0.06151723861694336,-12.64422125205154,0.0024938577050347965,FW,2.5623443017254438e-05,2.5910175856841695,-0.0024938577050347965,FW
667,0.0615849494934082,-12.644221284002152,0.0023779505511608012,FW,2.3877404125272955e-05,2.5910084093928467,-0.0023779505511608012,FW
668,0.06165623664855957,-12.644221312391796,0.0024992893285117335,FW,2.515354859878266e-05,2.5910263517130425,-0.0024992893285117335,FW
669,0.06172490119934082,-12.644221343824794,0.002426980896587827,FW,2.6031996345389637e-05,2.591082567070389,-0.002426980896587827,FW
670,0.06179404258728027,-12.644221375414372,0.0024553446146181185,FW,2.3922173815827314e-05,2.591032887684552,-0.0024553446146181185,FW
671,0.06186199188232422,-12.64422140478296,0.0025449296969054652,FW,2.559058725762346e-05,2.59104064808579,-0.0025449296969054652,FW
672,0.06193113327026367,-12.644221437346086,0.0023609696961637144,FW,2.284613586222864e-05,2.59102300267646,-0.0023609696961637144,FW
673,0.06200098991394043,-12.644221464315603,0.002437305048622024,FW,2.226985453278637e-05,2.5910242335340614,-0.002437305048622024,FW
674,0.06207108497619629,-12.644221491454813,0.0024640661570111827,FW,2.5125141723442797e-05,2.5910204771238696,-0.0024640661570111827,FW
675,0.06213998794555664,-12.644221522409824,0.002449919834062772,FW,2.3178022119326492e-05,2.591019210932021,-0.002449919834062772,FW
676,0.06220817565917969,-12.644221550801973,0.0023517204166445815,FW,2.359586229598509e-05,2.5910342341709853,-0.0023517204166445815,FW
677,0.06227684020996094,-12.644221578547407,0.0024093624360142923,FW,2.4231703520832985e-05,2.5910175716969226,-0.0024093624360142923,FW
678,0.0623471736907959,-12.644221607738885,0.0023870427811154282,FW,2.4764318000301536e-05,2.5910143835014714,-0.0023870427811154282,FW
679,0.06241583824157715,-12.644221637295628,0.002474115455459766,FW,2.39830530333285e-05,2.591004803683328,-0.002474115455459766,FW
680,0.06248617172241211,-12.644221666964048,0.0022946386066221153,FW,2.1943319745024386e-05,2.5910021789461606,-0.0022946386066221153,FW
681,0.06255698204040527,-12.644221692140036,0.00240809078471127,FW,2.515248777816057e-05,2.591015950985024,-0.00240809078471127,FW
682,0.06262612342834473,-12.644221722424781,0.0022975356904201966,FW,2.4665092414527787e-05,2.5910132167880158,-0.0022975356904201966,FW
683,0.06269407272338867,-12.644221750759245,0.002429845681838641,FW,2.2997507334761682e-05,2.591013030674566,-0.002429845681838641,FW
684,0.06276512145996094,-12.644221778699446,0.0023948046610529072,FW,2.37465414433912e-05,2.590999551787114,-0.0023948046610529072,FW
685,0.06283402442932129,-12.644221807133604,0.002404261235418509,FW,2.4348433423145564e-05,2.590996883048964,-0.002404261235418509,FW
686,0.06290411949157715,-12.644221836403604,0.0023869064251378913,FW,2.1014024887956898e-05,2.5909919069877856,-0.0023869064251378913,FW
687,0.0629730224609375,-12.64422186148286,0.0022317250778144393,FW,2.29386933663654e-05,2.590992146350475,-0.0022317250778144393,FW
688,0.06304311752319336,-12.644221887079292,0.002343187858650189,FW,2.3416518957041207e-05,2.591002915673015,-0.002343187858650189,FW
689,0.06311416625976562,-12.644221914513937,0.002273848551288371,FW,2.2448690210184314e-05,2.591000596778721,-0.002273848551288371,FW
690,0.06318283081054688,-12.644221940036399,0.002478638009708961,FW,2.4850607798786955e-05,2.5909932935391526,-0.002478638009708961,FW
691,0.06326508522033691,-12.644221970834225,0.0022702578945558716,FW,2.262368944521898e-05,2.5909654625829113,-0.0022702578945558716,FW
692,0.06333494186401367,-12.644221996515038,0.002244218086886532,FW,2.1760411140088088e-05,2.590970709650494,-0.002244218086886532,FW
693,0.06340408325195312,-12.64422202093259,0.0023830727302780325,FW,2.4006205236802552e-05,2.590972069690757,-0.0023830727302780325,FW
694,0.06347203254699707,-12.644222049536848,0.0022054803184685667,FW,2.2000431302928637e-05,2.590985451484354,-0.0022054803184685667,FW
695,0.06353998184204102,-12.644222073797618,0.0023081392108452448,FW,2.3102945759426825e-05,2.5909973515243623,-0.0023081392108452448,FW
696,0.06360912322998047,-12.644222100460018,0.002261997015303524,FW,2.328643715417698e-05,2.590989608106648,-0.002261997015303524,FW
697,0.06368017196655273,-12.644222126796945,0.002299702112101301,FW,2.276707337323584e-05,2.5909816455118486,-0.002299702112101301,FW
698,0.06374883651733398,-12.644222152975686,0.002361601116209977,FW,2.1853739397737826e-05,2.5909645784072413,-0.002361601116209977,FW
699,0.06381702423095703,-12.6442221787806,0.0022383458601963474,FW,2.0790462983486777e-05,2.5909643960540687,-0.0022383458601963474,FW
700,0.06388688087463379,-12.644222202048722,0.002283564211650199,FW,2.2402351452475334e-05,2.5909915622758852,-0.002283564211650199,FW
701,0.06395697593688965,-12.64422222762732,0.0021768147011053673,FW,2.0477223943468598e-05,2.5909789964334853,-0.0021768147011053673,FW
702,0.06402707099914551,-12.644222249914888,0.002337727378267096,FW,2.318798248516102e-05,2.5909744984803287,-0.002337727378267096,FW
703,0.06409502029418945,-12.644222277018473,0.00212655465568809,FW,2.1673565330860478e-05,2.5909629324583867,-0.00212655465568809,FW
704,0.06416606903076172,-12.64422230006349,0.002248929509881953,FW,2.0274220063935112e-05,2.590979076245981,-0.002248929509881953,FW
705,0.06423616409301758,-12.644222322861133,0.002161197107753518,FW,2.1423784026622624e-05,2.5909938094904374,-0.002161197107753518,FW
706,0.06430697441101074,-12.644222346011645,0.0022702943493894817,FW,2.2098144109884407e-05,2.5909657611884622,-0.0022702943493894817,FW
707,0.0643761157989502,-12.644222371096285,0.002309563578338558,FW,2.2929295665150176e-05,2.590942331398287,-0.002309563578338558,FW
708,0.0644528865814209,-12.64422239757462,0.0021041732818482817,FW,2.176715930289501e-05,2.590959333053591,-0.0021041732818482817,FW
709,0.06452202796936035,-12.644222420475563,0.002153143891345327,FW,2.1039812640934152e-05,2.5909675569104413,-0.002153143891345327,FW
710,0.06459188461303711,-12.644222443126429,0.0022236354737133063,FW,2.3255532008687497e-05,2.5909376973317526,-0.0022236354737133063,FW
711,0.06466197967529297,-12.644222468982345,0.0021650730420078035,FW,2.2509636909097315e-05,2.590961587055745,-0.0021650730420078035,FW
712,0.06473302841186523,-12.644222493349849,0.0022061995387676336,FW,2.2365338500807503e-05,2.5909453340498745,-0.0022061995387676336,FW
713,0.0648031234741211,-12.644222518021051,0.0021895014047781797,FW,2.115924479900495e-05,2.5909605771058186,-0.0021895014047781797,FW
714,0.06487417221069336,-12.644222541185146,0.0022710492297289414,FW,1.991627484359359e-05,2.590958778172566,-0.0022710492297289414,FW
715,0.06494283676147461,-12.644222563800565,0.002168845652073065,FW,2.154291481104176e-05,2.5909652839372947,-0.002168845652073065,FW
716,0.06501412391662598,-12.644222587162197,0.0021173189463851994,FW,2.0461248796384613e-05,2.5909677339635553,-0.0021173189463851994,FW
717,0.06508398056030273,-12.644222608823693,0.0020529109275709834,FW,2.1119002876454926e-05,2.590952527315442,-0.0020529109275709834,FW
718,0.0651540756225586,-12.644222630501405,0.0021157832525610237,FW,2.078661753461853e-05,2.590952186128351,-0.0021157832525610237,FW
719,0.06536102294921875,-12.6442226524914,0.0021961837969748793,FW,2.126502616708855e-05,2.5909446296848633,-0.0021961837969748793,FW
720,0.0655210018157959,-12.64422267584235,0.0020308847931709006,FW,2.0316343514884378e-05,2.5909434187583282,-0.0020308847931709006,FW
721,0.06567621231079102,-12.644222696472426,0.0021440670090658587,FW,2.2200300407597206e-05,2.590936289437314,-0.0021440670090658587,FW
722,0.06582784652709961,-12.644222720271893,0.002101462052077452,FW,2.2334193994921316e-05,2.590946345396619,-0.002101462052077452,FW
723,0.06597900390625,-12.644222743739121,0.002195154911291297,FW,2.0470223830903745e-05,2.590928835965795,-0.002195154911291297,FW
724,0.06612896919250488,-12.644222766206779,0.002192461548705338,FW,2.0003943661756448e-05,2.590909931568972,-0.002192461548705338,FW
725,0.06628108024597168,-12.644222788135716,0.002082502593481486,FW,2.0179012072004588e-05,2.5909350493381487,-0.002082502593481486,FW
726,0.06644010543823242,-12.64422280914714,0.0020529597131424826,FW,2.023373097626665e-05,2.590904000349096,-0.0020529597131424826,FW
727,0.06659317016601562,-12.644222829916657,0.0021681546650412498,FW,2.0878138869248785e-05,2.590931690532117,-0.0021681546650412498,FW
728,0.06674408912658691,-12.64422285255017,0.002022726423211177,FW,2.0016537317669958e-05,2.5909061037500045,-0.002022726423211177,FW
729,0.0668950080871582,-12.644222872794163,0.002050788738333781,FW,2.0087291154346888e-05,2.5909204731037807,-0.002050788738333781,FW
730,0.06704592704772949,-12.644222893391559,0.0021441753890105997,FW,1.9013116190329333e-05,2.5909240631516544,-0.0021441753890105997,FW
731,0.06720113754272461,-12.644222913775284,0.00209056784955175,FW,2.047363437050571e-05,2.5909313133464065,-0.00209056784955175,FW
732,0.0672750473022461,-12.64422293517605,0.0020151968942784537,FW,1.973757642120221e-05,2.5909326504622343,-0.0020151968942784537,FW
733,0.06734609603881836,-12.6442229550636,0.002010864439643892,FW,1.8784452972192824e-05,2.59091416500853,-0.002010864439643892,FW
734,0.06741619110107422,-12.644222973950091,0.0020917838176827824,FW,1.993727349467426e-05,2.5908958413486856,-0.0020917838176827824,FW
735,0.06748509407043457,-12.644222994802325,0.0020699652641432698,FW,2.0496200505482993e-05,2.5908987717599796,-0.0020699652641432698,FW
736,0.06755423545837402,-12.644223016015534,0.00195509705965817,FW,1.9240244136215386e-05,2.5909260240852023,-0.00195509705965817,FW
737,0.06762409210205078,-12.644223034823806,0.002072052130168131,FW,2.1104638667819463e-05,2.5909169135518364,-0.002072052130168131,FW
738,0.06769323348999023,-12.644223056688764,0.0020372626066244015,FW,1.9115679750907223e-05,2.5908999205724172,-0.0020372626066244015,FW
739,0.06776809692382812,-12.644223076160594,0.002094054185158928,FW,2.341083528707392e-05,2.590899130694006,-0.002094054185158928,FW
740,0.06785202026367188,-12.644223100672374,0.001961958623075466,FW,1.811101161665986e-05,2.590887749596154,-0.001961958623075466,FW
741,0.06792402267456055,-12.644223118438903,0.0019987340463721026,FW,1.885475669860119e-05,2.5909023316839517,-0.0019987340463721026,FW
742,0.0679922103881836,-12.644223137281724,0.002006076634305909,FW,1.99931810140016e-05,2.5909153142944423,-0.002006076634305909,FW
743,0.06806302070617676,-12.644223157335647,0.0020233115507987676,FW,2.1106615666592663e-05,2.5908901377510736,-0.0020233115507987676,FW
744,0.06813287734985352,-12.644223178688279,0.0018681395001264728,FW,1.7802558100994455e-05,2.590905269998519,-0.0018681395001264728,FW
745,0.06820201873779297,-12.644223195317112,0.0020619503662259037,FW,1.9023683254386314e-05,2.590918538365971,-0.0020619503662259037,FW
746,0.06827402114868164,-12.644223214930056,0.0019857878805527446,FW,1.9423635648664283e-05,2.5908856761757377,-0.0019857878805527446,FW
747,0.06834220886230469,-12.644223234215673,0.001995504717800023,FW,1.9846822981695297e-05,2.5908992206734482,-0.001995504717800023,FW
748,0.06841206550598145,-12.644223254017882,0.0019083368487346902,FW,1.84192804595753e-05,2.5908994365792006,-0.0019083368487346902,FW
749,0.0684821605682373,-12.644223271592974,0.001969978795621538,FW,1.9501560949781032e-05,2.590894417370468,-0.001969978795621538,FW
750,0.06854987144470215,-12.644223290801802,0.0020309381038325636,FW,1.961039410120556e-05,2.590911792246574,-0.0020309381038325636,FW
751,0.0686180591583252,-12.644223310715553,0.0019465183193941304,FW,1.901641060464346e-05,2.5908888245707566,-0.0019465183193941304,FW
752,0.06868886947631836,-12.644223329223447,0.0018906071006768999,FW,2.0294790060746876e-05,2.5908937198971382,-0.0018906071006768999,FW
753,0.06875801086425781,-12.644223348408191,0.0019707091734064708,FW,2.0042611199984452e-05,2.59090530947196,-0.0019707091734064708,FW
754,0.06882786750793457,-12.644223368157265,0.001932951664923327,FW,1.965453732588629e-05,2.5908894918514784,-0.001932951664923327,FW
755,0.06889820098876953,-12.644223387152898,0.001953986817117989,FW,1.9266739290767827e-05,2.590876179689128,-0.001953986817117989,FW
756,0.06896710395812988,-12.64422340597638,0.0019286203820801928,FW,1.91748126110948e-05,2.5908828174210536,-0.0019286203820801928,FW
757,0.06903600692749023,-12.644223424466848,0.0018227837347785797,FW,1.8272909677661788e-05,2.5908953412651523,-0.0018227837347785797,FW
758,0.0691070556640625,-12.644223441120628,0.0019853633738507598,FW,1.8797490312050418e-05,2.590890967476105,-0.0019853633738507598,FW
759,0.06933212280273438,-12.644223459780553,0.00196195906084054,FW,1.943817587771668e-05,2.5908836015703516,-0.00196195906084054,FW
760,0.06940817832946777,-12.644223478849007,0.0018751940373220172,FW,1.768256017758705e-05,2.590869314686099,-0.0018751940373220172,FW
761,0.06947898864746094,-12.644223495428124,0.001949968740459218,FW,1.9474213396227294e-05,2.59084865812015,-0.001949968740459218,FW
762,0.0695490837097168,-12.644223514415176,0.0017455651458609944,FW,1.7212029362244854e-05,2.590875495282844,-0.0017455651458609944,FW
763,0.06961894035339355,-12.644223529437532,0.0018675104671053294,FW,1.9060380891379984e-05,2.5908827906392817,-0.0018675104671053294,FW
764,0.06968998908996582,-12.644223547235265,0.001919331511958916,FW,1.9513428158806865e-05,2.590875544034202,-0.001919331511958916,FW
765,0.06976103782653809,-12.644223565961637,0.0019318183296448965,FW,1.9207552500327675e-05,2.590876653182596,-0.0019318183296448965,FW
766,0.06983089447021484,-12.644223584514386,0.0018276797437926234,FW,1.8118214718399394e-05,2.5908648856063707,-0.0018276797437926234,FW
767,0.0699000358581543,-12.644223601071532,0.0017868803973701691,FW,1.7870367075366448e-05,2.590876483445734,-0.0017868803973701691,FW
768,0.06997108459472656,-12.64422361703763,0.0019207542115132203,FW,1.8591373584247968e-05,2.5908816973787845,-0.0019207542115132203,FW
769,0.07004117965698242,-12.644223634892366,0.0018659771373906175,FW,1.922495334041426e-05,2.590895453584978,-0.0018659771373906175,FW
770,0.07011103630065918,-12.644223652829028,0.0018929681953982619,FW,1.904469910298181e-05,2.5908707526467345,-0.0018929681953982619,FW
771,0.07018303871154785,-12.644223670854528,0.001796006405954037,FW,1.7458643271668183e-05,2.5908694361388793,-0.001796006405954037,FW
772,0.07025313377380371,-12.644223686532447,0.0018043819406110134,FW,1.7632580690471124e-05,2.5908665046392607,-0.0018043819406110134,FW
773,0.07032394409179688,-12.644223702440408,0.0019055804148842143,FW,1.946960536254552e-05,2.5908649580182757,-0.0019055804148842143,FW
774,0.07039403915405273,-12.64422372099085,0.0018507518818451363,FW,1.802904848519562e-05,2.5908712160691465,-0.0018507518818451363,FW
775,0.0704641342163086,-12.6442237376745,0.0017205169502906292,FW,1.816454031997601e-05,2.590880666268486,-0.0017205169502906292,FW
776,0.07053589820861816,-12.644223753300697,0.001891256919615128,FW,1.8973489969443757e-05,2.590861108100905,-0.001891256919615128,FW
777,0.07060623168945312,-12.64422377124257,0.0017542491207293565,FW,1.699099005177729e-05,2.590856895144046,-0.0017542491207293565,FW
778,0.07067704200744629,-12.644223786145787,0.0018451029183826212,FW,1.9043097518559234e-05,2.590867224810111,-0.0018451029183826212,FW
779,0.07074809074401855,-12.644223803714027,0.0018295309174292118,FW,1.7690964924428132e-05,2.590868569875025,-0.0018295309174292118,FW
780,0.07081913948059082,-12.644223819897107,0.0018093090800669898,FW,1.8406850604539376e-05,2.5908413308441296,-0.0018093090800669898,FW
781,0.07088708877563477,-12.644223836548944,0.001773925237284285,FW,1.697138167112758e-05,2.590833873980409,-0.001773925237284285,FW
782,0.07095599174499512,-12.64422385160193,0.0018193590989253328,FW,1.771116585197482e-05,2.5908374359483366,-0.0018193590989253328,FW
783,0.07102704048156738,-12.644223867713412,0.0017811341275057596,FW,1.639371931874433e-05,2.590836731103899,-0.0017811341275057596,FW
784,0.0711050033569336,-12.644223882313124,0.0018050329254462316,FW,1.8097330795948328e-05,2.5908399734059295,-0.0018050329254462316,FW
785,0.07118010520935059,-12.644223898646265,0.0017461597203033419,FW,1.7972715833225913e-05,2.5908470045735545,-0.0017461597203033419,FW
786,0.07124900817871094,-12.644223914337877,0.001723526431638256,FW,1.592987627975137e-05,2.590821437544859,-0.001723526431638256,FW
787,0.0713200569152832,-12.644223928065655,0.0017872948355280166,FW,1.7927513002048074e-05,2.590841436265055,-0.0017872948355280166,FW
788,0.07138895988464355,-12.644223944086534,0.0017614831884876087,FW,1.7476492203057422e-05,2.590849186629832,-0.0017614831884876087,FW
789,0.07145810127258301,-12.644223959478811,0.0016734000553277062,FW,1.7456768627077167e-05,2.590867920059238,-0.0016734000553277062,FW
790,0.07152795791625977,-12.644223974084886,0.0018109394185747418,FW,1.6705885454700972e-05,2.59085512907238,-0.0018109394185747418,FW
791,0.07159805297851562,-12.64422398921156,0.001834590967479885,FW,1.8280992914484856e-05,2.5908243610257164,-0.001834590967479885,FW
792,0.07166910171508789,-12.644224005980632,0.0017397707682684088,FW,1.7580764255464318e-05,2.590829255096343,-0.0017397707682684088,FW
793,0.07173895835876465,-12.644224021273883,0.0016333725274146615,FW,1.538615480930884e-05,2.590841339673057,-0.0016333725274146615,FW
794,0.0718080997467041,-12.644224033839548,0.0016901389986473947,FW,1.7532506259153523e-05,2.590854415081025,-0.0016901389986473947,FW
795,0.07187628746032715,-12.64422404865573,0.0016960144085159529,FW,1.6864307125133414e-05,2.5908214946960375,-0.0016960144085159529,FW
796,0.0719461441040039,-12.644224062956784,0.0017717676515489056,FW,1.607025565972323e-05,2.5908196727503494,-0.0017717676515489056,FW
797,0.07201600074768066,-12.644224077193165,0.0018124910821821771,FW,1.7747593243690352e-05,2.5908310354896678,-0.0018124910821821771,FW
798,0.07208514213562012,-12.644224093276838,0.0016314889900981566,FW,1.5376972064130737e-05,2.590811593505072,-0.0016314889900981566,FW
799,0.07215404510498047,-12.64422410582052,0.0017193641694056155,FW,1.697187904907714e-05,2.5908159926226806,-0.0017193641694056155,FW
800,0.07222414016723633,-12.64422412041094,0.0016785392249471925,FW,1.619528406684139e-05,2.5907859462513407,-0.0016785392249471925,FW
801,0.0722959041595459,-12.644224134003153,0.001757469719996102,FW,1.774557496801318e-05,2.5907909794543063,-0.001757469719996102,FW
802,0.07236504554748535,-12.644224149596809,0.0017918075656473964,FW,1.5998045194501494e-05,2.5908176834077423,-0.0017918075656473964,FW
803,0.07245707511901855,-12.644224163929515,0.0016322086016718473,FW,1.6194324271177955e-05,2.5908182432066416,-0.0016322086016718473,FW
804,0.0726020336151123,-12.644224177145777,0.0017104736141683036,FW,1.6144573248972905e-05,2.590807394375132,-0.0017104736141683036,FW
805,0.07280206680297852,-12.644224190953208,0.0016779584515540097,FW,1.5718068825532988e-05,2.590804068691321,-0.0016779584515540097,FW
806,0.07294917106628418,-12.644224204140343,0.001661531746393552,FW,1.5017824160397279e-05,2.590800117950583,-0.001661531746393552,FW
807,0.07314801216125488,-12.644224216616635,0.0016623287745165943,FW,1.678177697860662e-05,2.5908022075863797,-0.0016623287745165943,FW
808,0.07327103614807129,-12.644224230565047,0.0015471515615679832,FW,1.5374411851313784e-05,2.5908198798601427,-0.0015471515615679832,FW
809,0.07334303855895996,-12.64422424245832,0.0016607751436225476,FW,1.582068065285476e-05,2.590821711802186,-0.0016607751436225476,FW
810,0.07341504096984863,-12.64422425559562,0.001731249790869388,FW,1.64702088006027e-05,2.5908159499662067,-0.001731249790869388,FW
811,0.07348418235778809,-12.644224269852641,0.0017263295330955664,FW,1.5535389179752785e-05,2.590817600869859,-0.0017263295330955664,FW
812,0.07355308532714844,-12.644224283262245,0.001588468336200799,FW,1.5058114986374882e-05,2.590819622235236,-0.001588468336200799,FW
813,0.0736231803894043,-12.644224295221912,0.0016202134147664665,FW,1.3954650352899352e-05,2.5908156588485145,-0.0016202134147664665,FW
814,0.07369303703308105,-12.64422430652667,0.0016468464969643937,FW,1.629038432267571e-05,2.590805023349571,-0.0016468464969643937,FW
815,0.073760986328125,-12.644224319940555,0.0016044079099920144,FW,1.565624977214353e-05,2.5908241167658654,-0.0016044079099920144,FW
816,0.07383108139038086,-12.644224332500059,0.0016642795822569278,FW,1.613748087195536e-05,2.5908084739359647,-0.0016642795822569278,FW
817,0.07390117645263672,-12.644224345928698,0.0015621634500123105,FW,1.4248364679107048e-05,2.590787795436332,-0.0015621634500123105,FW
818,0.07397198677062988,-12.644224357057828,0.0015958211359916874,FW,1.6270174491619472e-05,2.5907872926742526,-0.0015958211359916874,FW
819,0.07404112815856934,-12.644224370039971,0.0016044808687529916,FW,1.4592953009734928e-05,2.5907906528821703,-0.0016044808687529916,FW
820,0.0741121768951416,-12.644224381747032,0.0016369686392470884,FW,1.6294164145652864e-05,2.590800775012749,-0.0016369686392470884,FW
821,0.07427597045898438,-12.644224395083553,0.0016185348229493801,FW,1.6227108341889373e-05,2.590802087174101,-0.0016185348229493801,FW
822,0.07437705993652344,-12.644224408215623,0.0017078630339636969,FW,1.6259048075908063e-05,2.5907922402253565,-0.0017078630339636969,FW
823,0.0744469165802002,-12.64422442209974,0.0015427109130178723,FW,1.4357657714603985e-05,2.590763715208984,-0.0015427109130178723,FW
824,0.07451701164245605,-12.644224433174593,0.0016054375241989216,FW,1.42110725558333e-05,2.590771950338825,-0.0016054375241989216,FW
825,0.07458686828613281,-12.64422444458209,0.001548042873297878,FW,1.4768170774565951e-05,2.5907894186409606,-0.001548042873297878,FW
826,0.07465720176696777,-12.644224456012969,0.0017053167253130164,FW,1.4731434871076527e-05,2.590792014794572,-0.0017053167253130164,FW
827,0.07472586631774902,-12.64422446857385,0.0014963666921961466,FW,1.5018820103260108e-05,2.590803388213785,-0.0014963666921961466,FW
828,0.07479405403137207,-12.644224479810676,0.0014823678776330895,FW,1.4870584183821976e-05,2.590791799030216,-0.0014823678776330895,FW
829,0.07486224174499512,-12.644224490832526,0.0016165915396215286,FW,1.4060645284690129e-05,2.590777937543507,-0.0016165915396215286,FW
830,0.07493209838867188,-12.644224502197677,0.001629832735958528,FW,1.554791548268283e-05,2.590774854310995,-0.001629832735958528,FW
831,0.07500004768371582,-12.644224514867929,0.0015195996815239032,FW,1.3568404640709306e-05,2.5907796704505373,-0.0015195996815239032,FW
832,0.07506895065307617,-12.644224525177203,0.0015796096709878998,FW,1.4056827086103626e-05,2.5907953101638945,-0.0015796096709878998,FW
833,0.07514095306396484,-12.644224536279355,0.0015683434891913817,FW,1.5019496491458585e-05,2.5907773362142965,-0.0015683434891913817,FW
834,0.0752110481262207,-12.644224548057215,0.0016021028087189193,FW,1.4266239306130657e-05,2.590768045189069,-0.0016021028087189193,FW
835,0.07528209686279297,-12.64422455948521,0.0014591786678938012,FW,1.4782691187054198e-05,2.5907761674543206,-0.0014591786678938012,FW
836,0.07535219192504883,-12.644224570270499,0.0015139065769066984,FW,1.3850476044156376e-05,2.5907903932962224,-0.0015139065769066984,FW
837,0.07542109489440918,-12.644224580754667,0.0015407179521074593,FW,1.568250377344213e-05,2.590800068484636,-0.0015407179521074593,FW
838,0.07549905776977539,-12.64422459283582,0.0015035306713106905,FW,1.657579444844773e-05,2.5907806135779854,-0.0015035306713106905,FW
839,0.07568502426147461,-12.64422460529693,0.0015767210037370971,FW,1.5272155467197366e-05,2.5907702413216156,-0.0015767210037370971,FW
840,0.07575416564941406,-12.644224617336894,0.0014661829863516634,FW,1.4891777913884803e-05,2.590786821282876,-0.0014661829863516634,FW
841,0.07582497596740723,-12.644224628253932,0.00155616336330823,FW,1.4148728786790828e-05,2.590761402819808,-0.00155616336330823,FW
842,0.07589507102966309,-12.644224639262797,0.0015443363788426312,FW,1.7003507890684102e-05,2.5907799621057648,-0.0015443363788426312,FW
843,0.07596611976623535,-12.644224652392369,0.001497883970440872,FW,1.4168374072835281e-05,2.5907667935077514,-0.001497883970440872,FW
844,0.07603621482849121,-12.644224663003657,0.0015894012304811106,FW,1.4285282338014196e-05,2.590761090059191,-0.0015894012304811106,FW
845,0.07610607147216797,-12.644224674356176,0.001483234335628178,FW,1.468766747461656e-05,2.5907731418813724,-0.001483234335628178,FW
846,0.07617497444152832,-12.6442246852488,0.0014775930422932099,FW,1.4807057591477091e-05,2.590766738447579,-0.0014775930422932099,FW
847,0.07624602317810059,-12.644224696188205,0.0014548975183705792,FW,1.4480789408639257e-05,2.590777484381085,-0.0014548975183705792,FW
848,0.07631492614746094,-12.644224706722241,0.0015456644271213682,FW,1.4050952409873748e-05,2.590762851505061,-0.0015456644271213682,FW
849,0.07638311386108398,-12.644224717581265,0.0014906306670978559,FW,1.501078627972524e-05,2.5907599410604605,-0.0014906306670978559,FW
850,0.07645297050476074,-12.644224728769037,0.0014355765849621699,FW,1.6233622123992427e-05,2.5907774121645657,-0.0014355765849621699,FW
851,0.07652091979980469,-12.64422474042134,0.001472094278893804,FW,1.4781884670384048e-05,2.5907491993759026,-0.001472094278893804,FW
852,0.07659006118774414,-12.644224751301504,0.0014912824902553329,FW,1.6133519348635437e-05,2.5907546822160454,-0.0014912824902553329,FW
853,0.07666015625,-12.644224763331321,0.0014610951732561689,FW,1.4772018315630393e-05,2.5907437390048784,-0.0014610951732561689,FW
854,0.07672905921936035,-12.644224774122984,0.0013989261712306772,FW,1.4033104460278185e-05,2.590774444354013,-0.0013989261712306772,FW
855,0.07680106163024902,-12.644224783938622,0.0015455718544304664,FW,1.5161415309326686e-05,2.590771013741679,-0.0015455718544304664,FW
856,0.07687091827392578,-12.644224795655148,0.001406248778177674,FW,1.544281880850382e-05,2.590745625790781,-0.001406248778177674,FW
857,0.07694220542907715,-12.644224806513373,0.0014849163550361422,FW,1.5155287007523136e-05,2.590760121691003,-0.0014849163550361422,FW
858,0.0770120620727539,-12.644224817765535,0.0014030875316467656,FW,1.4226110795245912e-05,2.590749445693407,-0.0014030875316467656,FW
859,0.07709813117980957,-12.64422482774578,0.0014728701862477822,FW,1.492534342047804e-05,2.5907754722864293,-0.0014728701862477822,FW
860,0.07716798782348633,-12.644224838737326,0.0015083001573629184,FW,1.4311134604042746e-05,2.590753796164686,-0.0015083001573629184,FW
861,0.0772390365600586,-12.644224849530074,0.0014043986228489402,FW,1.3975999997965132e-05,2.590759701382036,-0.0014043986228489402,FW
862,0.07731008529663086,-12.644224859344007,0.0014354576462964758,FW,1.3891143603830012e-05,2.59075805216133,-0.0014354576462964758,FW
863,0.07737922668457031,-12.644224869314082,0.0014531507200530591,FW,1.3520496448577449e-05,2.5907525199476185,-0.0014531507200530591,FW
864,0.07744693756103516,-12.644224879137738,0.0014411226563229712,FW,1.3451858399395082e-05,2.590749654854941,-0.0014411226563229712,FW
865,0.07751703262329102,-12.644224888830633,0.001438726408606275,FW,1.417787267082565e-05,2.590746413720215,-0.001438726408606275,FW
866,0.07758712768554688,-12.644224899029672,0.0014073554015240908,FW,1.2901168106245369e-05,2.590747057204386,-0.0014073554015240908,FW
867,0.07765722274780273,-12.644224908107931,0.0013761086502417086,FW,1.4745888392665371e-05,2.5907500369086716,-0.0013761086502417086,FW
868,0.07773590087890625,-12.644224918253908,0.0014331182685128063,FW,1.3632788390711934e-05,2.590737533096569,-0.0014331182685128063,FW
869,0.07780694961547852,-12.644224928022604,0.001394848775616811,FW,1.4163047906078072e-05,2.5907401696434134,-0.001394848775616811,FW
870,0.07787799835205078,-12.644224937900256,0.0014006743573563296,FW,1.4796097936151715e-05,2.5907390363643064,-0.0014006743573563296,FW
871,0.07794809341430664,-12.644224948262515,0.0014148758210465046,FW,1.2622056009342723e-05,2.5907324390879354,-0.0014148758210465046,FW
872,0.0780191421508789,-12.644224957191835,0.0013867706917963935,FW,1.3485194096623033e-05,2.590740792104624,-0.0013867706917963935,FW
873,0.07808899879455566,-12.644224966542275,0.0014064535789729826,FW,1.433249007317162e-05,2.5907587931926277,-0.0014064535789729826,FW
874,0.07816100120544434,-12.644224976621263,0.001346129663684692,FW,1.3108652144468858e-05,2.5907498491871332,-0.001346129663684692,FW
875,0.0782310962677002,-12.644224985444238,0.0013483845396662641,FW,1.3688635308020066e-05,2.5907380832769675,-0.0013483845396662641,FW
876,0.07830095291137695,-12.644224994673008,0.0014177578487403891,FW,1.4730103066447043e-05,2.5907156328135277,-0.0014177578487403891,FW
877,0.07837295532226562,-12.64422500511487,0.001373483677000173,FW,1.3433569701544867e-05,2.5907283106449923,-0.001373483677000173,FW
878,0.07844305038452148,-12.644225014340261,0.0013966582632843477,FW,1.2996295925538982e-05,2.590728158150948,-0.0013966582632843477,FW
879,0.07851290702819824,-12.644225023415954,0.0014074987599520805,FW,1.3732395292100549e-05,2.5907338337355585,-0.0014074987599520805,FW
880,0.07858419418334961,-12.64422503308012,0.0013554931102735118,FW,1.3923403927108738e-05,2.5907350743150173,-0.0013554931102735118,FW
881,0.07865405082702637,-12.64422504251666,0.0013220187203861478,FW,1.418339329581575e-05,2.590718513713669,-0.0013220187203861478,FW
882,0.07872319221496582,-12.644225051892022,0.001312865510376543,FW,1.2947234746880483e-05,2.590723843943198,-0.001312865510376543,FW
883,0.07879519462585449,-12.644225060391008,0.001381165694422648,FW,1.337915654989816e-05,2.590727009827168,-0.001381165694422648,FW
884,0.07886505126953125,-12.644225069630417,0.0014180398317214238,FW,1.3602559565490544e-05,2.590720207998812,-0.0014180398317214238,FW
885,0.0789341926574707,-12.644225079274905,0.0013596132622736151,FW,1.214536946500148e-05,2.5907237757221586,-0.0013596132622736151,FW
886,0.07901287078857422,-12.644225087531408,0.0012949217801414975,FW,1.3084297548465105e-05,2.590718070132473,-0.0012949217801414975,FW
887,0.07908987998962402,-12.644225096002982,0.0013355755778513834,FW,1.2854769000096917e-05,2.59071985895411,-0.0013355755778513834,FW
888,0.07916021347045898,-12.64422510458724,0.001348169156856413,FW,1.4398232297984798e-05,2.5907406630184715,-0.001348169156856413,FW
889,0.07923007011413574,-12.644225114292864,0.001299889673185825,FW,1.3547578172396923e-05,2.5907076782947573,-0.001299889673185825,FW
890,0.0793001651763916,-12.644225123098042,0.0013230043345039688,FW,1.3318031182445518e-05,2.5907123325856136,-0.0013230043345039688,FW
891,0.07936906814575195,-12.644225131907945,0.0013026788494350794,FW,1.2726031999626158e-05,2.590721699369567,-0.0013026788494350794,FW
892,0.07943606376647949,-12.644225140196916,0.0013555773014957972,FW,1.2745261961666749e-05,2.5907187508808485,-0.0013555773014957972,FW
893,0.07950592041015625,-12.644225148835508,0.0013209029912044923,FW,1.3640859790148577e-05,2.590746207147193,-0.0013209029912044923,FW
894,0.07957625389099121,-12.644225157844629,0.001281677146886373,FW,1.212175710959906e-05,2.590711938329604,-0.001281677146886373,FW
895,0.07964706420898438,-12.644225165612726,0.0013514078792035006,FW,1.3597872930486727e-05,2.590694620208852,-0.0013514078792035006,FW
896,0.07971596717834473,-12.644225174800862,0.0012601262358833687,FW,1.2759937375451024e-05,2.5907064891251257,-0.0012601262358833687,FW
897,0.07978701591491699,-12.644225182840428,0.001275598244193002,FW,1.246022262738241e-05,2.590727497296233,-0.001275598244193002,FW
898,0.07985591888427734,-12.644225190787541,0.0012802204848489929,FW,1.2996422037850399e-05,2.590706415991845,-0.0012802204848489929,FW
899,0.07992410659790039,-12.644225199106682,0.001346887116609935,FW,1.3331111580702499e-05,2.5907023996206,-0.001346887116609935,FW
900,0.07999396324157715,-12.644225208084439,0.001281687952576313,FW,1.237975893491601e-05,2.590721128392485,-0.001281687952576313,FW
901,0.08006405830383301,-12.644225216017935,0.0012753989716625946,FW,1.2124698244857391e-05,2.590702697966597,-0.0012753989716625946,FW
902,0.08013391494750977,-12.644225223749844,0.001250035450885978,FW,1.311102161277296e-05,2.590708574508585,-0.001250035450885978,FW
903,0.08020305633544922,-12.64422523194447,0.0013019740204016778,FW,1.283466971757255e-05,2.5907041184155646,-0.0013019740204016778,FW
904,0.08027291297912598,-12.644225240299676,0.0012650173402426884,FW,1.2747624783057964e-05,2.5907026853747994,-0.0012650173402426884,FW
905,0.08034300804138184,-12.644225248362657,0.0012282426481523834,FW,1.2222674486777261e-05,2.5907152128841906,-0.0012282426481523834,FW
906,0.0804131031036377,-12.644225255868857,0.001305109466284357,FW,1.2585091546003319e-05,2.590723290618346,-0.001305109466284357,FW
907,0.08048319816589355,-12.64422526408132,0.001287281464431106,FW,1.2385242173645631e-05,2.5907066050656264,-0.001287281464431106,FW
908,0.0805521011352539,-12.644225272052964,0.001257406950719936,FW,1.3343842819616989e-05,2.5907102180947454,-0.001257406950719936,FW
909,0.08062219619750977,-12.644225280442285,0.001223742080914414,FW,1.2081828670173823e-05,2.590701314763944,-0.001223742080914414,FW
910,0.08069205284118652,-12.644225287834812,0.0011905753682273368,FW,1.2422093947815802e-05,2.5907145193989902,-0.0011905753682273368,FW
911,0.08076190948486328,-12.644225295229534,0.001275856378946394,FW,1.2168009868529358e-05,2.59069732777852,-0.001275856378946394,FW
912,0.08083105087280273,-12.64422530299185,0.001334739471054891,FW,1.2749391761303026e-05,2.590694404132828,-0.001334739471054891,FW
913,0.08090019226074219,-12.644225311500403,0.0011332543222886127,FW,1.2470400288718348e-05,2.5906960776343464,-0.0011332543222886127,FW
914,0.08098101615905762,-12.644225318566468,0.001216863990321601,FW,1.2116970509583372e-05,2.590702488667137,-0.001216863990321601,FW
915,0.08105087280273438,-12.64422532593883,0.0012447632885428661,FW,1.2243136092408047e-05,2.590703116928999,-0.0012447632885428661,FW
916,0.08113217353820801,-12.64422533355873,0.0012716508104879815,FW,1.241233669532951e-05,2.590698760129402,-0.0012716508104879815,FW
917,0.08120107650756836,-12.644225341450806,0.0012910254239802965,FW,1.2566179487592449e-05,2.590678731217313,-0.0012910254239802965,FW
918,0.08127117156982422,-12.644225349562438,0.0012088785862329338,FW,1.1407872528670442e-05,2.590693792424456,-0.0012088785862329338,FW
919,0.08134007453918457,-12.644225356457795,0.00122570712792211,FW,1.2143801372665943e-05,2.590683514200696,-0.00122570712792211,FW
920,0.08141016960144043,-12.64422536390017,0.001201789944838244,FW,1.1586744924714002e-05,2.590694070857454,-0.001201789944838244,FW
921,0.08147907257080078,-12.644225370862591,0.0012221900261902702,FW,1.17245091818474e-05,2.5906842431604455,-0.0012221900261902702,FW
922,0.08154821395874023,-12.644225378027373,0.001197181469534847,FW,1.2213575690573137e-05,2.5906827905545504,-0.001197181469534847,FW
923,0.08161687850952148,-12.644225385338315,0.0012207989275738046,FW,1.2749870512407632e-05,2.59068563841882,-0.0012207989275738046,FW
924,0.08168911933898926,-12.644225393120827,0.0011572469860520185,FW,1.1715329372677528e-05,2.5906868073921046,-0.0011572469860520185,FW
925,0.08175897598266602,-12.644225399899586,0.001193595742214934,FW,1.1457922519025243e-05,2.59067625604539,-0.001193595742214934,FW
926,0.08182883262634277,-12.644225406737654,0.001230842545886679,FW,1.2345175342093907e-05,2.5906864845088045,-0.001230842545886679,FW
927,0.08189702033996582,-12.644225414335136,0.0012063553186947157,FW,1.14964994490983e-05,2.590669699372909,-0.0012063553186947157,FW
928,0.08196687698364258,-12.644225421269573,0.0011928460339452468,FW,1.1709475017502347e-05,2.5906847299007154,-0.0011928460339452468,FW
929,0.08203601837158203,-12.644225428253373,0.0011773432598361777,FW,1.1671257995353753e-05,2.590680479988427,-0.0011773432598361777,FW
930,0.08210587501525879,-12.644225435123907,0.0012152560943243795,FW,1.1389770841798513e-05,2.5906726065110064,-0.0012152560943243795,FW
931,0.08217597007751465,-12.644225442044648,0.001157436405901588,FW,1.1276545022174441e-05,2.590674493822735,-0.001157436405901588,FW
932,0.082244873046875,-12.644225448570596,0.001182524821573841,FW,1.1338979078583697e-05,2.590679411463677,-0.001182524821573841,FW
933,0.08231496810913086,-12.644225455274908,0.0011795916383419425,FW,1.1325219683765471e-05,2.59067648909922,-0.0011795916383419425,FW
934,0.0823829174041748,-12.644225461954475,0.0011447530717294124,FW,1.087101321601885e-05,2.590680695869308,-0.0011447530717294124,FW
935,0.08245205879211426,-12.644225468176788,0.0012290410509803312,FW,1.0878549427766262e-05,2.590671481065835,-0.0012290410509803312,FW
936,0.0825202465057373,-12.644225474861877,0.0011310981403203357,FW,1.1707653373294462e-05,2.5906735876853775,-0.0011310981403203357,FW
937,0.08258795738220215,-12.644225481483131,0.0011265847797680834,FW,9.735617587632789e-06,2.5906805229609127,-0.0011265847797680834,FW
938,0.08265805244445801,-12.644225486967127,0.0011797973230737724,FW,1.1030652418347309e-05,2.5906890442113246,-0.0011797973230737724,FW
939,0.08272695541381836,-12.6442254934741,0.0011885548780712352,FW,1.2127382361838613e-05,2.5906811306164457,-0.0011885548780712352,FW
940,0.08279609680175781,-12.644225500681127,0.0010906348631097296,FW,1.0484158784362554e-05,2.590667155621031,-0.0010906348631097296,FW
941,0.08286404609680176,-12.644225506398321,0.001152972433038038,FW,1.200322260692718e-05,2.5906725501180645,-0.001152972433038038,FW
942,0.08293318748474121,-12.644225513318018,0.001136960043983809,FW,1.1532242558542746e-05,2.5906637715868213,-0.001136960043983809,FW
943,0.08301210403442383,-12.644225519873856,0.0011237822175543116,FW,1.1139880412264344e-05,2.5906692096363386,-0.0011237822175543116,FW
944,0.08309197425842285,-12.644225526133269,0.0012100788157408393,FW,1.176286176814959e-05,2.590669946285681,-0.0012100788157408393,FW
945,0.08317303657531738,-12.644225533250255,0.0011030395272729754,FW,1.1422790953780475e-05,2.5906655459332675,-0.0011030395272729754,FW
946,0.08324313163757324,-12.644225539550158,0.0011723194511313595,FW,1.1721164071230558e-05,2.5906607124485688,-0.0011723194511313595,FW
947,0.08331298828125,-12.644225546420627,0.0011164290467878951,FW,1.0248730262579859e-05,2.5906716959700278,-0.0011164290467878951,FW
948,0.08338212966918945,-12.644225552141615,0.0011245667256250397,FW,1.1692652129133181e-05,2.5906686187673054,-0.0011245667256250397,FW
949,0.0834510326385498,-12.644225558716208,0.001151750712765437,FW,1.1161737229655407e-05,2.590676821671306,-0.001151750712765437,FW
950,0.08351898193359375,-12.644225565143975,0.0011159467247958132,FW,1.0017318509371885e-05,2.590661452099516,-0.0011159467247958132,FW
951,0.0835881233215332,-12.644225570733367,0.0011204822922228352,FW,1.1319421063872628e-05,2.5906677179918467,-0.0011204822922228352,FW
952,0.08365797996520996,-12.644225577074977,0.0010715824017468595,FW,1.0858543469545193e-05,2.5906652787349738,-0.0010715824017468595,FW
953,0.08372688293457031,-12.644225582892881,0.0011096886940036577,FW,1.0792124144239479e-05,2.590663969994958,-0.0011096886940036577,FW
954,0.08379602432250977,-12.644225588880825,0.0011097200287537856,FW,1.0995432222796019e-05,2.5906471097141583,-0.0011097200287537856,FW
955,0.08386588096618652,-12.644225594981766,0.0011558196479817678,FW,1.107061143424234e-05,2.590638414619237,-0.0011558196479817678,FW
956,0.08393597602844238,-12.644225601379572,0.0010708087221003998,FW,1.0115418114318046e-05,2.590651397187194,-0.0010708087221003998,FW
957,0.08401107788085938,-12.644225606795414,0.001092007703510492,FW,1.0265442720043311e-05,2.5906621121858295,-0.001092007703510492,FW
958,0.08409619331359863,-12.644225612400387,0.001102791827081423,FW,1.0314052027112341e-05,2.5906696138401073,-0.001102791827081423,FW
959,0.0841670036315918,-12.644225618087509,0.0011066828420480124,FW,1.0574325908258e-05,2.5906618017345573,-0.0011066828420480124,FW
960,0.08423709869384766,-12.644225623938723,0.0010714640773474143,FW,1.0232195688974949e-05,2.590650917250901,-0.0010714640773474143,FW
961,0.08430695533752441,-12.644225629420438,0.0010650795051330986,FW,9.917574414175e-06,2.5906452738063424,-0.0010650795051330986,FW
962,0.08441805839538574,-12.644225634701945,0.0011336361999396138,FW,1.0778975475836048e-05,2.590653861817281,-0.0011336361999396138,FW
963,0.0845949649810791,-12.644225640811664,0.0010892312071922317,FW,1.120446672687128e-05,2.590650949227027,-0.0010892312071922317,FW
964,0.08475923538208008,-12.644225646913789,0.0010254472265747716,FW,9.73133574108708e-06,2.5906504991407946,-0.0010254472265747716,FW
965,0.08483409881591797,-12.644225651903271,0.0010462100534651408,FW,1.0949334836280476e-05,2.59065187730103,-0.0010462100534651408,FW
966,0.08490514755249023,-12.644225657630923,0.0010364485901521031,FW,1.0379919573636738e-05,2.5906598844012847,-0.0010364485901521031,FW
967,0.08498311042785645,-12.64422566301005,0.001121146641373999,FW,1.0492088378790245e-05,2.5906584491320275,-0.001121146641373999,FW
968,0.0850529670715332,-12.644225668891634,0.0010714657326595656,FW,1.1100244755041528e-05,2.590652127792345,-0.0010714657326595656,FW
969,0.08512306213378906,-12.6442256748384,0.0010530388778695332,FW,1.048915884666049e-05,2.590647477546808,-0.0010530388778695332,FW
970,0.08519315719604492,-12.644225680361151,0.0010663676170768188,FW,9.56380383879259e-06,2.5906308648857435,-0.0010663676170768188,FW
971,0.08526206016540527,-12.644225685460412,0.0011113048448289364,FW,1.1015654944065977e-05,2.590646405217729,-0.0011113048448289364,FW
972,0.08533215522766113,-12.64422569158129,0.0010521227480285167,FW,1.003086649436185e-05,2.590648906409479,-0.0010521227480285167,FW
973,0.0854039192199707,-12.644225696858141,0.0010088670659133964,FW,9.42732761444316e-06,2.590643475731167,-0.0010088670659133964,FW
974,0.08547401428222656,-12.6442257016136,0.0010430874878834262,FW,1.0000005301645052e-05,2.590637771653009,-0.0010430874878834262,FW
975,0.08554601669311523,-12.64422570682904,0.0010456704205248357,FW,1.0638186989567168e-05,2.590645121440199,-0.0010456704205248357,FW
976,0.08561587333679199,-12.64422571239106,0.0010013508986816966,FW,1.015955509350932e-05,2.5906494921094647,-0.0010013508986816966,FW
977,0.08568501472473145,-12.644225717477699,0.0010795819032432957,FW,1.0687282636196319e-05,2.5906430293617877,-0.0010795819032432957,FW
978,0.0857548713684082,-12.644225723246599,0.0010500606374164168,FW,1.0816349976220125e-05,2.5906430535812284,-0.0010500606374164168,FW
979,0.08582401275634766,-12.644225728925509,0.0010164530472937111,FW,1.0334658427531647e-05,2.590636954789283,-0.0010164530472937111,FW
980,0.08589506149291992,-12.644225734177864,0.0010209949152429065,FW,9.843838307345293e-06,2.590642353034794,-0.0010209949152429065,FW
981,0.08596515655517578,-12.64422573920311,0.0010082884182121415,FW,1.0585822523262924e-05,2.590628722021891,-0.0010082884182121415,FW
982,0.08603501319885254,-12.644225744539899,0.0010303323436891831,FW,1.0279651698604716e-05,2.5906351748615104,-0.0010303323436891831,FW
983,0.0861051082611084,-12.644225749835623,0.0010477805384678657,FW,1.0241421800639278e-05,2.5906434549081165,-0.0010477805384678657,FW
984,0.08617496490478516,-12.644225755201004,0.0010421869102020392,FW,9.0533563867807e-06,2.590627596617536,-0.0010421869102020392,FW
985,0.08624505996704102,-12.644225759918644,0.001042787430700673,FW,1.006219812344393e-05,2.590633837728749,-0.001042787430700673,FW
986,0.08631515502929688,-12.644225765165015,0.0010038430176055602,FW,9.998057241584583e-06,2.5906355073750302,-0.0010038430176055602,FW
987,0.08638596534729004,-12.644225770183253,0.0009727871266355104,FW,8.846726115995132e-06,2.590621140654498,-0.0009727871266355104,FW
988,0.08645796775817871,-12.644225774486248,0.001008258260935424,FW,8.831076829592173e-06,2.5906275850876446,-0.001008258260935424,FW
989,0.08652901649475098,-12.64422577893825,0.0010557279449909668,FW,1.0728300747273723e-05,2.590634203415388,-0.0010557279449909668,FW
990,0.08659887313842773,-12.644225784601334,0.0009975970146083035,FW,9.207223562778058e-06,2.590637876600629,-0.0009975970146083035,FW
991,0.08666801452636719,-12.644225789193886,0.0010217858726438295,FW,9.145046357282675e-06,2.590625021246421,-0.0010217858726438295,FW
992,0.08673810958862305,-12.64422579386602,0.0009497772621645528,FW,9.532182314463844e-06,2.590624011895406,-0.0009497772621645528,FW
993,0.08681297302246094,-12.644225798392743,0.000970526863341481,FW,9.10374101865369e-06,2.5906372780102123,-0.000970526863341481,FW
994,0.08688211441040039,-12.64422580281046,0.0009386374884447629,FW,9.909736488220922e-06,2.590634322763696,-0.0009386374884447629,FW
995,0.08696913719177246,-12.644225807461284,0.0010511569095252304,FW,1.0362578304869455e-05,2.5906268072437295,-0.0010511569095252304,FW
996,0.08703804016113281,-12.644225812907626,0.0009889164822516894,FW,1.0242651239136156e-05,2.590616728478167,-0.0009889164822516894,FW
997,0.08710885047912598,-12.644225817972194,0.0010215836332951173,FW,9.627870815566687e-06,2.5906217829147153,-0.0010215836332951173,FW
998,0.08717918395996094,-12.644225822890034,0.0009614037622991123,FW,9.237840653287221e-06,2.5906158866905837,-0.0009614037622991123,FW
999,0.08724784851074219,-12.644225827330684,0.0009618020390290694,FW,9.162873785411305e-06,2.5906224485901097,-0.0009618020390290694,FW
1000,0.08731698989868164,-12.644225831737117,0.0009780651316319278,FW,9.800385167388419e-06,2.590615581739043,-0.0009780651316319278,FW
1001,0.0873880386352539,-12.644225836529827,0.0009831503763503419,FW,9.745380348785542e-06,2.590611281725685,-0.0009831503763503419,FW
1002,0.08745718002319336,-12.64422584132041,0.0009614600774304483,FW,9.916277516296343e-06,2.590630998139031,-0.0009614600774304483,FW
1003,0.08752703666687012,-12.64422584608746,0.0009581903910730327,FW,9.047075900976581e-06,2.5906214061923993,-0.0009581903910730327,FW
1004,0.08759808540344238,-12.644225850421872,0.0010083165712192338,FW,1.0222098884413136e-05,2.5906144582974964,-0.0010083165712192338,FW
1005,0.08766794204711914,-12.644225855575431,0.0009340349880582882,FW,9.342750393159561e-06,2.5906132396477735,-0.0009340349880582882,FW
1006,0.0877389907836914,-12.644225859938663,0.0009075788257090628,FW,9.39959081403683e-06,2.590623297203905,-0.0009075788257090628,FW
1007,0.08780813217163086,-12.64422586420409,0.0009713028812142616,FW,1.0256368890864313e-05,2.5906288791733165,-0.0009713028812142616,FW
1008,0.08787798881530762,-12.644225869185115,0.0009599232876363051,FW,9.832914442927238e-06,2.590629863810425,-0.0009599232876363051,FW
1009,0.08794713020324707,-12.644225873904533,0.0009082852067498898,FW,8.985128653236039e-06,2.59062229149189,-0.0009082852067498898,FW
1010,0.08801698684692383,-12.644225877985063,0.0009433697129127699,FW,9.19350167079585e-06,2.5906084487961762,-0.0009433697129127699,FW
1011,0.08808517456054688,-12.644225882321503,0.0009827812711238892,FW,8.894155937713544e-06,2.590624044863547,-0.0009827812711238892,FW
1012,0.08815312385559082,-12.644225886692,0.000930457191038847,FW,9.415623786549223e-06,2.5906259316892926,-0.000930457191038847,FW
1013,0.08822202682495117,-12.644225891072422,0.0009069016440756694,FW,9.272214545175852e-06,2.590622984771081,-0.0009069016440756694,FW
1014,0.08829188346862793,-12.644225895276913,0.0009851590455215165,FW,9.707104013714483e-06,2.5906092066411173,-0.0009851590455215165,FW
1015,0.0883631706237793,-12.644225900058434,0.0009471654417030628,FW,9.868213201930654e-06,2.590607521270317,-0.0009471654417030628,FW
1016,0.08843088150024414,-12.64422590473185,0.0009239367354343248,FW,8.997914747929742e-06,2.5906061200824912,-0.0009239367354343248,FW
1017,0.08850216865539551,-12.6442259088886,0.0008692468018614008,FW,9.303481194306146e-06,2.5906074482280426,-0.0008692468018614008,FW
1018,0.08857107162475586,-12.644225912932106,0.0009899465796599505,FW,9.779072994156617e-06,2.590607820855526,-0.0009899465796599505,FW
1019,0.08864116668701172,-12.644225917772493,0.0009671387144811472,FW,9.662526616259861e-06,2.5906098279168575,-0.0009671387144811472,FW
1020,0.08871102333068848,-12.644225922444997,0.0009215613181022403,FW,8.26687109190315e-06,2.5905964940451547,-0.0009215613181022403,FW
1021,0.08878111839294434,-12.644225926254206,0.0009193048222138622,FW,8.542836008735075e-06,2.590600087364253,-0.0009193048222138622,FW
1022,0.0888519287109375,-12.644225930180939,0.0009075492522796214,FW,9.015717519930782e-06,2.5906169845243214,-0.0009075492522796214,FW
1023,0.08893489837646484,-12.64422593427205,0.0009236353046544049,FW,8.654465776420558e-06,2.590610368751466,-0.0009236353046544049,FW
1024,0.08900618553161621,-12.644225938268825,0.0009092947457590012,FW,9.620017435127274e-06,2.5906052498730063,-0.0009092947457590012,FW
1025,0.08907508850097656,-12.64422594264256,0.0009027849551670464,FW,8.086191898093018e-06,2.5905970483192005,-0.0009027849551670464,FW
1026,0.08914518356323242,-12.644225946292595,0.0008928756244957758,FW,8.645312971740847e-06,2.5906059341095817,-0.0008928756244957758,FW
1027,0.08921408653259277,-12.644225950152192,0.0009106227616569595,FW,8.474413876447717e-06,2.5906117684170957,-0.0009106227616569595,FW
1028,0.08928418159484863,-12.644225954010684,0.0009164053698373226,FW,9.525743662087793e-06,2.590605413205731,-0.0009164053698373226,FW
1029,0.08935213088989258,-12.644225958375408,0.0008736560057239495,FW,8.630032932694527e-06,2.59060792326747,-0.0008736560057239495,FW
1030,0.08942222595214844,-12.644225962145248,0.0008782722738059773,FW,8.428887379925115e-06,2.5906000516147136,-0.0008782722738059773,FW
1031,0.0894930362701416,-12.644225965846676,0.0008943791400442547,FW,8.01342366022095e-06,2.5905940272243875,-0.0008943791400442547,FW
1032,0.08956503868103027,-12.644225969430194,0.0008677769619339776,FW,8.72445424905672e-06,2.5906074792728675,-0.0008677769619339776,FW
1033,0.08963513374328613,-12.644225973215638,0.0009051051334637711,FW,8.965974817728324e-06,2.590608823884364,-0.0009051051334637711,FW
1034,0.08970499038696289,-12.644225977273209,0.0009245755144530327,FW,8.744191417619419e-06,2.590594331259166,-0.0009245755144530327,FW
1035,0.08977413177490234,-12.644225981315541,0.0009152542532288865,FW,9.17433592900077e-06,2.590600515404748,-0.0009152542532288865,FW
1036,0.0898430347442627,-12.644225985513973,0.0008936689010779764,FW,8.949015590225547e-06,2.590598278938183,-0.0008936689010779764,FW
1037,0.08991217613220215,-12.644225989512696,0.0008312991044418239,FW,7.92849220553845e-06,2.590593137087315,-0.0008312991044418239,FW
1038,0.0899820327758789,-12.64422599280817,0.000877526384564814,FW,8.919336378890234e-06,2.590600998929726,-0.000877526384564814,FW
1039,0.09005212783813477,-12.644225996721643,0.0008639226122226507,FW,8.858793605936706e-06,2.590600621597043,-0.0008639226122226507,FW
1040,0.09012317657470703,-12.644226000548302,0.0008458054239639523,FW,8.725234853170352e-06,2.5906008052756677,-0.0008458054239639523,FW
1041,0.09019184112548828,-12.644226004238227,0.0009060101260231074,FW,8.314608868234914e-06,2.590595877612418,-0.0009060101260231074,FW
1042,0.09026312828063965,-12.644226008004788,0.0008931966519811069,FW,8.586398186352592e-06,2.5905923965650492,-0.0008931966519811069,FW
1043,0.0903329849243164,-12.644226011839457,0.0008542290305754707,FW,8.27237539623968e-06,2.590599012501163,-0.0008542290305754707,FW
1044,0.09040212631225586,-12.644226015372709,0.0008240928243844897,FW,8.376821973292549e-06,2.590591075229583,-0.0008240928243844897,FW
1045,0.09047412872314453,-12.644226018824348,0.0008402689998566193,FW,8.117005015417677e-06,2.590595777637234,-0.0008402689998566193,FW
1046,0.0905458927154541,-12.644226022234589,0.0009071697977937332,FW,7.715946239125528e-06,2.5905905804896423,-0.0009071697977937332,FW
1047,0.09061789512634277,-12.64422602573442,0.0008723736470839655,FW,8.416860866001531e-06,2.5905933606899016,-0.0008723736470839655,FW
1048,0.09068703651428223,-12.64422602940574,0.0008437970953907858,FW,8.772432783941305e-06,2.590601062982088,-0.0008437970953907858,FW
1049,0.09075617790222168,-12.64422603310682,0.0008349956818288207,FW,7.60696719821011e-06,2.5905863968921623,-0.0008349956818288207,FW
1050,0.09082698822021484,-12.644226036282708,0.0008191232106128099,FW,9.034855704345184e-06,2.590587257841834,-0.0008191232106128099,FW
1051,0.09099006652832031,-12.644226039983042,0.0009040854972469925,FW,8.758588220786996e-06,2.5905875279719823,-0.0009040854972469925,FW
1052,0.09115195274353027,-12.644226043942302,0.0007850713416455574,FW,8.412984126060099e-06,2.5905893559952,-0.0007850713416455574,FW
1053,0.0913090705871582,-12.644226047244699,0.0008496441559285584,FW,8.053559857043623e-06,2.5905928696850777,-0.0008496441559285584,FW
1054,0.09146404266357422,-12.64422605066602,0.0008579007043819781,FW,9.051373028898073e-06,2.5905887893893023,-0.0008579007043819781,FW
1055,0.09161925315856934,-12.644226054548621,0.0008353662912543303,FW,8.931645963845813e-06,2.5905800363852003,-0.0008353662912543303,FW
1056,0.09177398681640625,-12.644226058279214,0.0008599663377076017,FW,7.762652442673589e-06,2.5905856787771353,-0.0008599663377076017,FW
1057,0.09193205833435059,-12.644226061617026,0.0008089111139917837,FW,8.171075464993533e-06,2.5905917971114327,-0.0008089111139917837,FW
1058,0.09210705757141113,-12.644226064921861,0.0008506654974080735,FW,8.077925025130464e-06,2.59059202342835,-0.0008506654974080735,FW
1059,0.09230589866638184,-12.644226068357671,0.0008533055457265598,FW,8.469358764779012e-06,2.5905890880933655,-0.0008533055457265598,FW
1060,0.09251689910888672,-12.644226071971142,0.000785710101927628,FW,7.699104330564106e-06,2.59058540480348,-0.000785710101927628,FW
1061,0.09276294708251953,-12.644226074995773,0.0008468322054119154,FW,8.56646926128221e-06,2.5905796305679676,-0.0008468322054119154,FW
1062,0.09289002418518066,-12.644226078622955,0.0007811939953203673,FW,7.643824007469664e-06,2.590583021555014,-0.0007811939953203673,FW
1063,0.09296202659606934,-12.644226081608608,0.0008109016542860725,FW,7.678137473146597e-06,2.590580792253353,-0.0008109016542860725,FW
1064,0.0930330753326416,-12.64422608472172,0.0008320404220921729,FW,7.547398539698965e-06,2.590583978577901,-0.0008320404220921729,FW
1065,0.09310102462768555,-12.644226087861588,0.0008306381362982451,FW,7.61623213723874e-06,2.5905833160753113,-0.0008306381362982451,FW
1066,0.0931699275970459,-12.644226091024755,0.0008253598511259036,FW,7.777183331118636e-06,2.5905801656857403,-0.0008253598511259036,FW
1067,0.09323811531066895,-12.644226094234241,0.0007928650038899476,FW,7.246591771405987e-06,2.5905778652857507,-0.0007928650038899476,FW
1068,0.0933079719543457,-12.644226097107026,0.0007760357952628916,FW,7.359911359800435e-06,2.590577766653968,-0.0007760357952628916,FW
1069,0.09337806701660156,-12.644226099962804,0.000799663684802776,FW,7.895215259122013e-06,2.5905829109906247,-0.000799663684802776,FW
1070,0.09344911575317383,-12.644226103119568,0.0008335927733076759,FW,7.820787061395207e-06,2.590576422855188,-0.0008335927733076759,FW
1071,0.09351706504821777,-12.644226106379243,0.0008081331610300668,FW,7.856849175718921e-06,2.590579273251174,-0.0008081331610300668,FW
1072,0.09358692169189453,-12.644226109553932,0.0008352124607862721,FW,8.129422471421834e-06,2.5905727387191977,-0.0008352124607862721,FW
1073,0.09365725517272949,-12.64422611294883,0.0007123182946891238,FW,7.695843922550945e-06,2.5905642706674534,-0.0007123182946891238,FW
1074,0.09372591972351074,-12.644226115689769,0.0008068650435731767,FW,7.300261136875208e-06,2.590572689962702,-0.0008068650435731767,FW
1075,0.09379410743713379,-12.644226118634933,0.0008071062777870314,FW,9.123789909405601e-06,2.5905745100838806,-0.0008071062777870314,FW
1076,0.09386301040649414,-12.64422612231687,0.0007880864296715556,FW,7.5070198332061845e-06,2.5905795777950096,-0.0007880864296715556,FW
1077,0.09393310546875,-12.644226125274956,0.0008200767750232152,FW,7.927525002826991e-06,2.590575514062239,-0.0008200767750232152,FW
1078,0.09400296211242676,-12.644226128525549,0.000741496789964019,FW,7.388733587000558e-06,2.5905752159291073,-0.000741496789964019,FW
1079,0.0940711498260498,-12.644226131264912,0.0007868825717258915,FW,8.038452856915645e-06,2.590573835579855,-0.0007868825717258915,FW
1080,0.09415102005004883,-12.644226134427567,0.0007648234504322449,FW,7.122666159378924e-06,2.5905789963326633,-0.0007648234504322449,FW
1081,0.09424400329589844,-12.644226137151358,0.000815130579208026,FW,8.306908202280782e-06,2.590575762797043,-0.000815130579208026,FW
1082,0.09431600570678711,-12.644226140536967,0.0007842569245924136,FW,7.199417195014803e-06,2.590569628875614,-0.0007842569245924136,FW
1083,0.09438705444335938,-12.644226143360063,0.0007804744468969671,FW,7.258041465850423e-06,2.59057154185688,-0.0007804744468969671,FW
1084,0.09445786476135254,-12.644226146192427,0.0007593339914119812,FW,7.60970819084618e-06,2.590578817934394,-0.0007593339914119812,FW
1085,0.0945291519165039,-12.64422614908157,0.000756236998099652,FW,7.5810221409944025e-06,2.590562674051003,-0.000756236998099652,FW
1086,0.09460115432739258,-12.6442261519481,0.0007576841782681171,FW,7.552493405042954e-06,2.590556480850089,-0.0007576841782681171,FW
1087,0.09467411041259766,-12.644226154809303,0.0007645475454618744,FW,7.3432846810429965e-06,2.59056487100004,-0.0007645475454618744,FW
1088,0.09474587440490723,-12.64422615761645,0.0007998056786221591,FW,7.187851779312604e-06,2.590567198433275,-0.0007998056786221591,FW
1089,0.09482407569885254,-12.644226160490891,0.000731568477151473,FW,7.5076092496271406e-06,2.5905721370560717,-0.000731568477151473,FW
1090,0.09489321708679199,-12.644226163237057,0.0007497114051265574,FW,7.979266683651658e-06,2.5905738335552186,-0.0007497114051265574,FW
1091,0.09496188163757324,-12.64422616622813,0.0007587754178454004,FW,7.122058493818531e-06,2.5905610455099453,-0.0007587754178454004,FW
1092,0.0950322151184082,-12.644226168930157,0.0007591885551014588,FW,7.874071683888466e-06,2.5905665029793,-0.0007591885551014588,FW
1093,0.09510207176208496,-12.644226171919108,0.0007438643723969018,FW,7.17944496036986e-06,2.5905566038109025,-0.0007438643723969018,FW
1094,0.09517216682434082,-12.644226174589368,0.0007636050829950697,FW,6.690884173747307e-06,2.5905616184169262,-0.0007636050829950697,FW
1095,0.09524106979370117,-12.644226177143963,0.00078705206195126,FW,7.431819912937747e-06,2.5905621874998275,-0.00078705206195126,FW
1096,0.09531092643737793,-12.644226180068582,0.0007370228600288298,FW,7.625192190142026e-06,2.5905584908108437,-0.0007370228600288298,FW
1097,0.09538006782531738,-12.644226182878553,0.0007315028568096599,FW,7.713781595933188e-06,2.5905524811953593,-0.0007315028568096599,FW
1098,0.09544920921325684,-12.644226185699878,0.0007122647385117697,FW,6.874933878112022e-06,2.590552368541558,-0.0007122647385117697,FW
1099,0.09552001953125,-12.644226188148268,0.0007918636645996707,FW,6.854189573961518e-06,2.5905581997404035,-0.0007918636645996707,FW
1100,0.09559106826782227,-12.64422619086206,0.0007821641872681889,FW,7.374112790418134e-06,2.5905640489322543,-0.0007821641872681889,FW
1101,0.09566020965576172,-12.644226193745945,0.0007169707300200834,FW,7.092844380891076e-06,2.590561210479295,-0.0007169707300200834,FW
1102,0.09573006629943848,-12.64422619628862,0.0006962184763871088,FW,6.819431937711785e-06,2.5905531549841827,-0.0006962184763871088,FW
1103,0.09579920768737793,-12.64422619866253,0.0007328271663979563,FW,6.5368105743471356e-06,2.5905552776791567,-0.0007328271663979563,FW
1104,0.09586787223815918,-12.644226201057707,0.000778625382026138,FW,7.158041809124861e-06,2.590547554151395,-0.000778625382026138,FW
1105,0.09593605995178223,-12.64422620384442,0.0007143589328111044,FW,7.247924393488989e-06,2.5905617572084405,-0.0007143589328111044,FW
1106,0.09600496292114258,-12.644226206433233,0.0006963319962724479,FW,6.373141751609409e-06,2.590563199188685,-0.0006963319962724479,FW
1107,0.09607410430908203,-12.644226208652139,0.0007018237016178791,FW,7.108115667775457e-06,2.5905518155529768,-0.0007018237016178791,FW
1108,0.09614396095275879,-12.644226211146469,0.0007269324738472527,FW,7.741543797590851e-06,2.5905534681961475,-0.0007269324738472527,FW
1109,0.09621405601501465,-12.644226213960257,0.000731122832807532,FW,6.801379719645754e-06,2.59054965569625,-0.000731122832807532,FW
1110,0.0962839126586914,-12.644226216446581,0.000734630174281381,FW,7.643694683319457e-06,2.590555822479963,-0.000734630174281381,FW
1111,0.09635305404663086,-12.644226219254225,0.0007231456051102897,FW,6.7840138695263835e-06,2.5905504632313723,-0.0007231456051102897,FW
1112,0.09642291069030762,-12.64422622170714,0.000754160495067005,FW,6.7132720870285855e-06,2.590546504551735,-0.000754160495067005,FW
1113,0.09649205207824707,-12.644226224238574,0.000707768262875455,FW,6.8581966896118805e-06,2.590555893392695,-0.000707768262875455,FW
1114,0.09656095504760742,-12.644226226665584,0.0006728653844898236,FW,6.941574303449101e-06,2.590549717337545,-0.0006728653844898236,FW
1115,0.09663105010986328,-12.644226229000957,0.0007097588655982923,FW,7.089261675476086e-06,2.590550328858694,-0.0007097588655982923,FW
1116,0.09670090675354004,-12.644226231516791,0.0007139617533331172,FW,7.761318349647912e-06,2.5905571847622793,-0.0007139617533331172,FW
1117,0.096771240234375,-12.644226234287434,0.0006842339829379457,FW,7.43105386264633e-06,2.590549164686536,-0.0006842339829379457,FW
1118,0.09685611724853516,-12.644226236829724,0.0006746095407186015,FW,6.946998923625239e-06,2.590538395448792,-0.0006746095407186015,FW
1119,0.09692811965942383,-12.64422623917298,0.0007273813466938811,FW,7.319349934961905e-06,2.5905389283263465,-0.0007273813466938811,FW
1120,0.09699892997741699,-12.644226241834952,0.0007321693805093094,FW,6.457661141241625e-06,2.590545863422168,-0.0007321693805093094,FW
1121,0.09706902503967285,-12.644226244199011,0.0006571692513466509,FW,6.35632286489828e-06,2.5905515404703934,-0.0006571692513466509,FW
1122,0.09713912010192871,-12.644226246287603,0.0007099618849215616,FW,7.614588614450121e-06,2.5905587933472476,-0.0007099618849215616,FW
1123,0.09720921516418457,-12.644226248990629,0.0006916392026179441,FW,6.735900848313931e-06,2.5905432024224293,-0.0006916392026179441,FW
1124,0.09727907180786133,-12.644226251320045,0.000699764557845789,FW,7.6289095591314065e-06,2.590544408654209,-0.000699764557845789,FW
1125,0.09734988212585449,-12.64422625398926,0.0006918225923594201,FW,6.8823744368809655e-06,2.5905393864832087,-0.0006918225923594201,FW
1126,0.09742116928100586,-12.64422625636995,0.000693477544873311,FW,6.728285630431737e-06,2.5905518997233785,-0.000693477544873311,FW
1127,0.09749197959899902,-12.644226258702908,0.0006975571611326364,FW,6.5257054791402146e-06,2.5905362433308086,-0.0006975571611326364,FW
1128,0.0975639820098877,-12.64422626097894,0.0006836464081041854,FW,7.026882550055763e-06,2.5905357897650103,-0.0006836464081041854,FW
1129,0.09763407707214355,-12.644226263380883,0.0006646640509697932,FW,6.095123084037362e-06,2.590545688897368,-0.0006646640509697932,FW
1130,0.09770393371582031,-12.644226265406491,0.0006924328118898815,FW,6.252889690087049e-06,2.590541776635831,-0.0006924328118898815,FW
1131,0.09782624244689941,-12.644226267571343,0.0006960426055098445,FW,6.9692275839403174e-06,2.5905469749498122,-0.0006960426055098445,FW
1132,0.09800291061401367,-12.644226269996777,0.0006567950890832702,FW,6.562014328130792e-06,2.5905398147560166,-0.0006567950890832702,FW
1133,0.09816193580627441,-12.644226272151727,0.0006482643754184836,FW,6.724519403677168e-06,2.590532392551581,-0.0006482643754184836,FW
1134,0.09831619262695312,-12.644226274331368,0.000677098677867416,FW,6.7806400731345435e-06,2.590535860634756,-0.000677098677867416,FW
1135,0.09846997261047363,-12.644226276626945,0.0006791989814194654,FW,6.531030502085535e-06,2.5905432115914224,-0.0006791989814194654,FW
1136,0.09862303733825684,-12.644226278844874,0.000650800384397382,FW,7.016520237820624e-06,2.590547978935952,-0.000650800384397382,FW
1137,0.09879207611083984,-12.644226281128063,0.0006924067066645112,FW,6.6430775157591734e-06,2.5905430577700197,-0.0006924067066645112,FW
1138,0.09896087646484375,-12.644226283427914,0.0006619972332790464,FW,6.152920902551332e-06,2.5905349625886878,-0.0006619972332790464,FW
1139,0.0991208553314209,-12.644226285464523,0.0006472169396778971,FW,6.518507234016958e-06,2.5905378811060165,-0.0006472169396778971,FW
1140,0.09927821159362793,-12.644226287573968,0.0006627291091410997,FW,6.514887885729669e-06,2.590532024853378,-0.0006627291091410997,FW
1141,0.09943509101867676,-12.644226289732767,0.0006525129396538626,FW,6.2244521675387435e-06,2.5905408375555816,-0.0006525129396538626,FW
1142,0.09959006309509277,-12.64422629176354,0.0006716558598393457,FW,6.677989470240755e-06,2.5905362331329846,-0.0006716558598393457,FW
1143,0.09974503517150879,-12.644226294006195,0.0006482891262681867,FW,6.711592162090605e-06,2.59053802979483,-0.0006482891262681867,FW
1144,0.09989786148071289,-12.644226296181719,0.0006476407299872144,FW,6.768307792154129e-06,2.590535764962519,-0.0006476407299872144,FW
1145,0.10004997253417969,-12.64422629837343,0.0006564621576673896,FW,5.847865739058591e-06,2.5905334381400036,-0.0006564621576673896,FW
1146,0.10020804405212402,-12.644226300292885,0.0006621670423862941,FW,6.1351452294529614e-06,2.590538269078281,-0.0006621670423862941,FW
1147,0.10036206245422363,-12.644226302324133,0.0006395753274929805,FW,6.3865404153620485e-06,2.5905387763606527,-0.0006395753274929805,FW
1148,0.10051417350769043,-12.644226304366466,0.0006466722759196353,FW,6.439218954742308e-06,2.5905403832360636,-0.0006466722759196353,FW
1149,0.10066604614257812,-12.644226306448502,0.0006332402644803337,FW,6.193374897379929e-06,2.5905324106730454,-0.0006332402644803337,FW
1150,0.10078597068786621,-12.644226308409445,0.0006444576456967471,FW,5.95375229095102e-06,2.5905273032193494,-0.0006444576456967471,FW
1151,0.10085797309875488,-12.644226310327916,0.0006581705778944402,FW,6.210805207190776e-06,2.590540014877744,-0.0006581705778944402,FW
1152,0.10092806816101074,-12.644226312371803,0.0006329335313390028,FW,6.681174937467789e-06,2.5905331228590276,-0.0006329335313390028,FW
1153,0.1009988784790039,-12.644226314486179,0.0006607776735932241,FW,6.696057007643126e-06,2.5905243076585056,-0.0006607776735932241,FW
1154,0.10106921195983887,-12.644226316698477,0.000613607602842195,FW,6.27885232614533e-06,2.590527953842114,-0.000613607602842195,FW
1155,0.1011350154876709,-12.644226318624847,0.0006457691484500622,FW,6.233576627367258e-06,2.590528536922687,-0.0006457691484500622,FW
1156,0.10120415687561035,-12.644226320637575,0.0006272578391673667,FW,5.958231453463544e-06,2.5905383608646058,-0.0006272578391673667,FW
1157,0.10127401351928711,-12.644226322506253,0.0006366313085449937,FW,6.058892736041078e-06,2.5905359457959563,-0.0006366313085449937,FW
1158,0.10134410858154297,-12.644226324434891,0.0006705179683347551,FW,6.631408418422141e-06,2.590526449289325,-0.0006705179683347551,FW
1159,0.10141396522521973,-12.644226326658128,0.0005968538530952,FW,6.07271979753137e-06,2.590514839028612,-0.0005968538530952,FW
1160,0.10148310661315918,-12.644226328470392,0.0005905001059886977,FW,5.975686539148973e-06,2.5905186551399457,-0.0005905001059886977,FW
1161,0.10155081748962402,-12.64422633023471,0.0006258306640112982,FW,5.961325911233871e-06,2.590524553570845,-0.0006258306640112982,FW
1162,0.10161995887756348,-12.644226332100109,0.0006463314058700459,FW,6.318513010551449e-06,2.590520425558109,-0.0006463314058700459,FW
1163,0.10168910026550293,-12.64422633414203,0.0006252990241353562,FW,6.156052535275119e-06,2.59052669702924,-0.0006252990241353562,FW
1164,0.1017601490020752,-12.644226336066724,0.0006298219254971815,FW,5.96314070368726e-06,2.5905187589152883,-0.0006298219254971815,FW
1165,0.10182905197143555,-12.644226337944573,0.0006067936263947638,FW,6.005161238766435e-06,2.5905205042068595,-0.0006067936263947638,FW
1166,0.1018979549407959,-12.644226339766524,0.0006021735189644523,FW,5.61537190983422e-06,2.5905228888831497,-0.0006021735189644523,FW
1167,0.10196805000305176,-12.644226341457236,0.0006149184172079686,FW,5.933389190713682e-06,2.590522253820701,-0.0006149184172079686,FW
1168,0.10203814506530762,-12.64422634328151,0.0006331945124755933,FW,6.431727423252645e-06,2.590529086136171,-0.0006331945124755933,FW
1169,0.10210704803466797,-12.644226345317785,0.0006014284059595448,FW,5.550677236506292e-06,2.5905282554929827,-0.0006014284059595448,FW
1170,0.10217714309692383,-12.644226346986951,0.0006092816618467195,FW,6.310033445344344e-06,2.5905242111392264,-0.0006092816618467195,FW
1171,0.10224699974060059,-12.644226348909239,0.0005763143479485394,FW,5.929507302171066e-06,2.5905230858865598,-0.0005763143479485394,FW
1172,0.10231804847717285,-12.644226350617872,0.0005825940491545334,FW,6.010336389920934e-06,2.5905197812129765,-0.0005825940491545334,FW
1173,0.1023869514465332,-12.644226352368662,0.0006190443201435358,FW,6.025882702646609e-06,2.5905222289357854,-0.0006190443201435358,FW
1174,0.10245609283447266,-12.64422635423381,0.0006103522856199806,FW,6.127575093168085e-06,2.5905265957377615,-0.0006103522856199806,FW
1175,0.10252499580383301,-12.644226356103795,0.0006113725392373481,FW,5.977300950184348e-06,2.590521859504573,-0.0006113725392373481,FW
1176,0.10259509086608887,-12.644226357930975,0.0006112450936540531,FW,6.5373078248853405e-06,2.5905189155854123,-0.0006112450936540531,FW
1177,0.10266399383544922,-12.644226359928924,0.0005728909635229207,FW,5.507623361149121e-06,2.5905216292323474,-0.0005728909635229207,FW
1178,0.10273313522338867,-12.644226361506552,0.0006128254032600339,FW,5.976525639114002e-06,2.59051972177243,-0.0006128254032600339,FW
1179,0.10280394554138184,-12.644226363337841,0.0006069933375407455,FW,5.641706590369613e-06,2.5905194746807783,-0.0006069933375407455,FW
1180,0.10287213325500488,-12.644226365050079,0.000597929387550461,FW,5.53704920315102e-06,2.590515580085426,-0.000597929387550461,FW
1181,0.10294294357299805,-12.64422636670546,0.0006087360901984168,FW,5.9753606412538145e-06,2.5905152145362185,-0.0006087360901984168,FW
1182,0.1030118465423584,-12.64422636852418,0.0005822759662200555,FW,5.675015597438539e-06,2.5905162573854654,-0.0005822759662200555,FW
1183,0.10308218002319336,-12.644226370176385,0.0005715189911887769,FW,5.389164033673616e-06,2.590516522588572,-0.0005715189911887769,FW
1184,0.1031501293182373,-12.644226371716396,0.00059037332284817,FW,5.679863265459646e-06,2.590521433349081,-0.00059037332284817,FW
1185,0.10321903228759766,-12.644226373393012,0.0005825422706470379,FW,5.6891762393743585e-06,2.5905224562956115,-0.0005825422706470379,FW
1186,0.10328817367553711,-12.644226375050103,0.0005785863459737972,FW,5.836156054985909e-06,2.5905097605741405,-0.0005785863459737972,FW
1187,0.10335707664489746,-12.64422637673846,0.0005897841941404774,FW,5.575922049760046e-06,2.5905142358601476,-0.0005897841941404774,FW
1188,0.10342717170715332,-12.644226378382761,0.0005340208477260244,FW,5.973331147143727e-06,2.5905164966175716,-0.0005340208477260244,FW
1189,0.10349702835083008,-12.644226379977708,0.0005745322756206261,FW,5.92220554600864e-06,2.5905183803761385,-0.0005745322756206261,FW
1190,0.10356521606445312,-12.644226381678955,0.000590089397088156,FW,5.914603444855944e-06,2.590516721024106,-0.000590089397088156,FW
1191,0.10363507270812988,-12.64422638342402,0.0005693313722249099,FW,5.898207490861937e-06,2.590511398716765,-0.0005693313722249099,FW
1192,0.10370421409606934,-12.644226385103039,0.0005803424750430858,FW,5.4178856486631055e-06,2.590519196529787,-0.0005803424750430858,FW
1193,0.1037740707397461,-12.644226386675154,0.0005420905091891026,FW,5.402363378319794e-06,2.5905233973480617,-0.0005420905091891026,FW
1194,0.10384321212768555,-12.644226388139435,0.0005759086229326915,FW,6.101245609588159e-06,2.590521186331046,-0.0005759086229326915,FW
1195,0.1039121150970459,-12.644226389896321,0.000582689198155753,FW,5.847746179820714e-06,2.590514417847896,-0.000582689198155753,FW
1196,0.10398221015930176,-12.64422639160003,0.0005609050400786075,FW,5.446331786216141e-06,2.5905151829883253,-0.0005609050400786075,FW
1197,0.10405206680297852,-12.64422639312747,0.0005322251439059539,FW,5.6092255896912805e-06,2.590512979761085,-0.0005322251439059539,FW
1198,0.10412120819091797,-12.644226394620153,0.0005604512475773787,FW,5.567084382120592e-06,2.590513877161914,-0.0005604512475773787,FW
1199,0.10419011116027832,-12.644226396180185,0.0005826277819679648,FW,5.9179670696024545e-06,2.590514180797966,-0.0005826277819679648,FW
1200,0.10425925254821777,-12.644226397904177,0.0005807302233930833,FW,5.309723733107879e-06,2.5905042333727613,-0.0005807302233930833,FW
1201,0.10432791709899902,-12.644226399445937,0.0005441485676119517,FW,5.238557148929715e-06,2.5905081051557586,-0.0005441485676119517,FW
1202,0.10439610481262207,-12.644226400871219,0.000553661222634283,FW,5.297690494311367e-06,2.5905089102994032,-0.000553661222634283,FW
1203,0.10446596145629883,-12.644226402337772,0.0005611844305548758,FW,5.182388681658607e-06,2.5905161861811514,-0.0005611844305548758,FW
1204,0.10453605651855469,-12.644226403791913,0.0005571414245472139,FW,5.287353772784946e-06,2.590511328768454,-0.0005571414245472139,FW
1205,0.10460710525512695,-12.644226405264813,0.0005821294728554638,FW,5.50361285192531e-06,2.5905093879182384,-0.0005821294728554638,FW
1206,0.10467791557312012,-12.644226406866721,0.0005504769317593861,FW,5.611674173715219e-06,2.5905080396325206,-0.0005504769317593861,FW
1207,0.10476803779602051,-12.644226408411273,0.000536381778795697,FW,5.0572662171833644e-06,2.590508592750906,-0.000536381778795697,FW
1208,0.10483694076538086,-12.644226409767581,0.0005342382984315497,FW,5.285356283063561e-06,2.590510846763738,-0.0005342382984315497,FW
1209,0.10490703582763672,-12.644226411179408,0.0005558442649061524,FW,5.7379981050401826e-06,2.5905024465125566,-0.0005558442649061524,FW
1210,0.10497689247131348,-12.644226412774119,0.0005367771917994119,FW,5.273803267032652e-06,2.5905059055791715,-0.0005367771917994119,FW
1211,0.10504722595214844,-12.644226414189545,0.0005337509014988057,FW,5.198329524550205e-06,2.590508653061134,-0.0005337509014988057,FW
1212,0.1051170825958252,-12.644226415576856,0.0005507903459362196,FW,5.15986420713202e-06,2.590506053208573,-0.0005507903459362196,FW
1213,0.10518622398376465,-12.644226416997862,0.0005564843920904672,FW,5.709436130315521e-06,2.5905030713420367,-0.0005564843920904672,FW
1214,0.1052560806274414,-12.644226418586468,0.0005119923722968905,FW,5.280327147746198e-06,2.590501522575668,-0.0005119923722968905,FW
1215,0.10532522201538086,-12.644226419938207,0.0005262977071005953,FW,5.001706655270049e-06,2.590500836606833,-0.0005262977071005953,FW
1216,0.10539507865905762,-12.644226421254396,0.0005702870947591893,FW,5.372853005503478e-06,2.590503475518647,-0.0005702870947591893,FW
1217,0.10546588897705078,-12.644226422786433,0.0005413445101825204,FW,5.363595029085637e-06,2.5905039740184392,-0.0005413445101825204,FW
1218,0.10553598403930664,-12.644226424238212,0.0005243173994647077,FW,5.158144903658021e-06,2.590502262095276,-0.0005243173994647077,FW
1219,0.1056060791015625,-12.644226425590466,0.0005255482664010269,FW,5.077866289317588e-06,2.5905005958104463,-0.0005255482664010269,FW
1220,0.10567617416381836,-12.6442264269248,0.000512377808786213,FW,5.1013380857177644e-06,2.590500574673372,-0.000512377808786213,FW
1221,0.10574603080749512,-12.644226428231702,0.0005218907859779326,FW,5.069544774248226e-06,2.5904953235078985,-0.0005218907859779326,FW
1222,0.10581517219543457,-12.644226429554575,0.0005357784139498195,FW,4.958551683075297e-06,2.590500363994795,-0.0005357784139498195,FW
1223,0.10588693618774414,-12.64422643088292,0.0005515568602003917,FW,5.15512586030884e-06,2.590504757751023,-0.0005515568602003917,FW
1224,0.10595703125,-12.644226432304595,0.0005147273139019526,FW,5.021991533891197e-06,2.5904995745190935,-0.0005147273139019526,FW
1225,0.10602712631225586,-12.644226433597069,0.0005213676576270448,FW,5.052467364554593e-06,2.5904974623254957,-0.0005213676576270448,FW
1226,0.10609793663024902,-12.644226434914163,0.000509366241976339,FW,5.142407770387654e-06,2.590499035632809,-0.000509366241976339,FW
1227,0.1061699390411377,-12.644226436223848,0.0005233761411532478,FW,5.161973585189182e-06,2.5905016113004846,-0.0005233761411532478,FW
1228,0.10624003410339355,-12.644226437574678,0.0005000083502316177,FW,5.346716448473631e-06,2.590505772696977,-0.0005000083502316177,FW
1229,0.10630989074707031,-12.644226438911376,0.0005305979692507151,FW,5.796435587358679e-06,2.5904984572100367,-0.0005305979692507151,FW
1230,0.10638117790222168,-12.644226440449168,0.0005003154259253656,FW,4.9063681780002775e-06,2.5904951380149086,-0.0005003154259253656,FW
1231,0.10644888877868652,-12.644226441676537,0.0005104289449182897,FW,5.249811093975911e-06,2.5904971371707406,-0.0005104289449182897,FW
1232,0.10652017593383789,-12.644226443016365,0.0005386468279194034,FW,5.10600833826624e-06,2.5905005377461308,-0.0005386468279194034,FW
1233,0.10660505294799805,-12.644226444391526,0.000507110308228545,FW,4.839707889971182e-06,2.5904996800065456,-0.000507110308228545,FW
1234,0.10669612884521484,-12.644226445618658,0.0005019858995942567,FW,5.023799739431968e-06,2.590501665579475,-0.0005019858995942567,FW
1235,0.1067650318145752,-12.6442264468796,0.0004952875730502015,FW,5.180851180742907e-06,2.590490017073513,-0.0004952875730502015,FW
1236,0.10698699951171875,-12.644226448162609,0.0004896999814508335,FW,4.778303720015435e-06,2.5904928744224116,-0.0004896999814508335,FW
1237,0.10718488693237305,-12.644226449332576,0.0005272295909340835,FW,5.044205835745065e-06,2.590492375768594,-0.0005272295909340835,FW
1238,0.10728001594543457,-12.644226450662305,0.0004967731548119331,FW,4.864631173461553e-06,2.5904937708031546,-0.0004967731548119331,FW
1239,0.10738992691040039,-12.644226451870606,0.0005167553225869925,FW,5.181142458461521e-06,2.590500393995741,-0.0005167553225869925,FW
1240,0.1074681282043457,-12.6442264532093,0.000481398752254128,FW,4.532999096422995e-06,2.590495262705955,-0.000481398752254128,FW
1241,0.10757207870483398,-12.644226454300385,0.0005246070555171289,FW,5.159040162250453e-06,2.590494325072734,-0.0005246070555171289,FW
1242,0.10764503479003906,-12.644226455653625,0.000489263257298686,FW,4.643817022188478e-06,2.5904911185063626,-0.000489263257298686,FW
1243,0.10771417617797852,-12.644226456789648,0.00047176015351635403,FW,4.964878182730359e-06,2.5904942739623227,-0.00047176015351635403,FW
1244,0.10778307914733887,-12.644226457960764,0.000491932039032042,FW,4.72479471494519e-06,2.590490714272714,-0.000491932039032042,FW
1245,0.10785412788391113,-12.644226459122912,0.0005047874156212523,FW,5.297547831530733e-06,2.590492360301236,-0.0005047874156212523,FW
1246,0.10792303085327148,-12.644226460459976,0.0005020247627668534,FW,5.053825076108139e-06,2.590496286069277,-0.0005020247627668534,FW
1247,0.10799312591552734,-12.644226461728543,0.0004925724105762086,FW,4.625332062980415e-06,2.5904914860226063,-0.0004925724105762086,FW
1248,0.1080620288848877,-12.644226462867701,0.0004705588407489941,FW,4.440575788203135e-06,2.590485152250499,-0.0004705588407489941,FW
1249,0.10813188552856445,-12.644226463912478,0.0005051692721136924,FW,5.053329576389803e-06,2.5904889755361893,-0.0005051692721136924,FW
1250,0.10820198059082031,-12.644226465188872,0.00048809078062989064,FW,4.925922186601495e-06,2.5904964052987323,-0.00048809078062989064,FW
1251,0.10827088356018066,-12.644226466391016,0.000478618919575291,FW,5.009793815462355e-06,2.590494018095885,-0.000478618919575291,FW
1252,0.10833907127380371,-12.644226467589906,0.0004931776461796072,FW,4.581378269027616e-06,2.5904871096849824,-0.0004931776461796072,FW
1253,0.10840606689453125,-12.64422646871963,0.00048548091334092713,FW,4.664649328399258e-06,2.5904905140907206,-0.00048548091334092713,FW
1254,0.10847592353820801,-12.644226469851924,0.0004877594048778855,FW,4.87470106716542e-06,2.5904892901241023,-0.0004877594048778855,FW
1255,0.10854411125183105,-12.644226471040762,0.0004900581993816377,FW,4.583783997561249e-06,2.590489750682603,-0.0004900581993816377,FW
1256,0.1086130142211914,-12.644226472163927,0.00047343364846237634,FW,4.6468389088698395e-06,2.5904853298328265,-0.00047343364846237634,FW
1257,0.10869097709655762,-12.644226473263913,0.0004784810370451198,FW,4.706155711005918e-06,2.5904855180099644,-0.0004784810370451198,FW
1258,0.10876202583312988,-12.644226474389816,0.0004628970982473446,FW,4.633534235175091e-06,2.5904905818621287,-0.0004628970982473446,FW
1259,0.10883212089538574,-12.644226475462238,0.0004805368019707573,FW,4.747875660613618e-06,2.590488812237731,-0.0004805368019707573,FW
1260,0.1089019775390625,-12.644226476603007,0.0004791525557381049,FW,4.7772392112036706e-06,2.5904846092809253,-0.0004791525557381049,FW
1261,0.10897302627563477,-12.644226477747523,0.0004679055794615944,FW,4.90677878168992e-06,2.5904850136498703,-0.0004679055794615944,FW
1262,0.10904312133789062,-12.644226478895472,0.00045824032000894854,FW,4.481729271519996e-06,2.590488295587452,-0.00045824032000894854,FW
1263,0.10911202430725098,-12.644226479922331,0.00047026734003952075,FW,4.5633795925728025e-06,2.5904875481300738,-0.00047026734003952075,FW
1264,0.10918211936950684,-12.644226480995332,0.0004764746356276661,FW,4.527759583657984e-06,2.590490091545189,-0.0004764746356276661,FW
1265,0.1092522144317627,-12.644226482074012,0.0004744014731778573,FW,5.109272039547773e-06,2.5904843284256613,-0.0004744014731778573,FW
1266,0.10932302474975586,-12.644226483285939,0.00043637020630431234,FW,4.2723761463388086e-06,2.5904882183541917,-0.00043637020630431234,FW
1267,0.10939407348632812,-12.6442264842181,0.00045189099740644556,FW,4.612924691099998e-06,2.5904872784984776,-0.00045189099740644556,FW
1268,0.10946512222290039,-12.644226485260374,0.00047696252912174386,FW,4.732372245637632e-06,2.590489368488519,-0.00047696252912174386,FW
1269,0.10953402519226074,-12.644226486388952,0.00047226316480393493,FW,4.508841981397871e-06,2.590485512112816,-0.00047226316480393493,FW
1270,0.1096038818359375,-12.644226487453636,0.00046767925144047817,FW,4.569979309620031e-06,2.5904852542458556,-0.00046767925144047817,FW
1271,0.10967516899108887,-12.644226488522282,0.0004668318902604496,FW,4.426510957067187e-06,2.5904829825364386,-0.0004668318902604496,FW
1272,0.10974597930908203,-12.6442264895555,0.0004365230200020498,FW,4.645706607774921e-06,2.590487403755476,-0.0004365230200020498,FW
1273,0.10981512069702148,-12.644226490569475,0.0004481337770034094,FW,4.287703974041475e-06,2.59048583994314,-0.0004481337770034094,FW
1274,0.10988402366638184,-12.644226491530208,0.00047818782493455614,FW,4.567222715140019e-06,2.5904805508113107,-0.00047818782493455614,FW
1275,0.1099541187286377,-12.64422649262221,0.000479209449735965,FW,4.830765526550943e-06,2.5904834484636936,-0.000479209449735965,FW
1276,0.11002302169799805,-12.644226493779676,0.00043105376737787027,FW,4.089789813338923e-06,2.5904828839632326,-0.00043105376737787027,FW
1277,0.1100931167602539,-12.644226494661137,0.00046556292931124177,FW,4.868105862022053e-06,2.5904860980059325,-0.00046556292931124177,FW
1278,0.11016297340393066,-12.64422649579434,0.00042827597492216263,FW,4.199104181568778e-06,2.5904795778769216,-0.00042827597492216263,FW
1279,0.11023306846618652,-12.644226496693532,0.0004529493490812997,FW,4.333450253145061e-06,2.590478895520342,-0.0004529493490812997,FW
1280,0.1103050708770752,-12.644226497674948,0.0004484791602502175,FW,4.225048004992105e-06,2.590482373111825,-0.0004484791602502175,FW
1281,0.11037492752075195,-12.644226498622368,0.00046279208002081296,FW,4.46434413254634e-06,2.5904801525337513,-0.00046279208002081296,FW
1282,0.11044502258300781,-12.6442264996554,0.00044447855291240845,FW,4.320357003195334e-06,2.590480384338347,-0.00044447855291240845,FW
1283,0.11051607131958008,-12.644226500615558,0.0004485382444087971,FW,4.152467578880485e-06,2.590476524923785,-0.0004485382444087971,FW
1284,0.11058592796325684,-12.644226501546825,0.0004412410992445104,FW,4.406193793966874e-06,2.5904814840029116,-0.0004412410992445104,FW
1285,0.11066508293151855,-12.644226502518924,0.00043479375283950183,FW,4.484415042198483e-06,2.5904793659454266,-0.00043479375283950183,FW
1286,0.11073493957519531,-12.644226503493817,0.0004391072086358805,FW,4.0703251356703334e-06,2.590476062397285,-0.0004391072086358805,FW
1287,0.11080408096313477,-12.644226504387472,0.0004374055107948388,FW,4.702764123681875e-06,2.590480690660759,-0.0004374055107948388,FW
1288,0.11087322235107422,-12.64422650541598,0.00042037760517416034,FW,4.41506592680472e-06,2.5904738803833913,-0.00042037760517416034,FW
1289,0.11094093322753906,-12.644226506343974,0.0004354772583848032,FW,4.494392167129748e-06,2.590476346655692,-0.0004354772583848032,FW
1290,0.11100912094116211,-12.644226507322578,0.0004440982562740753,FW,4.74186075387821e-06,2.590485519276711,-0.0004440982562740753,FW
1291,0.11107802391052246,-12.644226508375505,0.0004220208299731687,FW,4.878185159408391e-06,2.5904748840052423,-0.0004220208299731687,FW
1292,0.11114716529846191,-12.644226509404849,0.00043257335267495034,FW,4.353621600471874e-06,2.5904766090159854,-0.00043257335267495034,FW
1293,0.11121702194213867,-12.644226510346485,0.0004413285048462945,FW,4.374990519315256e-06,2.5904737854854734,-0.0004413285048462945,FW
1294,0.11128401756286621,-12.644226511311889,0.00043210275020197364,FW,4.65201197196701e-06,2.590478568701638,-0.00043210275020197364,FW
1295,0.11135315895080566,-12.64422651231696,0.0004335472637793797,FW,4.109920879720491e-06,2.59047569205578,-0.0004335472637793797,FW
1296,0.11142110824584961,-12.644226513207885,0.00041789219375314157,FW,4.365290602187668e-06,2.5904781477796077,-0.00041789219375314157,FW
1297,0.11149001121520996,-12.644226514119994,0.00045132089107666196,FW,4.241461096210309e-06,2.5904736128073584,-0.00045132089107666196,FW
1298,0.1115579605102539,-12.64422651507712,0.0004234238248319866,FW,4.2922726494100755e-06,2.5904781593847748,-0.0004234238248319866,FW
1299,0.11162710189819336,-12.644226515985851,0.0004188322973854436,FW,4.179118856334451e-06,2.5904782639835817,-0.0004188322973854436,FW
1300,0.11169791221618652,-12.644226516861018,0.0004290432366929331,FW,4.326573651141573e-06,2.5904734555213547,-0.0004290432366929331,FW
1301,0.11176609992980957,-12.644226517789168,0.0004144165831196228,FW,4.0722819841406725e-06,2.5904702014845875,-0.0004144165831196228,FW
1302,0.11183595657348633,-12.644226518632975,0.0004337934490011852,FW,4.194925568019567e-06,2.590477944596827,-0.0004337934490011852,FW
1303,0.11190605163574219,-12.644226519542844,0.0004084294751126455,FW,4.240767433619523e-06,2.5904743320100065,-0.0004084294751126455,FW
1304,0.11197495460510254,-12.644226520408871,0.0004094536744937427,FW,4.1329503559815965e-06,2.590475417862291,-0.0004094536744937427,FW
1305,0.11204314231872559,-12.644226521254998,0.0004331572843279674,FW,4.366545745787216e-06,2.590474154606442,-0.0004331572843279674,FW
1306,0.11211204528808594,-12.644226522200695,0.00041328777789659266,FW,4.210522459944755e-06,2.590472173268891,-0.00041328777789659266,FW
1307,0.1121821403503418,-12.644226523070781,0.00041242228147583826,FW,4.158475980972345e-06,2.590474035988635,-0.00041242228147583826,FW
1308,0.11225199699401855,-12.644226523928301,0.00041467428705675713,FW,4.2044271303883535e-06,2.5904669558458737,-0.00041467428705675713,FW
1309,0.11232113838195801,-12.644226524800036,0.00041601740519339736,FW,4.259679677067505e-06,2.5904658118618356,-0.00041601740519339736,FW
1310,0.11238884925842285,-12.644226525686085,0.0004118090213957454,FW,3.87111938338283e-06,2.590473536076279,-0.0004118090213957454,FW
1311,0.1124579906463623,-12.644226526483163,0.00040309867240422015,FW,4.085730070347879e-06,2.59047175439427,-0.00040309867240422015,FW
1312,0.11252617835998535,-12.64422652730664,0.00040666556609067483,FW,3.960758474042521e-06,2.5904687801013044,-0.00040666556609067483,FW
1313,0.11260509490966797,-12.644226528111993,0.00042752570008333657,FW,4.296229039568703e-06,2.59046643796372,-0.00042752570008333657,FW
1314,0.11267995834350586,-12.644226529030371,0.0003961535391910076,FW,4.022492448388799e-06,2.590467214495817,-0.0003961535391910076,FW
1315,0.1127481460571289,-12.644226529827137,0.00039195088419410884,FW,4.001494925445513e-06,2.5904693431867125,-0.00039195088419410884,FW
1316,0.11281704902648926,-12.644226530611325,0.00039637808547413056,FW,3.872901077087188e-06,2.5904693380642287,-0.00039637808547413056,FW
1317,0.11288619041442871,-12.644226531378894,0.0004188978318412223,FW,4.309193222533857e-06,2.5904644706618924,-0.0004188978318412223,FW
1318,0.11295485496520996,-12.644226532281442,0.00041686430190385204,FW,4.536637566038327e-06,2.590464470255137,-0.00041686430190385204,FW
1319,0.11302614212036133,-12.644226533227028,0.00038520309615749926,FW,3.624197845572586e-06,2.5904656886779933,-0.00038520309615749926,FW
1320,0.11309504508972168,-12.644226533925051,0.0003847249945720388,FW,3.7431926264676686e-06,2.5904671940827786,-0.0003847249945720388,FW
1321,0.11316299438476562,-12.644226534645107,0.00041659265746547824,FW,4.354143851592246e-06,2.5904666154904366,-0.00041659265746547824,FW
1322,0.11323094367980957,-12.644226535552063,0.00039193818164517946,FW,4.267386817801311e-06,2.5904669035806913,-0.00039193818164517946,FW
1323,0.11329913139343262,-12.644226536388336,0.00038075958663551235,FW,4.083367063861228e-06,2.5904666527416356,-0.00038075958663551235,FW
1324,0.11336803436279297,-12.644226537165723,0.0004040588175823062,FW,3.879417505441738e-06,2.5904622478974613,-0.0004040588175823062,FW
1325,0.11343598365783691,-12.644226537949484,0.0004283773563205917,FW,3.922929368531532e-06,2.590465730126478,-0.0004283773563205917,FW
1326,0.11350417137145996,-12.644226538789727,0.0003759464989825517,FW,3.922276845708132e-06,2.5904694189591178,-0.0003759464989825517,FW
1327,0.1135718822479248,-12.644226539527011,0.0003900742934689755,FW,3.557572459193114e-06,2.5904629125603074,-0.0003900742934689755,FW
1328,0.11363887786865234,-12.64422654022087,0.00038107459784123,FW,3.965826708566516e-06,2.5904687870941014,-0.00038107459784123,FW
1329,0.11370706558227539,-12.644226540976504,0.000384046650744152,FW,3.668140792972234e-06,2.590466356043137,-0.000384046650744152,FW
1330,0.11377692222595215,-12.644226541680881,0.00038502627031425374,FW,4.095043377466133e-06,2.590465542891997,-0.00038502627031425374,FW
1331,0.1138451099395752,-12.644226542469228,0.0003847140340567934,FW,3.93815775856655e-06,2.590461289157441,-0.0003847140340567934,FW
1332,0.11391305923461914,-12.644226543226761,0.00039548646347060956,FW,3.5690832093687277e-06,2.5904576155864705,-0.00039548646347060956,FW
1333,0.11398100852966309,-12.644226543932525,0.0003943039822651012,FW,3.6302814582031347e-06,2.590462313231483,-0.0003943039822651012,FW
1334,0.11405014991760254,-12.64422654464824,0.0003962992963005424,FW,3.959529832577417e-06,2.5904611803410815,-0.0003962992963005424,FW
1335,0.11411690711975098,-12.644226545432819,0.00038222474338270307,FW,3.7878760421903185e-06,2.590463082443044,-0.00038222474338270307,FW
1336,0.11418390274047852,-12.644226546156728,0.00038233265443746167,FW,4.246407499444735e-06,2.5904617213784515,-0.00038233265443746167,FW
1337,0.11425209045410156,-12.6442265469685,0.0003524989866387773,FW,3.90665086463708e-06,2.5904591282946505,-0.0003524989866387773,FW
1338,0.11432194709777832,-12.644226547657041,0.0003748391385029193,FW,3.86132927463472e-06,2.590462310007533,-0.0003748391385029193,FW
1339,0.11439108848571777,-12.644226548380734,0.00039001782603072244,FW,4.043621846289285e-06,2.5904615940546343,-0.00039001782603072244,FW
1340,0.11445999145507812,-12.644226549169273,0.00038981363894181886,FW,4.048537608854234e-06,2.5904586223338377,-0.00038981363894181886,FW
1341,0.11452698707580566,-12.644226549958365,0.0003671745543349647,FW,3.92146680652387e-06,2.5904670409329817,-0.0003671745543349647,FW
1342,0.11459589004516602,-12.644226550678296,0.0003580093776943405,FW,3.497674138465581e-06,2.5904595112488478,-0.0003580093776943405,FW
1343,0.11467599868774414,-12.644226551304394,0.0003743839350036082,FW,3.7255155519473855e-06,2.5904602639229726,-0.0003743839350036082,FW
1344,0.1147458553314209,-12.644226552001777,0.0003810242348066678,FW,3.670579984358396e-06,2.590460392375539,-0.0003810242348066678,FW
1345,0.11481618881225586,-12.644226552701067,0.00037824349430756743,FW,3.7750474538295086e-06,2.590459787379574,-0.00037824349430756743,FW
1346,0.11488604545593262,-12.644226553415015,0.00038584512393191606,FW,3.5886775845052908e-06,2.590458572938739,-0.00038584512393191606,FW
1347,0.11495399475097656,-12.644226554107345,0.00036402624782287674,FW,3.8126306477484824e-06,2.590454849087326,-0.00036402624782287674,FW
1348,0.11502289772033691,-12.644226554801302,0.0003643174390965953,FW,3.907029380069878e-06,2.590454792988977,-0.0003643174390965953,FW
1349,0.11509203910827637,-12.644226555512997,0.0003741386936455954,FW,3.993305138854147e-06,2.5904565382585254,-0.0003741386936455954,FW
1350,0.11516189575195312,-12.644226556260024,0.00036437908741983327,FW,3.5928180807522145e-06,2.590459071718376,-0.00036437908741983327,FW
1351,0.11523008346557617,-12.64422655691459,0.00038467944368114626,FW,4.060511636621447e-06,2.590463202818095,-0.00038467944368114626,FW
1352,0.11529922485351562,-12.644226557695596,0.00036097010869681756,FW,3.585537280683016e-06,2.590460969640698,-0.00036097010869681756,FW
1353,0.11536812782287598,-12.644226558342734,0.0003628006552705426,FW,3.846970900463166e-06,2.5904545324604844,-0.0003628006552705426,FW
1354,0.11543822288513184,-12.644226559040574,0.0003681601426768072,FW,3.5299926966432553e-06,2.5904534509320296,-0.0003681601426768072,FW
1355,0.115509033203125,-12.644226559690374,0.00034334033288487,FW,3.3486458881903177e-06,2.5904592437597045,-0.00034334033288487,FW
1356,0.11557793617248535,-12.644226560265233,0.0003621878329588546,FW,3.845938921514597e-06,2.590455601530189,-0.0003621878329588546,FW
1357,0.11564803123474121,-12.644226560961718,0.0003682647665882721,FW,3.608927874658024e-06,2.590460337121727,-0.0003682647665882721,FW
1358,0.11571788787841797,-12.644226561626235,0.0003486731191027631,FW,3.4081475927020458e-06,2.590458641572093,-0.0003486731191027631,FW
1359,0.11578702926635742,-12.644226562220394,0.0003589369819544247,FW,4.023901107536167e-06,2.590453554946058,-0.0003589369819544247,FW
1360,0.11585688591003418,-12.644226562942558,0.0003434109820441844,FW,3.4328808689510438e-06,2.590454438023216,-0.0003434109820441844,FW
1361,0.11592602729797363,-12.644226563532005,0.00035301484201977207,FW,3.2386880886416067e-06,2.590459823549392,-0.00035301484201977207,FW
1362,0.11599397659301758,-12.644226564103658,0.0003693149749356278,FW,3.946941302625993e-06,2.590459324871167,-0.0003693149749356278,FW
1363,0.11606502532958984,-12.644226564832486,0.0003651682479635515,FW,3.2607740640068624e-06,2.5904519650182314,-0.0003651682479635515,FW
1364,0.11613297462463379,-12.644226565427852,0.0003727518590065232,FW,3.386481280208343e-06,2.590455634958872,-0.0003727518590065232,FW
1365,0.11620306968688965,-12.644226566059011,0.00034518668321814605,FW,3.2377834827361616e-06,2.5904541236849057,-0.00034518668321814605,FW
1366,0.11627006530761719,-12.644226566617833,0.00034403701222116,FW,3.2403125393967074e-06,2.5904505796513275,-0.00034403701222116,FW
1367,0.11633896827697754,-12.64422656717523,0.00035037388706331274,FW,3.4157467131302484e-06,2.590457559848512,-0.00035037388706331274,FW
1368,0.11640810966491699,-12.644226567773625,0.00035288382144718633,FW,3.3939383468081793e-06,2.5904537617637473,-0.00035288382144718633,FW
1369,0.11647701263427734,-12.644226568372451,0.0003421469761520912,FW,3.6156142345611258e-06,2.5904553313351637,-0.0003421469761520912,FW
1370,0.11655616760253906,-12.644226568990984,0.00033832680781094304,FW,3.167123923238873e-06,2.5904526042540885,-0.00033832680781094304,FW
1371,0.1166379451751709,-12.64422656952676,0.0003469682413442948,FW,3.3426016539773553e-06,2.5904537432963997,-0.0003469682413442948,FW
1372,0.1167151927947998,-12.644226570106639,0.00035329160126702785,FW,3.7302122133049107e-06,2.590454591305048,-0.00035329160126702785,FW
1373,0.11680912971496582,-12.644226570765566,0.0003428358649077978,FW,3.4918696444600473e-06,2.590452335624934,-0.0003428358649077978,FW
1374,0.11690616607666016,-12.64422657136414,0.00032967084138152414,FW,3.5015916464208585e-06,2.5904497325128797,-0.00032967084138152414,FW
1375,0.11711502075195312,-12.644226571941322,0.0003401380105437918,FW,3.4434864931620266e-06,2.590445130014626,-0.0003401380105437918,FW
1376,0.11727595329284668,-12.644226572526954,0.00033994381084838377,FW,3.546587086838526e-06,2.590450262488512,-0.00033994381084838377,FW
1377,0.11743593215942383,-12.644226573129771,0.00033772325780906387,FW,3.5946619355964456e-06,2.5904532680660894,-0.00033772325780906387,FW
1378,0.11759305000305176,-12.644226573736775,0.000333041551895466,FW,3.3936062143733686e-06,2.5904513367485382,-0.000333041551895466,FW
1379,0.11774897575378418,-12.644226574301875,0.0003575659178917806,FW,3.265682163371368e-06,2.5904514561205882,-0.0003575659178917806,FW
1380,0.11791110038757324,-12.644226574885726,0.0003371257079798351,FW,3.5927129956089465e-06,2.5904489642784183,-0.0003371257079798351,FW
1381,0.11806392669677734,-12.644226575491325,0.0003244551073929569,FW,3.182412169520118e-06,2.590450497224876,-0.0003244551073929569,FW
1382,0.11821913719177246,-12.644226576007597,0.00032883168419789444,FW,3.138845944135389e-06,2.590452456594431,-0.00032883168419789444,FW
1383,0.11837387084960938,-12.644226576523675,0.0003562888672018899,FW,3.7160468952514384e-06,2.590450410569862,-0.0003562888672018899,FW
1384,0.11854290962219238,-12.644226577185671,0.0003367450143084705,FW,3.5762687891484613e-06,2.590446033955565,-0.0003367450143084705,FW
1385,0.11861991882324219,-12.644226577787816,0.00031053519792566264,FW,3.09641377386197e-06,2.5904506650373467,-0.00031053519792566264,FW
1386,0.11868906021118164,-12.64422657826859,0.0003426706422278991,FW,3.2578072834884943e-06,2.590451428064943,-0.0003426706422278991,FW
1387,0.11875796318054199,-12.644226578826759,0.0003192695513597188,FW,3.3238437153588037e-06,2.5904517226233508,-0.0003192695513597188,FW
1388,0.11882710456848145,-12.64422657935737,0.0003366474955708437,FW,3.4203406254001125e-06,2.5904495843997966,-0.0003366474955708437,FW
1389,0.11889481544494629,-12.644226579933092,0.0003380856709853941,FW,3.283854990127683e-06,2.590445379507129,-0.0003380856709853941,FW
1390,0.11896300315856934,-12.644226580488201,0.0003299830886818178,FW,3.3078939926932252e-06,2.590445194252922,-0.0003299830886818178,FW
1391,0.11903214454650879,-12.644226581033978,0.0003275914312708683,FW,2.981517871040048e-06,2.5904461395114424,-0.0003275914312708683,FW
1392,0.11910200119018555,-12.644226581522341,0.0003242024552767564,FW,3.364374774170115e-06,2.590452515697622,-0.0003242024552767564,FW
1393,0.1191701889038086,-12.644226582067706,0.00034263700422804133,FW,3.0128070538836636e-06,2.590448334692609,-0.00034263700422804133,FW
1394,0.11923909187316895,-12.644226582583855,0.00031176064129639913,FW,3.266020631195731e-06,2.590446215833303,-0.00031176064129639913,FW
1395,0.1193091869354248,-12.644226583092967,0.00032906400587599804,FW,3.0298095708165474e-06,2.5904411288232514,-0.00032906400587599804,FW
1396,0.11937689781188965,-12.644226583591463,0.00031693575497064586,FW,3.107198890211642e-06,2.5904450002592623,-0.00031693575497064586,FW
1397,0.1194450855255127,-12.644226584083862,0.0003231844171203979,FW,3.056825537910247e-06,2.5904520298432687,-0.0003231844171203979,FW
1398,0.11951398849487305,-12.644226584577813,0.00031857933165521657,FW,3.5425551031644413e-06,2.5904456223788146,-0.00031857933165521657,FW
1399,0.1195840835571289,-12.64422658514211,0.00032059274942847216,FW,3.2052947667229624e-06,2.590446571369315,-0.00032059274942847216,FW
1400,0.11965203285217285,-12.644226585655906,0.0003170398220586068,FW,3.318213707811132e-06,2.5904411840665165,-0.0003170398220586068,FW
1401,0.1197199821472168,-12.644226586181912,0.0003100870243000625,FW,2.8973473044590934e-06,2.59044357290775,-0.0003100870243000625,FW
1402,0.11979007720947266,-12.644226586631122,0.000328164310093762,FW,3.1228033445329085e-06,2.590445068942305,-0.000328164310093762,FW
1403,0.11998605728149414,-12.644226587143514,0.0003223219269814781,FW,3.0743813556089968e-06,2.590445321188366,-0.0003223219269814781,FW
1404,0.12014603614807129,-12.64422658763899,0.00032024056652990573,FW,3.34862035582532e-06,2.5904449139894905,-0.00032024056652990573,FW
1405,0.12030386924743652,-12.64422658817517,0.00030244871137621865,FW,2.9619901504053093e-06,2.5904456960564284,-0.00030244871137621865,FW
1406,0.12045907974243164,-12.644226588623098,0.00031792013566897537,FW,2.8910346980128192e-06,2.590444846765846,-0.00031792013566897537,FW
1407,0.12056994438171387,-12.644226589082653,0.0003041284037186842,FW,2.98468180610496e-06,2.590440965978371,-0.0003041284037186842,FW
1408,0.12064313888549805,-12.644226589536512,0.0003283076526215123,FW,3.0343755927418443e-06,2.5904426130951634,-0.0003283076526215123,FW
1409,0.1207120418548584,-12.644226590034627,0.00031012139075037304,FW,3.0092182985442233e-06,2.5904448107027953,-0.00031012139075037304,FW
1410,0.12078118324279785,-12.644226590501239,0.0003053653946339663,FW,2.896994630671522e-06,2.5904429579123844,-0.0003053653946339663,FW
1411,0.1208500862121582,-12.644226590943555,0.000313915859278896,FW,3.08736669992447e-06,2.5904392552028273,-0.000313915859278896,FW
1412,0.12091922760009766,-12.644226591428144,0.00030102925658925805,FW,3.007813311328826e-06,2.5904420993362764,-0.00030102925658925805,FW
1413,0.12098908424377441,-12.644226591880866,0.0003003897175359316,FW,2.949122002909997e-06,2.5904447879173755,-0.0003003897175359316,FW
1414,0.12105917930603027,-12.64422659232381,0.0003162053290505229,FW,3.1212109621471733e-06,2.590438739587042,-0.0003162053290505229,FW
1415,0.12112808227539062,-12.64422659281728,0.0002949588890079208,FW,2.7410145832636747e-06,2.5904393070628924,-0.0002949588890079208,FW
1416,0.12119722366333008,-12.644226593221521,0.000301983237334838,FW,3.2874037267226515e-06,2.590438286618577,-0.000301983237334838,FW
1417,0.12126708030700684,-12.644226593717885,0.00032032031825286744,FW,3.098244138199419e-06,2.5904406345873197,-0.00032032031825286744,FW
1418,0.1213388442993164,-12.644226594214103,0.00029850064766083484,FW,2.8170718598614873e-06,2.5904382941734756,-0.00029850064766083484,FW
1419,0.12140798568725586,-12.644226594634558,0.0003118352000594238,FW,2.9493433373712108e-06,2.590436094575309,-0.0003118352000594238,FW
1420,0.12147688865661621,-12.64422659509441,0.00030497557272679554,FW,2.8006341515421547e-06,2.5904396150162032,-0.00030497557272679554,FW
1421,0.12154817581176758,-12.644226595521474,0.00028766168501512257,FW,2.7771629189330964e-06,2.590440480190606,-0.00028766168501512257,FW
1422,0.12161803245544434,-12.644226595920912,0.0003060915714382245,FW,2.7745406427630053e-06,2.590438675662153,-0.0003060915714382245,FW
1423,0.12171292304992676,-12.64422659634554,0.00030793513971148767,FW,2.767074575034113e-06,2.590436264632293,-0.00030793513971148767,FW
1424,0.12178206443786621,-12.644226596771587,0.00028638319483073604,FW,2.9559627088783444e-06,2.5904403145296175,-0.00028638319483073604,FW
1425,0.12185406684875488,-12.644226597194857,0.00030178276509608415,FW,2.934114265953606e-06,2.590437228433894,-0.00030178276509608415,FW
1426,0.12192487716674805,-12.644226597637584,0.00029720975899943936,FW,2.826097483571509e-06,2.590436982225041,-0.00029720975899943936,FW
1427,0.1219949722290039,-12.644226598057555,0.0002953009344157931,FW,2.9633426430765475e-06,2.5904386589967734,-0.0002953009344157931,FW
1428,0.12206387519836426,-12.644226598495102,0.0003032510857747528,FW,3.0195589503554585e-06,2.5904365778092653,-0.0003032510857747528,FW
1429,0.12213301658630371,-12.644226598952939,0.00028728793341774306,FW,3.0667039725833217e-06,2.590440361893159,-0.00028728793341774306,FW
1430,0.12220191955566406,-12.644226599393456,0.00029953440804061926,FW,2.6741160301410465e-06,2.590439361312548,-0.00029953440804061926,FW
1431,0.12227201461791992,-12.644226599793946,0.00029609411857850487,FW,2.902179292435468e-06,2.59043832547888,-0.00029609411857850487,FW
1432,0.12234091758728027,-12.644226600223604,0.00030532247457767947,FW,2.8098157345200718e-06,2.590435796424465,-0.00030532247457767947,FW
1433,0.12241005897521973,-12.64422660065256,0.00027607585641507837,FW,2.750232081494306e-06,2.5904357601502745,-0.00027607585641507837,FW
1434,0.12248516082763672,-12.644226601032193,0.00028959142263876303,FW,2.92203066414288e-06,2.590440176876124,-0.00028959142263876303,FW
1435,0.12256407737731934,-12.644226601455287,0.00029448396363258855,FW,2.782470481653181e-06,2.5904368642754783,-0.00029448396363258855,FW
1436,0.12263298034667969,-12.644226601864988,0.0002991986818175335,FW,2.8771888007878603e-06,2.5904339916565258,-0.0002991986818175335,FW
1437,0.12270402908325195,-12.644226602295413,0.000279695923692036,FW,2.887766947065919e-06,2.5904307657921226,-0.000279695923692036,FW
1438,0.12277412414550781,-12.644226602699266,0.0002856146013462679,FW,2.8196241839607355e-06,2.5904345211257835,-0.0002856146013462679,FW
1439,0.12284183502197266,-12.644226603101925,0.0002828090902713548,FW,2.849588230927357e-06,2.590435589830195,-0.0002828090902713548,FW
1440,0.1229100227355957,-12.644226603504865,0.000302045855922084,FW,2.692692887966431e-06,2.590437123315492,-0.000302045855922084,FW
1441,0.12297987937927246,-12.644226603911529,0.0002877906338319969,FW,2.7310260914473254e-06,2.5904321303220437,-0.0002877906338319969,FW
1442,0.12304997444152832,-12.644226604304505,0.000277169220750037,FW,2.7885377007136782e-06,2.590433374827427,-0.000277169220750037,FW
1443,0.12311720848083496,-12.64422660469096,0.00027862706594625197,FW,2.5477032653134594e-06,2.5904339356387873,-0.00027862706594625197,FW
1444,0.12319397926330566,-12.644226605045885,0.0002786105608828665,FW,2.6457683582319887e-06,2.5904371301386218,-0.0002786105608828665,FW
1445,0.12326407432556152,-12.644226605414461,0.0002887033737529743,FW,2.7676084154685254e-06,2.5904360778564643,-0.0002887033737529743,FW
1446,0.12333297729492188,-12.644226605813968,0.00027488441094038196,FW,2.7429824433946333e-06,2.590432760542053,-0.00027488441094038196,FW
1447,0.12340307235717773,-12.644226606190967,0.00026786647836452016,FW,2.66716302770864e-06,2.590436593874246,-0.00026786647836452016,FW
1448,0.12347292900085449,-12.644226606548184,0.0002709597987307494,FW,2.835303870757266e-06,2.590437131241235,-0.0002709597987307494,FW
1449,0.12354421615600586,-12.644226606932314,0.0002863183211872511,FW,2.6651417114102184e-06,2.5904339924600284,-0.0002863183211872511,FW
1450,0.12361311912536621,-12.644226607313852,0.0002937842209915359,FW,2.7349090428109153e-06,2.590436119160574,-0.0002937842209915359,FW
1451,0.12369418144226074,-12.64422660771559,0.00027858217128216844,FW,2.818336044236041e-06,2.5904363203398115,-0.00027858217128216844,FW
1452,0.12377715110778809,-12.644226608108157,0.0002729942932810647,FW,2.7351973051338786e-06,2.5904355477521768,-0.0002729942932810647,FW
1453,0.12384700775146484,-12.644226608481508,0.0002767998741670108,FW,2.745465910001993e-06,2.590432328428944,-0.0002767998741670108,FW
1454,0.12391519546508789,-12.644226608861482,0.00027608365804988877,FW,2.6161269708399984e-06,2.590430303033837,-0.00027608365804988877,FW
1455,0.12398386001586914,-12.64422660922261,0.00027738049646629237,FW,2.4795447440610493e-06,2.59043308502524,-0.00027738049646629237,FW
1456,0.1240530014038086,-12.644226609566498,0.0002788174224411799,FW,2.7360842276959913e-06,2.5904316622892405,-0.0002788174224411799,FW
1457,0.12412118911743164,-12.644226609947935,0.0002725048614134473,FW,2.6031667515432947e-06,2.590433239407815,-0.0002725048614134473,FW
1458,0.12418889999389648,-12.644226610302628,0.0002789714764230844,FW,2.560310190657908e-06,2.590432883803249,-0.0002789714764230844,FW
1459,0.12425923347473145,-12.644226610659752,0.00026419681784908833,FW,2.699928806185212e-06,2.590430554279957,-0.00026419681784908833,FW
1460,0.1243290901184082,-12.644226611016409,0.0002675208337368923,FW,2.4886354810494185e-06,2.590428231293214,-0.0002675208337368923,FW
1461,0.12439823150634766,-12.644226611349284,0.0002709544094836591,FW,2.5805074099694146e-06,2.590430617271267,-0.0002709544094836591,FW
1462,0.12446713447570801,-12.644226611698889,0.00026857032223828736,FW,2.757790074992936e-06,2.5904317817867586,-0.00026857032223828736,FW
1463,0.12453603744506836,-12.644226612069216,0.00027550630982209334,FW,2.7278420171973953e-06,2.590430575260515,-0.00027550630982209334,FW
1464,0.1246039867401123,-12.644226612444992,0.0002632251561424104,FW,2.543580210424197e-06,2.5904289577777235,-0.0002632251561424104,FW
1465,0.12467408180236816,-12.644226612779756,0.00026974895579473523,FW,2.7391575017454634e-06,2.5904271405126886,-0.00026974895579473523,FW
1466,0.12474203109741211,-12.644226613149202,0.0002659503489936127,FW,2.5293038749321487e-06,2.590431940689042,-0.0002659503489936127,FW
1467,0.12480998039245605,-12.644226613485534,0.0002624893499654085,FW,2.5992067497115647e-06,2.590433671278088,-0.0002624893499654085,FW
1468,0.1248788833618164,-12.644226613826666,0.00028258430680375146,FW,2.5297930595728643e-06,2.590432027484905,-0.00028258430680375146,FW
1469,0.12494897842407227,-12.6442266141841,0.00025842039107885906,FW,2.4377342508301235e-06,2.5904295028791626,-0.00025842039107885906,FW
1470,0.12501907348632812,-12.644226614499082,0.00026034418947092075,FW,2.635078189074303e-06,2.5904305156772187,-0.00026034418947092075,FW
1471,0.12508916854858398,-12.644226614842095,0.0002575769570998254,FW,2.5085945937585186e-06,2.590428884227133,-0.0002575769570998254,FW
1472,0.12515902519226074,-12.644226615165174,0.0002604563027109874,FW,2.7903314773287537e-06,2.590432345100506,-0.0002604563027109874,FW
1473,0.1252269744873047,-12.64422661552856,0.00026081778702968794,FW,2.600027064150047e-06,2.590428510403629,-0.00026081778702968794,FW
1474,0.12529587745666504,-12.644226615867623,0.0002514667006610072,FW,2.299796909578364e-06,2.5904284341413186,-0.0002514667006610072,FW
1475,0.12536406517028809,-12.644226616156784,0.0002717436395951872,FW,2.4926031601262097e-06,2.590428219512153,-0.0002717436395951872,FW
1476,0.12543320655822754,-12.644226616495457,0.00025355820686395747,FW,2.602888364345481e-06,2.590429261559989,-0.00025355820686395747,FW
1477,0.1255030632019043,-12.644226616825447,0.00025161620406939644,FW,2.4753335969025527e-06,2.5904263365138602,-0.00025161620406939644,FW
1478,0.12557291984558105,-12.644226617136873,0.0002570656497306312,FW,2.52371096642489e-06,2.5904283960082406,-0.0002570656497306312,FW
1479,0.12564301490783691,-12.64422661746125,0.0002635319472664849,FW,2.627292748895171e-06,2.590425418019444,-0.0002635319472664849,FW
1480,0.12571287155151367,-12.644226617807435,0.00025547377386378467,FW,2.301196240786236e-06,2.5904270624024206,-0.00025547377386378467,FW
1481,0.12578201293945312,-12.644226618101381,0.0002603856383533165,FW,2.465772089247714e-06,2.5904290947395374,-0.0002603856383533165,FW
1482,0.12584996223449707,-12.644226618422412,0.00024006545615520847,FW,2.86536237435677e-06,2.5904278681281814,-0.00024006545615520847,FW
1483,0.12592101097106934,-12.644226618766341,0.0002657591951682886,FW,2.435952689467199e-06,2.590424809774081,-0.0002657591951682886,FW
1484,0.1259899139404297,-12.64422661909004,0.0002528003670651535,FW,2.5961848557142885e-06,2.5904231330649568,-0.0002528003670651535,FW
1485,0.12605810165405273,-12.644226619418195,0.0002540627134323403,FW,2.383751952706436e-06,2.590423738875531,-0.0002540627134323403,FW
1486,0.12612605094909668,-12.644226619721001,0.0002590940576621542,FW,2.4732516082494223e-06,2.590428460315787,-0.0002590940576621542,FW
1487,0.12619400024414062,-12.644226620041408,0.00024312736461977458,FW,2.4567665139224992e-06,2.590428343962282,-0.00024312736461977458,FW
1488,0.12626314163208008,-12.644226620340058,0.0002573215788388705,FW,2.534095753331466e-06,2.590423933204167,-0.0002573215788388705,FW
1489,0.12633085250854492,-12.6442266206661,0.00024919344116078324,FW,2.386874623685876e-06,2.590423936821943,-0.00024919344116078324,FW
1490,0.12639999389648438,-12.644226620963499,0.00023842188725275992,FW,2.320779361362055e-06,2.590425889455701,-0.00023842188725275992,FW
1491,0.12647604942321777,-12.644226621240156,0.0002529115308340796,FW,2.8745287105401003e-06,2.5904268673154456,-0.0002529115308340796,FW
1492,0.12654399871826172,-12.644226621603654,0.00025205503065861556,FW,2.3797054312319318e-06,2.5904271604063025,-0.00025205503065861556,FW
1493,0.12661409378051758,-12.64422662190357,0.000258765015025364,FW,2.5382729422820893e-06,2.5904231768695567,-0.000258765015025364,FW
1494,0.12668395042419434,-12.644226622231972,0.0002470705770199477,FW,2.3835543001884426e-06,2.59042281700302,-0.0002470705770199477,FW
1495,0.1267552375793457,-12.64422662252643,0.00024023774521955699,FW,2.163076909086942e-06,2.590424320747738,-0.00024023774521955699,FW
1496,0.12682390213012695,-12.644226622786249,0.00024026068643163978,FW,2.4651650289599877e-06,2.5904246126595947,-0.00024026068643163978,FW
1497,0.12689423561096191,-12.644226623082398,0.00023833416550003705,FW,2.3368584467118717e-06,2.5904228337339092,-0.00023833416550003705,FW
1498,0.12696194648742676,-12.64422662336087,0.00024299119311939343,FW,2.4092827219685913e-06,2.590423415133603,-0.00024299119311939343,FW
1499,0.1270310878753662,-12.644226623653594,0.0002498732657769259,FW,2.359171429902572e-06,2.5904238069480927,-0.0002498732657769259,FW
1500,0.12709903717041016,-12.644226623948338,0.00023832893490628726,FW,2.402365323550519e-06,2.590423339645228,-0.00023832893490628726,FW
1501,0.1271669864654541,-12.644226624234609,0.0002470422778254877,FW,2.275743878437967e-06,2.5904242987774135,-0.0002470422778254877,FW
1502,0.12723612785339355,-12.644226624515714,0.00024622647405594944,FW,2.20431574401954e-06,2.590425641069522,-0.00024622647405594944,FW
1503,0.1273050308227539,-12.644226624787096,0.0002369293852328841,FW,2.217917643129923e-06,2.590423540277194,-0.0002369293852328841,FW
1504,0.12737417221069336,-12.644226625049841,0.00024704972716158013,FW,2.33900604336982e-06,2.5904256454883283,-0.00024704972716158013,FW
1505,0.12744402885437012,-12.644226625338764,0.00023078394742982733,FW,2.336863169886765e-06,2.590423748997102,-0.00023078394742982733,FW
1506,0.12751317024230957,-12.644226625608415,0.00024247732354876206,FW,2.2256568817571643e-06,2.5904216153538218,-0.00024247732354876206,FW
1507,0.127579927444458,-12.644226625878254,0.00023800794468166464,FW,2.2798593253643814e-06,2.59042244036048,-0.00023800794468166464,FW
1508,0.12764906883239746,-12.644226626149567,0.000228956813896522,FW,2.12711861838951e-06,2.590422648077647,-0.000228956813896522,FW
1509,0.1277179718017578,-12.644226626393076,0.0002425383946911691,FW,2.1857045862720018e-06,2.5904227650655285,-0.0002425383946911691,FW
1510,0.12778615951538086,-12.644226626658137,0.00023771413735125535,FW,2.3928516859408867e-06,2.590419996591733,-0.00023771413735125535,FW
1511,0.12785696983337402,-12.64422662694254,0.00022584902886532698,FW,2.17283028950334e-06,2.590420670405134,-0.00022584902886532698,FW
1512,0.12792515754699707,-12.644226627187908,0.00023799615439414057,FW,2.1706789893253794e-06,2.5904234358581744,-0.00023799615439414057,FW
1513,0.12799501419067383,-12.644226627446214,0.00023672756657394656,FW,2.4024883864682287e-06,2.5904213842408805,-0.00023672756657394656,FW
1514,0.12806296348571777,-12.64422662773058,0.00024292251999244452,FW,2.2773815052923726e-06,2.5904195136648056,-0.00024292251999244452,FW
1515,0.12813210487365723,-12.6442266280072,0.00022092274495505437,FW,2.2987219477868294e-06,2.590421325896916,-0.00022092274495505437,FW
1516,0.12820196151733398,-12.644226628261116,0.00023242933657111053,FW,2.2259169533996015e-06,2.5904227512251223,-0.00023242933657111053,FW
1517,0.12827086448669434,-12.644226628519801,0.0002322091132130888,FW,2.285307920199237e-06,2.5904235963815876,-0.0002322091132130888,FW
1518,0.1283421516418457,-12.644226628785137,0.00022411777281691747,FW,2.1459408822517004e-06,2.590421185807833,-0.00022411777281691747,FW
1519,0.12841510772705078,-12.644226629025606,0.00023827514091641355,FW,2.1583087072577467e-06,2.5904234446206265,-0.00023827514091641355,FW
1520,0.128493070602417,-12.644226629282747,0.00023688606834798565,FW,2.1622429130018825e-06,2.5904216342818294,-0.00023688606834798565,FW
1521,0.12856197357177734,-12.64422662953884,0.00022604057158985558,FW,2.266706351250198e-06,2.590422045153589,-0.00022604057158985558,FW
1522,0.1286311149597168,-12.644226629795032,0.0002225758180982862,FW,2.3330378714143183e-06,2.590421572963182,-0.0002225758180982862,FW
1523,0.12870097160339355,-12.644226630054664,0.0002217402335818741,FW,2.2432506596976414e-06,2.5904204600221714,-0.0002217402335818741,FW
1524,0.12877106666564941,-12.644226630303375,0.00023482795463961037,FW,2.3905593544403794e-06,2.5904208527902752,-0.00023482795463961037,FW
1525,0.12884092330932617,-12.644226630584063,0.00022789990562985252,FW,2.12374464455221e-06,2.5904205575149493,-0.00022789990562985252,FW
1526,0.12891101837158203,-12.644226630826065,0.00023013445508464347,FW,2.442617042426098e-06,2.590422007568845,-0.00023013445508464347,FW
1527,0.12898015975952148,-12.644226631107125,0.00022363708118305903,FW,2.348535289094525e-06,2.5904221361447712,-0.00022363708118305903,FW
1528,0.12905001640319824,-12.644226631369735,0.00022412969915132364,FW,2.320683367109497e-06,2.5904182079298006,-0.00022412969915132364,FW
1529,0.1291201114654541,-12.644226631629808,0.0002273355299611951,FW,2.09813061382003e-06,2.5904183531778635,-0.0002273355299611951,FW
1530,0.12918996810913086,-12.644226631868296,0.00022481374621174943,FW,2.3011010140369276e-06,2.5904177534154207,-0.00022481374621174943,FW
1531,0.12926006317138672,-12.644226632126959,0.0002278156080925131,FW,2.2502667145080834e-06,2.590420014360905,-0.0002278156080925131,FW
1532,0.12932896614074707,-12.644226632383285,0.00021556242890868882,FW,2.1608537493857466e-06,2.590418672362742,-0.00021556242890868882,FW
1533,0.12939906120300293,-12.64422663261618,0.00022546182929174263,FW,2.035590694251559e-06,2.5904182996002802,-0.00022546182929174263,FW
1534,0.12946701049804688,-12.644226632845651,0.00022693133448478675,FW,2.256734534760291e-06,2.5904179078109273,-0.00022693133448478675,FW
1535,0.12953615188598633,-12.644226633101715,0.00021433894306971402,FW,2.014132244046525e-06,2.590418991527467,-0.00021433894306971402,FW
1536,0.12960600852966309,-12.644226633317569,0.00020732107042691073,FW,2.0301830504784264e-06,2.590416879943682,-0.00020732107042691073,FW
1537,0.12967705726623535,-12.64422663352802,0.00022377751780074118,FW,2.0780473912846093e-06,2.5904149520930573,-0.00022377751780074118,FW
1538,0.1297459602355957,-12.644226633760523,0.00021637698358081825,FW,2.1973744643773087e-06,2.59041618207967,-0.00021637698358081825,FW
1539,0.12981724739074707,-12.644226633998255,0.00021418479538393154,FW,2.1318126864315833e-06,2.5904198387285264,-0.00021418479538393154,FW
1540,0.12988591194152832,-12.64422663422656,0.00022291373084537547,FW,2.2948213425766996e-06,2.5904177202958176,-0.00022291373084537547,FW
1541,0.12995696067810059,-12.64422663448233,0.00021804678976167224,FW,2.1008877523638626e-06,2.5904188208132735,-0.00021804678976167224,FW
1542,0.13002610206604004,-12.644226634711382,0.0002199305974978638,FW,2.09040836548948e-06,2.5904145756254464,-0.0002199305974978638,FW
1543,0.13009405136108398,-12.64422663494125,0.0002152390991949915,FW,2.1083564657521025e-06,2.5904180596120074,-0.0002152390991949915,FW
1544,0.13016414642333984,-12.644226635168149,0.00021594763731531963,FW,2.1064222564052868e-06,2.590417884037568,-0.00021594763731531963,FW
1545,0.130234956741333,-12.644226635395588,0.00021592545114605677,FW,2.041655559643221e-06,2.5904167614370834,-0.00021592545114605677,FW
1546,0.13030409812927246,-12.64422663561601,0.00021051221205553583,FW,2.131583535111196e-06,2.5904184539580926,-0.00021051221205553583,FW
1547,0.1303880214691162,-12.644226635840377,0.00021754405971614876,FW,1.9052255283561016e-06,2.590415606978778,-0.00021754405971614876,FW
1548,0.13046503067016602,-12.644226636047604,0.00020954635833601853,FW,2.162439058229251e-06,2.5904171936025118,-0.00020954635833601853,FW
1549,0.13053607940673828,-12.644226636274176,0.00021838700547154033,FW,2.3155081138961128e-06,2.5904175591404752,-0.00021838700547154033,FW
1550,0.13060617446899414,-12.644226636527018,0.00020100645969794995,FW,1.928904030975395e-06,2.5904133427400735,-0.00020100645969794995,FW
1551,0.1306760311126709,-12.644226636720877,0.00020449928369729864,FW,2.1221773645813583e-06,2.590417596625048,-0.00020449928369729864,FW
1552,0.13074684143066406,-12.644226636937866,0.00020745211219953819,FW,2.0697837993670243e-06,2.5904174598052743,-0.00020745211219953819,FW
1553,0.13081717491149902,-12.644226637152554,0.00021154737089798537,FW,2.0224083117461726e-06,2.590417642965559,-0.00021154737089798537,FW
1554,0.1308879852294922,-12.644226637366476,0.00021947444006778505,FW,2.2187268873238684e-06,2.5904180234590224,-0.00021947444006778505,FW
1555,0.13095808029174805,-12.644226637609947,0.00020451699141221802,FW,1.9063207182879366e-06,2.590414122814989,-0.00020451699141221802,FW
1556,0.1310269832611084,-12.644226637804891,0.00021203504008057705,FW,1.9283862106561018e-06,2.590415777464802,-0.00021203504008057705,FW
1557,0.13109803199768066,-12.644226638009327,0.0002054045375161212,FW,1.9711022459577796e-06,2.5904166815123015,-0.0002054045375161212,FW
1558,0.13116908073425293,-12.64422663821177,0.00020721681136853798,FW,2.145405470468922e-06,2.5904164987551925,-0.00020721681136853798,FW
1559,0.1312389373779297,-12.64422663843405,0.0002175105566367408,FW,2.1625381534245234e-06,2.5904128913348985,-0.0002175105566367408,FW
1560,0.13130903244018555,-12.644226638669235,0.0001934854050345547,FW,2.042266616664471e-06,2.5904141127610485,-0.0001934854050345547,FW
1561,0.1313800811767578,-12.64422663886681,0.00020428297354023461,FW,2.2277677083698415e-06,2.590413236064068,-0.00020428297354023461,FW
1562,0.13145089149475098,-12.644226639094363,0.00020675102592740413,FW,1.971838120886498e-06,2.5904126279351147,-0.00020675102592740413,FW
1563,0.13152217864990234,-12.644226639298195,0.0001999190462328576,FW,2.142703791083412e-06,2.5904158150374683,-0.0001999190462328576,FW
1564,0.1315920352935791,-12.644226639512386,0.0002097852806827727,FW,2.0082842735757646e-06,2.590411421207363,-0.0002097852806827727,FW
1565,0.13166284561157227,-12.64422663972304,0.00020123699758382851,FW,2.0741540020636937e-06,2.5904154217991757,-0.00020123699758382851,FW
1566,0.13173317909240723,-12.64422663993173,0.00020319582120599533,FW,1.9925134464370875e-06,2.590414745436677,-0.00020319582120599533,FW
1567,0.1318039894104004,-12.644226640134175,0.00020312493606998439,FW,1.9359169018719143e-06,2.5904131106601973,-0.00020312493606998439,FW
1568,0.13187694549560547,-12.644226640330782,0.00020424228811330436,FW,2.0637146885709474e-06,2.590412810222441,-0.00020424228811330436,FW
1569,0.13194704055786133,-12.644226640541536,0.00018827759867214022,FW,1.8293406108981748e-06,2.5904106467198056,-0.00018827759867214022,FW
1570,0.1320180892944336,-12.644226640713754,0.00020313971755152316,FW,1.8476244950789375e-06,2.5904130249044193,-0.00020313971755152316,FW
1571,0.13208913803100586,-12.644226640901413,0.00020673501272255868,FW,1.9921695277083985e-06,2.5904134394113,-0.00020673501272255868,FW
1572,0.13216018676757812,-12.644226641107334,0.00019191008173750912,FW,2.028614607234301e-06,2.5904147640103354,-0.00019191008173750912,FW
1573,0.13223004341125488,-12.644226641301998,0.00019772263224458742,FW,1.929339599180344e-06,2.5904119166207797,-0.00019772263224458742,FW
1574,0.13230109214782715,-12.644226641492725,0.00019742581096576783,FW,1.8210814450478791e-06,2.590412998552374,-0.00019742581096576783,FW
1575,0.1323709487915039,-12.644226641672496,0.0002030478719974027,FW,1.942334186631992e-06,2.5904125706777563,-0.0002030478719974027,FW
1576,0.13245105743408203,-12.644226641869684,0.00019628989837257305,FW,1.9862264579768385e-06,2.5904130600648654,-0.00019628989837257305,FW
1577,0.13251996040344238,-12.644226642064627,0.00019367235614049794,FW,1.910854798600213e-06,2.5904112912598465,-0.00019367235614049794,FW
1578,0.13258719444274902,-12.644226642249663,0.0001925226909572364,FW,1.9648290892077545e-06,2.590410477035103,-0.0001925226909572364,FW
1579,0.1326580047607422,-12.644226642438802,0.00020716285994082373,FW,2.074871769595394e-06,2.5904111188188184,-0.00020716285994082373,FW
1580,0.13272905349731445,-12.644226642653724,0.00019022435231724755,FW,1.8941773112815855e-06,2.590408671669215,-0.00019022435231724755,FW
1581,0.1327970027923584,-12.644226642833878,0.0001915240313820482,FW,1.8034253562183503e-06,2.590410693067979,-0.0001915240313820482,FW
1582,0.13286614418029785,-12.64422664300658,0.0002040266493579801,FW,1.8724249074275258e-06,2.590412255611506,-0.0002040266493579801,FW
1583,0.1329360008239746,-12.644226643197596,0.0001881227567563648,FW,1.973622259168344e-06,2.590412222489744,-0.0001881227567563648,FW
1584,0.13300514221191406,-12.644226643383234,0.0001932182322842979,FW,1.6993827230853594e-06,2.590411635622012,-0.0001932182322842979,FW
1585,0.13307404518127441,-12.644226643547407,0.0001947877956400973,FW,1.9386538124026455e-06,2.5904072277191617,-0.0001947877956400973,FW
1586,0.13314104080200195,-12.644226643736221,0.0001920615352527244,FW,1.8738108997102755e-06,2.5904103672057253,-0.0001920615352527244,FW
1587,0.133209228515625,-12.644226643916168,0.00018415427432848241,FW,1.7195814562050678e-06,2.590409689607381,-0.00018415427432848241,FW
1588,0.13327908515930176,-12.644226644074498,0.00019194129835566065,FW,1.8232519676512442e-06,2.5904086229375327,-0.00019194129835566065,FW
1589,0.1333479881286621,-12.644226644249473,0.00019549827972323297,FW,1.8611527681037724e-06,2.5904108347383703,-0.00019549827972323297,FW
1590,0.13341808319091797,-12.644226644431404,0.00018214214201281442,FW,1.7257284905618285e-06,2.5904093368287047,-0.00018214214201281442,FW
1591,0.13348698616027832,-12.644226644588569,0.0001852900094915233,FW,1.8515328951329913e-06,2.5904100485774824,-0.0001852900094915233,FW
1592,0.13355612754821777,-12.644226644760101,0.0001915388474750812,FW,1.819998806868888e-06,2.5904097347673054,-0.0001915388474750812,FW
1593,0.13362693786621094,-12.64422664493441,0.00018920585871672058,FW,1.7476591426386123e-06,2.5904088076336267,-0.00018920585871672058,FW
1594,0.13369512557983398,-12.644226645099737,0.0001939180636121307,FW,1.8375531711278243e-06,2.590409147212039,-0.0001939180636121307,FW
1595,0.13376307487487793,-12.64422664527791,0.0001816819653888968,FW,1.6873326308330187e-06,2.59040984714458,-0.0001816819653888968,FW
1596,0.13383197784423828,-12.644226645431184,0.00018800240311908634,FW,1.7150939010022486e-06,2.5904101426726185,-0.00018800240311908634,FW
1597,0.13390016555786133,-12.644226645592402,0.00018799652395992683,FW,1.791988264972154e-06,2.5904090641378477,-0.00018799652395992683,FW
1598,0.13396906852722168,-12.64422664576085,0.00017675412218709496,FW,1.7750628993236133e-06,2.590407244248292,-0.00017675412218709496,FW
1599,0.13403820991516113,-12.644226645917719,0.00019338267920140928,FW,1.9616890364416686e-06,2.5904082623843596,-0.00019338267920140928,FW
1600,0.13410592079162598,-12.644226646107398,0.0001795878092203662,FW,1.709925715468299e-06,2.5904073675855535,-0.0001795878092203662,FW
1601,0.13417506217956543,-12.644226646260943,0.00018307752491805718,FW,1.8453226958746077e-06,2.5904088102877565,-0.00018307752491805718,FW
1602,0.1342449188232422,-12.644226646429857,0.00018662713027843558,FW,1.6569481826890853e-06,2.590407839195316,-0.00018662713027843558,FW
1603,0.13431406021118164,-12.644226646584482,0.0001932889411534744,FW,1.7159944667307368e-06,2.590406464145058,-0.0001932889411534744,FW
1604,0.13439106941223145,-12.644226646750319,0.00017686263767723032,FW,1.6989863943574985e-06,2.590408633473052,-0.00017686263767723032,FW
1605,0.13446807861328125,-12.644226646900558,0.00017742887566415955,FW,1.791997896959553e-06,2.5904065364863174,-0.00017742887566415955,FW
1606,0.13453912734985352,-12.644226647059536,0.0001782381683706341,FW,1.690591144950199e-06,2.5904073748069867,-0.0001782381683706341,FW
1607,0.13460993766784668,-12.64422664721021,0.0001834656011581587,FW,1.8062673336671828e-06,2.590405665208154,-0.0001834656011581587,FW
1608,0.13468194007873535,-12.644226647375897,0.00017945773808195065,FW,1.6866686555848582e-06,2.590407313258677,-0.00017945773808195065,FW
1609,0.1347520351409912,-12.644226647527237,0.00017845505251185,FW,1.8686680227127272e-06,2.590407544287037,-0.00017845505251185,FW
1610,0.13481998443603516,-12.644226647693976,0.0001754919546267525,FW,1.654297658163689e-06,2.590405230312768,-0.0001754919546267525,FW
1611,0.13489103317260742,-12.644226647839139,0.00017515465234362038,FW,1.88532742973624e-06,2.590406809224303,-0.00017515465234362038,FW
1612,0.13496088981628418,-12.644226648004244,0.000188140465595954,FW,1.7998097477890893e-06,2.5904047445201916,-0.000188140465595954,FW
1613,0.13503122329711914,-12.64422664817355,0.00018015050276105893,FW,1.6364992891143494e-06,2.590406727464325,-0.00018015050276105893,FW
1614,0.1351020336151123,-12.644226648320965,0.0001709412876202132,FW,1.6612086490081563e-06,2.5904081671750174,-0.0001709412876202132,FW
1615,0.13517284393310547,-12.644226648462947,0.000181793833936586,FW,1.8854197784706214e-06,2.590407333281732,-0.000181793833936586,FW
1616,0.13524508476257324,-12.644226648634321,0.0001718969155397876,FW,1.812748576884724e-06,2.5904051479609422,-0.0001718969155397876,FW
1617,0.13531494140625,-12.644226648790129,0.0001681803550775407,FW,1.6355595631068755e-06,2.590404992431438,-0.0001681803550775407,FW
1618,0.13538599014282227,-12.644226648927663,0.00017424562903994856,FW,1.5894300885201617e-06,2.590406712130877,-0.00017424562903994856,FW
1619,0.13545608520507812,-12.644226649066134,0.00018015304897724127,FW,1.9703255849633285e-06,2.5904083675603085,-0.00018015304897724127,FW
1620,0.1355268955230713,-12.644226649243617,0.00017017356291007535,FW,1.9275710450696213e-06,2.5904066382027824,-0.00017017356291007535,FW
1621,0.13559603691101074,-12.644226649407628,0.00016954363454027566,FW,1.6233041468841645e-06,2.5904055265153954,-0.00016954363454027566,FW
1622,0.1356658935546875,-12.644226649545244,0.0001848338815695627,FW,1.7444880929571737e-06,2.590404725686116,-0.0001848338815695627,FW
1623,0.13573503494262695,-12.644226649706464,0.0001765649185103274,FW,1.8248994238982111e-06,2.5904039361586317,-0.0001765649185103274,FW
1624,0.1358048915863037,-12.644226649867568,0.00017198380401327318,FW,1.55362809580453e-06,2.590404898178547,-0.00017198380401327318,FW
1625,0.13587617874145508,-12.644226650001167,0.00016842981249817757,FW,1.680228140394968e-06,2.590405324991765,-0.00016842981249817757,FW
1626,0.13594698905944824,-12.64422665014267,0.00017392601307560096,FW,1.6708316369092165e-06,2.5904034302226404,-0.00017392601307560096,FW
1627,0.1360170841217041,-12.644226650287973,0.0001736796296127191,FW,1.7035827926120098e-06,2.590404462415405,-0.0001736796296127191,FW
1628,0.13608813285827637,-12.644226650435908,0.00016299579255074637,FW,1.6273382467357787e-06,2.590405517461953,-0.00016299579255074637,FW
1629,0.13615894317626953,-12.64422665056853,0.0001735704198961019,FW,1.6635456035508672e-06,2.590403558414268,-0.0001735704198961019,FW
1630,0.1362299919128418,-12.644226650712897,0.0001731082950817836,FW,1.622565321980185e-06,2.5904045273242335,-0.0001731082950817836,FW
1631,0.13629913330078125,-12.644226650853344,0.0001686720528022434,FW,1.5737702731968095e-06,2.5904031502130964,-0.0001686720528022434,FW
1632,0.13637709617614746,-12.644226650986067,0.00016930490692362854,FW,1.640808567965601e-06,2.590405169144255,-0.00016930490692362854,FW
1633,0.13644814491271973,-12.64422665112497,0.00016516843941988268,FW,1.564775712526626e-06,2.5904061280028166,-0.00016516843941988268,FW
1634,0.13651800155639648,-12.644226651254197,0.00017137806931664945,FW,1.7532074334835086e-06,2.590402900425251,-0.00017137806931664945,FW
1635,0.13658809661865234,-12.644226651404425,0.00017005605711067906,FW,1.6230829734659413e-06,2.59040383487638,-0.00017005605711067906,FW
1636,0.1366579532623291,-12.644226651542432,0.0001668612244178913,FW,1.5919769726766703e-06,2.5904042178005486,-0.0001668612244178913,FW
1637,0.13672709465026855,-12.644226651675247,0.00016957108065648874,FW,1.7851391885434008e-06,2.5904020929001548,-0.00016957108065648874,FW
1638,0.1367969512939453,-12.644226651826603,0.0001606328134022561,FW,1.5834644702931831e-06,2.5904029805121147,-0.0001606328134022561,FW
1639,0.13686609268188477,-12.644226651953783,0.00016970633352615672,FW,1.5908567241675728e-06,2.5904052418814487,-0.00016970633352615672,FW
1640,0.13693499565124512,-12.644226652088774,0.00016359150895223218,FW,1.6071784216120493e-06,2.5904032262605257,-0.00016359150895223218,FW
1641,0.13700509071350098,-12.644226652220233,0.0001646876717691509,FW,1.6289688581243217e-06,2.590400753008177,-0.0001646876717691509,FW
1642,0.13707399368286133,-12.644226652354366,0.00015953952454464404,FW,1.6034701134844138e-06,2.5904018091106678,-0.00015953952454464404,FW
1643,0.13714313507080078,-12.644226652482274,0.0001638463970753401,FW,1.6131985618776052e-06,2.590402962568487,-0.0001638463970753401,FW
1644,0.13721394538879395,-12.644226652614428,0.0001651551304959198,FW,1.549716797190716e-06,2.590403145141024,-0.0001651551304959198,FW
1645,0.1372842788696289,-12.644226652742411,0.0001571103978834365,FW,1.6796128957903769e-06,2.5904045695954716,-0.0001571103978834365,FW
1646,0.13735413551330566,-12.644226652874352,0.0001630343721132077,FW,1.6275932234812818e-06,2.5904012439702946,-0.0001630343721132077,FW
1647,0.1374220848083496,-12.644226653007026,0.0001626709023648254,FW,1.5960381937009064e-06,2.5904020152332516,-0.0001626709023648254,FW
1648,0.13749098777770996,-12.64422665313684,0.0001547666846481166,FW,1.4381822847320755e-06,2.590401664646363,-0.0001547666846481166,FW
1649,0.13756108283996582,-12.644226653248127,0.00016344899040074412,FW,1.6087484706235708e-06,2.590402476311001,-0.00016344899040074412,FW
1650,0.13763093948364258,-12.644226653379603,0.000167306931556227,FW,1.685931031164356e-06,2.590402687060811,-0.000167306931556227,FW
1651,0.13770103454589844,-12.644226653520644,0.00015035894318017606,FW,1.5060868902128235e-06,2.5904010026382136,-0.00015035894318017606,FW
1652,0.1377701759338379,-12.644226653633863,0.0001629381756946685,FW,1.6153889057272387e-06,2.5904004990532905,-0.0001629381756946685,FW
1653,0.13784003257751465,-12.644226653765472,0.0001625711392091722,FW,1.578900139558443e-06,2.590401639757264,-0.0001625711392091722,FW
1654,0.1379101276397705,-12.644226653893814,0.00016359593869209876,FW,1.567546945461372e-06,2.5904015966633573,-0.00016359593869209876,FW
1655,0.13797903060913086,-12.644226654022033,0.00016180584614140792,FW,1.6315432316718676e-06,2.5904020918594393,-0.00016180584614140792,FW
1656,0.1380481719970703,-12.644226654154027,0.0001528891515853864,FW,1.4789991518866226e-06,2.590401783335403,-0.0001528891515853864,FW
1657,0.13811802864074707,-12.644226654267099,0.00015430963850153467,FW,1.533090511286044e-06,2.5904029351998683,-0.00015430963850153467,FW
1658,0.13818717002868652,-12.644226654385381,0.0001609071604803669,FW,1.664518430380404e-06,2.5904019335443134,-0.0001609071604803669,FW
1659,0.1382579803466797,-12.644226654519294,0.00015411461425816897,FW,1.6249663466552206e-06,2.590400867809837,-0.00015411461425816897,FW
1660,0.1383380889892578,-12.644226654644509,0.00015320168027573022,FW,1.5116680608674037e-06,2.5904019022296603,-0.00015320168027573022,FW
1661,0.13840794563293457,-12.6442266547603,0.0001628208077392168,FW,1.6298044081741383e-06,2.590401125983713,-0.0001628208077392168,FW
1662,0.13847708702087402,-12.644226654892986,0.00015531210706447307,FW,1.4418272281479362e-06,2.590399850608412,-0.00015531210706447307,FW
1663,0.13854598999023438,-12.644226655004951,0.0001599244815447265,FW,1.4860637283801763e-06,2.590400050550517,-0.0001599244815447265,FW
1664,0.13861513137817383,-12.644226655123779,0.00015004014320726955,FW,1.5273453100023344e-06,2.59040161493413,-0.00015004014320726955,FW
1665,0.13868403434753418,-12.644226655238366,0.00015427905744663795,FW,1.50282951266656e-06,2.5904006615479487,-0.00015427905744663795,FW
1666,0.13875317573547363,-12.644226655354297,0.00015180830730274208,FW,1.436941102535814e-06,2.590400374516014,-0.00015180830730274208,FW
1667,0.1388230323791504,-12.64422665546336,0.00015864243086326224,FW,1.4983401612469033e-06,2.5904003848900934,-0.00015864243086326224,FW
1668,0.13889408111572266,-12.644226655582214,0.00014954669805360143,FW,1.471337863769049e-06,2.5904005109520742,-0.00014954669805360143,FW
1669,0.138962984085083,-12.644226655692227,0.00015318606752914854,FW,1.601255636077345e-06,2.5903989343444684,-0.00015318606752914854,FW
1670,0.13903307914733887,-12.644226655814872,0.00015334327535583558,FW,1.3738206108919902e-06,2.5903987723503707,-0.00015334327535583558,FW
1671,0.13910293579101562,-12.644226655920207,0.00014979936722710196,FW,1.5062474749670951e-06,2.5903998574835367,-0.00014979936722710196,FW
1672,0.1391739845275879,-12.644226656033027,0.00014847609193170686,FW,1.3882650102068794e-06,2.5903993766337683,-0.00014847609193170686,FW
1673,0.13924217224121094,-12.644226656136084,0.00015806740587831491,FW,1.476971290580018e-06,2.5903995118864067,-0.00015806740587831491,FW
1674,0.1393120288848877,-12.644226656252819,0.00014230718254351626,FW,1.4710238606493703e-06,2.5903991874167245,-0.00014230718254351626,FW
1675,0.13938117027282715,-12.644226656357484,0.00015300181701256854,FW,1.4074605993745175e-06,2.590399134855795,-0.00015300181701256854,FW
1676,0.1394510269165039,-12.64422665646516,0.00015034333818177148,FW,1.4282952118064383e-06,2.5903972633722785,-0.00015034333818177148,FW
1677,0.13952016830444336,-12.644226656572517,0.00015134079565604086,FW,1.4624262892922276e-06,2.590396918996146,-0.00015134079565604086,FW
1678,0.13968586921691895,-12.644226656683188,0.00014597406102051513,FW,1.417998784027545e-06,2.5903958166312457,-0.00014597406102051513,FW
1679,0.13984894752502441,-12.644226656786683,0.00015084569795054126,FW,1.5221273528327864e-06,2.5903970342846288,-0.00015084569795054126,FW
1680,0.14000606536865234,-12.64422665690149,0.00014453298616333432,FW,1.4913614596905998e-06,2.5903973800269724,-0.00014453298616333432,FW
1681,0.14016103744506836,-12.644226657009261,0.00014926158835036618,FW,1.487624397842265e-06,2.590397656883416,-0.00014926158835036618,FW
1682,0.14029502868652344,-12.644226657120285,0.00014991480225384768,FW,1.5045320907982528e-06,2.5903963588827614,-0.00014991480225384768,FW
1683,0.1403670310974121,-12.644226657233057,0.0001446908067202074,FW,1.456141647914848e-06,2.5903968947771885,-0.0001446908067202074,FW
1684,0.14043593406677246,-12.644226657338404,0.00014356648928749716,FW,1.4483539885251652e-06,2.5903981704580157,-0.00014356648928749716,FW
1685,0.14050698280334473,-12.64422665744237,0.00014317721366306768,FW,1.4626260766361625e-06,2.590398790621082,-0.00014317721366306768,FW
1686,0.14057612419128418,-12.644226657547078,0.00014945825689562098,FW,1.3711209729522998e-06,2.590397560204016,-0.00014945825689562098,FW
1687,0.14064502716064453,-12.644226657649542,0.00014927942784079273,FW,1.4072640048781944e-06,2.5903982577626783,-0.00014927942784079273,FW
1688,0.14071297645568848,-12.644226657754583,0.00013942776007949687,FW,1.4232103977099234e-06,2.5903990432194153,-0.00013942776007949687,FW
1689,0.14078497886657715,-12.644226657853801,0.00014044229782587958,FW,1.389972848052649e-06,2.5903959472183216,-0.00014044229782587958,FW
1690,0.1408541202545166,-12.644226657951403,0.00014630533862819428,FW,1.3823660723227437e-06,2.5903971643172903,-0.00014630533862819428,FW
1691,0.14092397689819336,-12.644226658052526,0.00014494360247811755,FW,1.3959295297701782e-06,2.5903965823709036,-0.00014494360247811755,FW
1692,0.14099407196044922,-12.644226658153693,0.00015007846940359726,FW,1.4679830137447589e-06,2.5903982987651544,-0.00015007846940359726,FW
1693,0.14106297492980957,-12.644226658263849,0.00013864257010942627,FW,1.4512603064766078e-06,2.590396696778972,-0.00013864257010942627,FW
1694,0.14113211631774902,-12.644226658364452,0.00013309112078326024,FW,1.3620732891620936e-06,2.590395531193349,-0.00013309112078326024,FW
1695,0.14120101928710938,-12.644226658455091,0.00014730054317843577,FW,1.4223409868157524e-06,2.5903952238431347,-0.00014730054317843577,FW
1696,0.14127206802368164,-12.644226658559846,0.00014233585254806724,FW,1.3536247691363173e-06,2.5903952009321904,-0.00014233585254806724,FW
1697,0.1413440704345703,-12.644226658656185,0.00014764279912753142,FW,1.5643954693556922e-06,2.5903971017366354,-0.00014764279912753142,FW
1698,0.14141201972961426,-12.644226658771673,0.00013471039363467663,FW,1.3394051635774266e-06,2.590396172463096,-0.00013471039363467663,FW
1699,0.14148306846618652,-12.644226658861887,0.00013627736486634956,FW,1.2671974464175917e-06,2.590394606819192,-0.00013627736486634956,FW
1700,0.14155101776123047,-12.644226658948226,0.00013998500606143827,FW,1.4161174868519061e-06,2.5903959644812313,-0.00013998500606143827,FW
1701,0.14162111282348633,-12.644226659047352,0.00014363808622612495,FW,1.4311014115784203e-06,2.590395615253541,-0.00014363808622612495,FW
1702,0.14169096946716309,-12.644226659150128,0.00014026949886419837,FW,1.3892461087702299e-06,2.590396635735685,-0.00014026949886419837,FW
1703,0.14176011085510254,-12.644226659247561,0.00014016433370814263,FW,1.3574855936471872e-06,2.5903949995021147,-0.00014016433370814263,FW
1704,0.1418299674987793,-12.644226659342703,0.00013767985605128708,FW,1.3392714212131285e-06,2.5903952093584675,-0.00013767985605128708,FW
1705,0.14190006256103516,-12.644226659434896,0.00013562048970430785,FW,1.3815604437543155e-06,2.590395582583021,-0.00013562048970430785,FW
1706,0.1419689655303955,-12.644226659528575,0.00013599323174816325,FW,1.349439723635181e-06,2.5903963600424893,-0.00013599323174816325,FW
1707,0.14203906059265137,-12.644226659620333,0.00013532558717338494,FW,1.4167580532417948e-06,2.5903942711018773,-0.00013532558717338494,FW
1708,0.14210796356201172,-12.644226659716196,0.00013334754274958727,FW,1.326970048099665e-06,2.5903960332378784,-0.00013334754274958727,FW
1709,0.14217805862426758,-12.644226659804673,0.0001381170869110826,FW,1.3629450461031123e-06,2.590396660774649,-0.0001381170869110826,FW
1710,0.14224791526794434,-12.6442266598988,0.00013322039606583624,FW,1.3546449407032776e-06,2.5903971466830726,-0.00013322039606583624,FW
1711,0.14232802391052246,-12.64422665998903,0.00014023616005744144,FW,1.4245831975447242e-06,2.590395443541609,-0.00014023616005744144,FW
1712,0.14239811897277832,-12.644226660088913,0.00013430782835502364,FW,1.2644048775802812e-06,2.590395162962366,-0.00013430782835502364,FW
1713,0.14246821403503418,-12.644226660173823,0.0001373906067766717,FW,1.501552540806052e-06,2.590395583637675,-0.0001373906067766717,FW
1714,0.14253807067871094,-12.644226660276972,0.00013158703041141195,FW,1.3216070997286144e-06,2.590394525634333,-0.00013158703041141195,FW
1715,0.1426079273223877,-12.64422666036393,0.00013562735295666317,FW,1.2817747164571332e-06,2.5903942568234672,-0.00013562735295666317,FW
1716,0.14267706871032715,-12.64422666045085,0.0001366183194468351,FW,1.3668181037695806e-06,2.5903923368108117,-0.0001366183194468351,FW
1717,0.1427478790283203,-12.644226660544216,0.00013261033212076667,FW,1.2856655857878158e-06,2.5903926052127138,-0.00013261033212076667,FW
1718,0.14281821250915527,-12.644226660629467,0.0001283597999024999,FW,1.3578118378940056e-06,2.590393515752894,-0.0001283597999024999,FW
1719,0.14288806915283203,-12.64422666071661,0.00014337015142040777,FW,1.3579455843095746e-06,2.590394725591931,-0.00014337015142040777,FW
1720,0.14295721054077148,-12.644226660813949,0.0001253566557593011,FW,1.3608278884263122e-06,2.5903925080121843,-0.0001253566557593011,FW
1721,0.14302611351013184,-12.644226660899244,0.00013504294001519257,FW,1.4536613600393832e-06,2.5903926377766817,-0.00013504294001519257,FW
1722,0.1430962085723877,-12.644226660997397,0.00012649795489826088,FW,1.360532139359416e-06,2.5903925009116495,-0.00012649795489826088,FW
1723,0.14316606521606445,-12.644226661083449,0.00013205698806281752,FW,1.2417435808053668e-06,2.5903924293650626,-0.00013205698806281752,FW
1724,0.1432340145111084,-12.644226661165442,0.0001368918118186263,FW,1.4252802465744644e-06,2.590394663005316,-0.0001368918118186263,FW
1725,0.14330410957336426,-12.644226661262994,0.00013234547526655427,FW,1.3454045395812428e-06,2.590393210332526,-0.00013234547526655427,FW
1726,0.14337491989135742,-12.644226661352032,0.00012667254488209212,FW,1.1732189286299264e-06,2.5903922850724856,-0.00012667254488209212,FW
1727,0.14344406127929688,-12.644226661426332,0.00012930111728085003,FW,1.3423724541212581e-06,2.590391639247249,-0.00012930111728085003,FW
1728,0.14351224899291992,-12.644226661513116,0.00012137838710954418,FW,1.2287657016391223e-06,2.5903907956489984,-0.00012137838710954418,FW
1729,0.14358091354370117,-12.64422666158769,0.00012996036380941156,FW,1.2728378397223957e-06,2.590393002917228,-0.00012996036380941156,FW
1730,0.14365005493164062,-12.6442266616704,0.00013296096093423637,FW,1.2761004293874177e-06,2.5903945415519396,-0.00013296096093423637,FW
1731,0.14371895790100098,-12.644226661755237,0.00014119093361904256,FW,1.2480055530595867e-06,2.590393469369471,-0.00014119093361904256,FW
1732,0.14378905296325684,-12.644226661843344,0.00012462071586305523,FW,1.2217273969219754e-06,2.590393031937265,-0.00012462071586305523,FW
1733,0.14385700225830078,-12.644226661919467,0.00012073789927313783,FW,1.235261054640779e-06,2.5903904469756225,-0.00012073789927313783,FW
1734,0.14392805099487305,-12.644226661994038,0.0001257481494692375,FW,1.1217459265172431e-06,2.5903923056027516,-0.0001257481494692375,FW
1735,0.1439969539642334,-12.644226662064565,0.00012671233476992116,FW,1.2318172123728347e-06,2.5903930027489737,-0.00012671233476992116,FW
1736,0.14406514167785645,-12.64422666214261,0.0001298098765769723,FW,1.2443064875524038e-06,2.5903929490693653,-0.0001298098765769723,FW
1737,0.1441349983215332,-12.644226662223371,0.00012826883361316543,FW,1.3191395535142718e-06,2.5903937733319293,-0.00012826883361316543,FW
1738,0.14420318603515625,-12.644226662307974,0.00012000460144893921,FW,1.3170195172943207e-06,2.590391037144269,-0.00012000460144893921,FW
1739,0.14439988136291504,-12.644226662386998,0.0001283303339012637,FW,1.2242433219666272e-06,2.5903911971012885,-0.0001283303339012637,FW
1740,0.1445598602294922,-12.644226662465552,0.00012038501767787368,FW,1.2017119220543976e-06,2.5903914203147536,-0.00012038501767787368,FW
1741,0.14471888542175293,-12.644226662537887,0.00012320926018917489,FW,1.1597300555160791e-06,2.590393034097387,-0.00012320926018917489,FW
1742,0.14487504959106445,-12.644226662609329,0.00013263922283981988,FW,1.3018127346335607e-06,2.5903926313548116,-0.00013263922283981988,FW
1743,0.14502882957458496,-12.644226662695665,0.00011905192006389509,FW,1.1851963565091342e-06,2.5903921627282944,-0.00011905192006389509,FW
1744,0.14518404006958008,-12.644226662766211,0.00012548686591051794,FW,1.154752125448418e-06,2.5903911330230645,-0.00012548686591051794,FW
1745,0.14533782005310059,-12.644226662838669,0.0001247303846564629,FW,1.1575514805962268e-06,2.590390883639131,-0.0001247303846564629,FW
1746,0.14548993110656738,-12.644226662910858,0.00012453589914381002,FW,1.125000987206486e-06,2.5903916808796286,-0.00012453589914381002,FW
1747,0.1456468105316162,-12.644226662980909,0.00011981751209200198,FW,1.2516838415320883e-06,2.590391191304111,-0.00011981751209200198,FW
1748,0.14580011367797852,-12.644226663055898,0.00012059884156094547,FW,1.2376290375750382e-06,2.590391327254061,-0.00012059884156094547,FW
1749,0.14595699310302734,-12.64422666313053,0.00011976625644893879,FW,1.228929429660871e-06,2.5903917695413123,-0.00011976625644893879,FW
1750,0.14610910415649414,-12.644226663204115,0.0001188564536989678,FW,1.228564790865616e-06,2.590390487762597,-0.0001188564536989678,FW
1751,0.14625000953674316,-12.644226663277136,0.00012266561229513917,FW,1.251077001966781e-06,2.590389823825776,-0.00012266561229513917,FW
1752,0.14632201194763184,-12.644226663353859,0.0001231286986112523,FW,1.195961127207585e-06,2.5903911673792206,-0.0001231286986112523,FW
1753,0.1463911533355713,-12.644226663427492,0.00012546216231131002,FW,1.1730472917765206e-06,2.5903907787209732,-0.00012546216231131002,FW
1754,0.14645886421203613,-12.644226663501083,0.00012029769684571145,FW,1.2394511319880843e-06,2.5903916757697747,-0.00012029769684571145,FW
1755,0.1465291976928711,-12.64422666357563,0.00011479583404533367,FW,1.2212854001404584e-06,2.590390345377586,-0.00011479583404533367,FW
1756,0.14659786224365234,-12.64422666364572,0.00012096508041900544,FW,1.122239934012645e-06,2.5903896524071364,-0.00012096508041900544,FW
1757,0.1466681957244873,-12.6442266637136,0.00012319593845125376,FW,1.191890565284918e-06,2.590390958127195,-0.00012319593845125376,FW
1758,0.14673805236816406,-12.644226663787022,0.00011968097053263738,FW,1.1595004282743715e-06,2.590391074059848,-0.00011968097053263738,FW
1759,0.14680814743041992,-12.644226663856408,0.00011416306295788936,FW,1.210891574490025e-06,2.5903909225647053,-0.00011416306295788936,FW
1760,0.14687705039978027,-12.644226663925524,0.00012289728365622032,FW,1.1394728161469743e-06,2.5903892662431063,-0.00012289728365622032,FW
1761,0.14694619178771973,-12.644226663995546,0.00011766662504375525,FW,1.1673827788568016e-06,2.590389134458019,-0.00011766662504375525,FW
1762,0.14701604843139648,-12.644226664064222,0.00011444797314988375,FW,1.0842634196596008e-06,2.5903907643366164,-0.00011444797314988375,FW
1763,0.14708685874938965,-12.644226664126268,0.00011568480003594506,FW,1.1368363356182496e-06,2.590390556793857,-0.00011568480003594506,FW
1764,0.1471569538116455,-12.64422666419203,0.00011516078884718506,FW,1.2300072364292512e-06,2.5903914080023718,-0.00011516078884718506,FW
1765,0.14722704887390137,-12.644226664262854,0.00012114594652065658,FW,1.1879399121625224e-06,2.5903896632950096,-0.00012114594652065658,FW
1766,0.14729714393615723,-12.644226664334807,0.0001133304486178599,FW,1.1185021445774816e-06,2.5903905334230424,-0.0001133304486178599,FW
1767,0.14736700057983398,-12.644226664398188,0.00011521734925871996,FW,1.1974842796620643e-06,2.5903893296410567,-0.00011521734925871996,FW
1768,0.14743614196777344,-12.644226664467178,0.00011593943722910949,FW,1.261171688466777e-06,2.5903910213009023,-0.00011593943722910949,FW
1769,0.1475059986114502,-12.64422666454028,0.00012043204555231557,FW,1.1331074514433885e-06,2.590390212285367,-0.00012043204555231557,FW
1770,0.14757609367370605,-12.644226664608517,0.00011303017282988936,FW,1.0742489894784298e-06,2.590387226462925,-0.00011303017282988936,FW
1771,0.1476449966430664,-12.64422666466923,0.00011351789565099135,FW,1.0809996481091032e-06,2.5903884655544585,-0.00011351789565099135,FW
1772,0.14771628379821777,-12.644226664730585,0.00011390905362870796,FW,1.2348008836126296e-06,2.5903884999546234,-0.00011390905362870796,FW
1773,0.14778614044189453,-12.644226664800916,0.00010916287681730918,FW,1.168415517459526e-06,2.590389133744639,-0.00010916287681730918,FW
1774,0.14785504341125488,-12.644226664864691,0.00011475063078128511,FW,1.109800423425275e-06,2.590389472417454,-0.00011475063078128511,FW
1775,0.14792609214782715,-12.644226664928363,0.00011890072577087907,FW,1.1250309405772521e-06,2.5903891523476696,-0.00011890072577087907,FW
1776,0.1479940414428711,-12.644226664995244,0.00011252692182482649,FW,1.161566221903715e-06,2.5903882556780142,-0.00011252692182482649,FW
1777,0.14806509017944336,-12.644226665060593,0.0001122836512112424,FW,1.1821308292545516e-06,2.5903881469998966,-0.0001122836512112424,FW
1778,0.14813494682312012,-12.644226665126968,0.00010856492556997333,FW,1.0956012835777398e-06,2.5903881469638446,-0.00010856492556997333,FW
1779,0.14821410179138184,-12.644226665186446,0.0001153161061740321,FW,1.202407571446068e-06,2.59038873737456,-0.0001153161061740321,FW
1780,0.1482830047607422,-12.644226665255768,0.00011393793509253958,FW,1.17244780541779e-06,2.590388993827149,-0.00011393793509253958,FW
1781,0.14835405349731445,-12.644226665322558,0.00011225553256373477,FW,1.0991597103110182e-06,2.590387844699733,-0.00011225553256373477,FW
1782,0.14842605590820312,-12.644226665384256,0.00010963992274079515,FW,1.1004847393809426e-06,2.5903887676068877,-0.00010963992274079515,FW
1783,0.14849591255187988,-12.644226665444581,0.00011316352083701187,FW,1.0841677422081008e-06,2.590387799514612,-0.00011316352083701187,FW
1784,0.14856290817260742,-12.644226665505922,0.00010960158692124855,FW,1.1524098629609298e-06,2.5903891003520942,-0.00010960158692124855,FW
1785,0.1486339569091797,-12.64422666556908,0.00011303189382791401,FW,1.0698986683826742e-06,2.5903879960073213,-0.00011303189382791401,FW
1786,0.14870405197143555,-12.644226665629546,0.00010710379579124962,FW,1.0939098371765469e-06,2.590388561136085,-0.00010710379579124962,FW
1787,0.1487739086151123,-12.644226665688125,0.0001074660367437752,FW,1.0688866677902039e-06,2.5903882118446933,-0.0001074660367437752,FW
1788,0.14884305000305176,-12.644226665745563,0.00011486830273413351,FW,1.0789847124391576e-06,2.590387632267003,-0.00011486830273413351,FW
1789,0.14891290664672852,-12.64422666580753,0.00010526464624369125,FW,9.993922725744345e-07,2.5903895251218794,-0.00010526464624369125,FW
1790,0.14898204803466797,-12.644226665860126,0.00011334779039742782,FW,1.1166756879597523e-06,2.590387266967683,-0.00011334779039742782,FW
1791,0.14905190467834473,-12.644226665923412,0.00010412054214095634,FW,1.0030625176803647e-06,2.5903877900410217,-0.00010412054214095634,FW
1792,0.1491222381591797,-12.644226665975639,0.0001068465562933385,FW,9.96740118713016e-07,2.5903875558615503,-0.0001068465562933385,FW
1793,0.14919090270996094,-12.644226666028882,0.00011038562087897774,FW,1.0613493833724777e-06,2.5903874705124825,-0.00011038562087897774,FW
1794,0.1492612361907959,-12.644226666087462,0.00010904604381922756,FW,1.0528920111015955e-06,2.5903869190889637,-0.00010904604381922756,FW
1795,0.14933109283447266,-12.644226666144869,0.00010881626745228024,FW,1.059065694606715e-06,2.5903866690302313,-0.00010881626745228024,FW
1796,0.14940118789672852,-12.64422666620249,0.00010034130185210266,FW,1.029065566647877e-06,2.590387475410252,-0.00010034130185210266,FW
1797,0.14946794509887695,-12.644226666254118,0.00011210088854757272,FW,9.922404642576541e-07,2.590387291674281,-0.00011210088854757272,FW
1798,0.1495380401611328,-12.64422666630974,0.00010431059863000303,FW,1.0653502759811853e-06,2.5903879005995325,-0.00010431059863000303,FW
1799,0.14960908889770508,-12.644226666365297,0.0001061245551046558,FW,9.882254599029245e-07,2.5903870886971228,-0.0001061245551046558,FW
1800,0.14967894554138184,-12.644226666417737,0.0001041527113709445,FW,1.0001979486496776e-06,2.590386406854601,-0.0001041527113709445,FW
1801,0.1497490406036377,-12.644226666469832,0.00011250147479681394,FW,1.0183963796984752e-06,2.590386619070523,-0.00011250147479681394,FW
1802,0.14981722831726074,-12.64422666652711,0.00010226519425955705,FW,1.0337720155930842e-06,2.590387303375238,-0.00010226519425955705,FW
1803,0.14988493919372559,-12.644226666579971,9.969684436972326e-05,FW,1.0463764012864478e-06,2.5903874245033545,-9.969684436972326e-05,FW
1804,0.14995503425598145,-12.644226666632129,0.00010837470869033694,FW,1.0278019933669127e-06,2.5903865972153874,-0.00010837470869033694,FW
1805,0.1500251293182373,-12.644226666687821,9.973933237766852e-05,FW,9.416358380523907e-07,2.590386009653608,-9.973933237766852e-05,FW
1806,0.15009498596191406,-12.644226666734788,0.0001048236259181129,FW,1.109426343741887e-06,2.5903864272500945,-0.0001048236259181129,FW
1807,0.15016412734985352,-12.644226666792926,0.00010389758790105286,FW,1.0684232971069956e-06,2.590386250738178,-0.00010389758790105286,FW
1808,0.15023326873779297,-12.644226666848434,0.00010282493750510269,FW,9.738527825805106e-07,2.590387454476189,-0.00010282493750510269,FW
1809,0.15030312538146973,-12.6442266668985,0.00010223370724660175,FW,1.0133625858436251e-06,2.59038756784452,-0.00010223370724660175,FW
1810,0.15037298202514648,-12.644226666950303,0.0001064323722139715,FW,1.0585947060415156e-06,2.590387469104018,-0.0001064323722139715,FW
1811,0.15044212341308594,-12.644226667006638,0.00010119041670378359,FW,1.0035196374766915e-06,2.590385681031604,-0.00010119041670378359,FW
1812,0.1505119800567627,-12.644226667057408,0.00010393662463122066,FW,1.0893303594392167e-06,2.5903860112609323,-0.00010393662463122066,FW
1813,0.15058112144470215,-12.64422666711402,0.00010073955556054448,FW,9.55829731383191e-07,2.5903852198225663,-0.00010073955556054448,FW
1814,0.1506490707397461,-12.644226667162162,0.00010195944383618871,FW,9.835376754326311e-07,2.590385648093369,-0.00010195944383618871,FW
1815,0.15071916580200195,-12.644226667212308,0.00010775980545055241,FW,1.0242251991773358e-06,2.5903855408717775,-0.00010775980545055241,FW
1816,0.1507880687713623,-12.644226667267484,9.97438406090817e-05,FW,9.444340900195436e-07,2.590385874988376,-9.97438406090817e-05,FW
1817,0.15085697174072266,-12.64422666731459,9.609893456646867e-05,FW,1.0118937329982278e-06,2.590385517309177,-9.609893456646867e-05,FW
1818,0.1509251594543457,-12.644226667363213,0.00010289534298073277,FW,9.924693336297729e-07,2.590385668689373,-0.00010289534298073277,FW
1819,0.15099406242370605,-12.644226667414275,0.00010241885821608843,FW,9.238029894009542e-07,2.5903862237982485,-0.00010241885821608843,FW
1820,0.15106415748596191,-12.64422666746158,9.517430605496258e-05,FW,9.579969164258945e-07,2.5903862005051708,-9.517430605496258e-05,FW
1821,0.15113306045532227,-12.644226667507168,0.000104238798205189,FW,9.468502056046937e-07,2.5903862521866543,-0.000104238798205189,FW
1822,0.15120220184326172,-12.644226667556516,0.00010112568988342174,FW,1.0075953259227301e-06,2.590386067361713,-0.00010112568988342174,FW
1823,0.15127110481262207,-12.644226667607468,9.774000697969354e-05,FW,9.453597788151729e-07,2.590385445085845,-9.774000697969354e-05,FW
1824,0.15134000778198242,-12.64422666765367,9.438227523259068e-05,FW,9.705446629484697e-07,2.590385452419281,-9.438227523259068e-05,FW
1825,0.15140891075134277,-12.644226667699463,0.00010553936970834898,FW,9.939523818606233e-07,2.5903847940329414,-0.00010553936970834898,FW
1826,0.15147900581359863,-12.64422666775191,0.00010098990826920562,FW,9.012753115254284e-07,2.5903842837488784,-0.00010098990826920562,FW
1827,0.1515491008758545,-12.644226667797422,9.609219569842176e-05,FW,9.2208379909538e-07,2.590384468019477,-9.609219569842176e-05,FW
1828,0.15161919593811035,-12.644226667841728,9.822550117415119e-05,FW,1.0189413183919525e-06,2.5903848728137384,-9.822550117415119e-05,FW
1829,0.1516890525817871,-12.644226667891772,9.656719524557544e-05,FW,9.241916571771694e-07,2.5903846236020507,-9.656719524557544e-05,FW
1830,0.15175890922546387,-12.6442266679364,9.738381621519909e-05,FW,9.775752802268501e-07,2.5903848758285504,-9.738381621519909e-05,FW
1831,0.15182900428771973,-12.644226667983997,9.23349138058499e-05,FW,1.0343311475963197e-06,2.590383893493635,-9.23349138058499e-05,FW
1832,0.15189790725708008,-12.644226668031747,0.00010016871002199723,FW,9.505084479469626e-07,2.590385136999964,-0.00010016871002199723,FW
1833,0.15196800231933594,-12.64422666807935,9.131485925123473e-05,FW,9.275830896584308e-07,2.5903848105868796,-9.131485925123473e-05,FW
1834,0.1520369052886963,-12.644226668121709,9.790352214730791e-05,FW,9.910455485812365e-07,2.5903851261122037,-9.790352214730791e-05,FW
1835,0.15210700035095215,-12.644226668170218,9.916593489341097e-05,FW,9.789826673008066e-07,2.590384659935811,-9.916593489341097e-05,FW
1836,0.15229296684265137,-12.64422666821876,9.685660721320266e-05,FW,1.0090619955972451e-06,2.590383929778298,-9.685660721320266e-05,FW
1837,0.15245795249938965,-12.644226668267633,9.45051549744863e-05,FW,1.0161795125229055e-06,2.590382939929834,-9.45051549744863e-05,FW
1838,0.15261507034301758,-12.644226668315635,9.378772361842702e-05,FW,8.882469040742136e-07,2.59038333265693,-9.378772361842702e-05,FW
1839,0.1527712345123291,-12.644226668357293,9.746588694445335e-05,FW,9.764074416537126e-07,2.590383567274641,-9.746588694445335e-05,FW
1840,0.1529250144958496,-12.64422666840488,9.55046678641075e-05,FW,9.290309147907701e-07,2.5903840362048207,-9.55046678641075e-05,FW
1841,0.15307903289794922,-12.644226668449244,9.446973494767197e-05,FW,8.876791029510973e-07,2.590384084965116,-9.446973494767197e-05,FW
1842,0.15323090553283691,-12.644226668491171,9.769067479689642e-05,FW,9.120750638994073e-07,2.5903830502749914,-9.769067479689642e-05,FW
1843,0.15338611602783203,-12.644226668535723,9.29953591477517e-05,FW,8.812547179424307e-07,2.590383229882672,-9.29953591477517e-05,FW
1844,0.15354704856872559,-12.6442266685767,9.355465346901071e-05,FW,8.509822943575487e-07,2.590383017903041,-9.355465346901071e-05,FW
1845,0.15372395515441895,-12.644226668616506,9.791839183176387e-05,FW,9.041276483000284e-07,2.590383463449407,-9.791839183176387e-05,FW
1846,0.15388011932373047,-12.644226668660771,8.843277576610353e-05,FW,8.676664192222022e-07,2.5903842221147695,-8.843277576610353e-05,FW
1847,0.15403389930725098,-12.644226668699135,9.237641372547567e-05,FW,8.450713709228023e-07,2.590383840901547,-9.237641372547567e-05,FW
1848,0.15418505668640137,-12.64422666873817,9.186619772810767e-05,FW,8.55542243641361e-07,2.590383219126253,-9.186619772810767e-05,FW
1849,0.15433812141418457,-12.644226668777472,9.436575075506826e-05,FW,9.147918262704784e-07,2.590383056861358,-9.436575075506826e-05,FW
1850,0.154494047164917,-12.644226668820629,9.260249912936003e-05,FW,9.448293007502013e-07,2.5903839357209217,-9.260249912936003e-05,FW
1851,0.1546492576599121,-12.644226668864377,8.563091148064417e-05,FW,8.711945313077924e-07,2.59038298658224,-8.563091148064417e-05,FW
1852,0.1548008918762207,-12.64422666890168,9.318418042825183e-05,FW,9.455105032666045e-07,2.590383590651236,-9.318418042825183e-05,FW
1853,0.15495824813842773,-12.64422666894573,9.117046205439627e-05,FW,8.543328443818327e-07,2.5903828595661365,-9.117046205439627e-05,FW
1854,0.15510892868041992,-12.644226668984674,9.585857095668893e-05,FW,1.0281095958477247e-06,2.5903826646414863,-9.585857095668893e-05,FW
1855,0.1552600860595703,-12.644226669033952,9.061190343803704e-05,FW,9.228247272084652e-07,2.5903832127729043,-9.061190343803704e-05,FW
1856,0.1554110050201416,-12.644226669075756,9.002645678342358e-05,FW,8.354696932883794e-07,2.5903824082272346,-9.002645678342358e-05,FW
1857,0.15557312965393066,-12.644226669113367,9.218680318191785e-05,FW,8.965715170734143e-07,2.590382738259902,-9.218680318191785e-05,FW
1858,0.155656099319458,-12.64422666915469,8.994105298559818e-05,FW,9.70584911693359e-07,2.590382576495522,-8.994105298559818e-05,FW
1859,0.15572690963745117,-12.644226669198341,8.461235987144988e-05,FW,9.228254068174755e-07,2.5903833853229825,-8.461235987144988e-05,FW
1860,0.15579605102539062,-12.644226669237378,9.208785074731052e-05,FW,9.118269610992936e-07,2.5903819893716054,-9.208785074731052e-05,FW
1861,0.1558668613433838,-12.644226669279366,9.216945841356017e-05,FW,9.187377663642049e-07,2.590381752674624,-9.216945841356017e-05,FW
1862,0.15593719482421875,-12.644226669321705,9.076155739749792e-05,FW,9.056796713636427e-07,2.590381115618179,-9.076155739749792e-05,FW
1863,0.1560070514678955,-12.644226669362805,8.589732213774848e-05,FW,8.471977292814279e-07,2.5903829724392606,-8.589732213774848e-05,FW
1864,0.15608620643615723,-12.644226669399192,8.488902847117452e-05,FW,8.295863797127072e-07,2.590382955928475,-8.488902847117452e-05,FW
1865,0.15615487098693848,-12.644226669434405,9.147350665186793e-05,FW,9.016210396670847e-07,2.590382783143475,-9.147350665186793e-05,FW
1866,0.15622305870056152,-12.644226669475643,8.730353010895364e-05,FW,8.527151407252761e-07,2.590381620719867,-8.730353010895364e-05,FW
1867,0.15629220008850098,-12.644226669512863,9.113549354955452e-05,FW,8.654816983371272e-07,2.5903813324242293,-9.113549354955452e-05,FW
1868,0.15636110305786133,-12.644226669552305,8.698497999165555e-05,FW,9.338857278780509e-07,2.5903819969427557,-8.698497999165555e-05,FW
1869,0.15642905235290527,-12.644226669592921,8.463772829978011e-05,FW,7.963725661381128e-07,2.5903826684072,-8.463772829978011e-05,FW
1870,0.15649795532226562,-12.644226669626622,8.774059975556747e-05,FW,8.118688100413829e-07,2.5903813971472696,-8.774059975556747e-05,FW
1871,0.15656805038452148,-12.644226669662238,8.913383217898363e-05,FW,9.033858304795245e-07,2.590381790199196,-8.913383217898363e-05,FW
1872,0.15663599967956543,-12.644226669702494,8.619184277684766e-05,FW,8.638855647146682e-07,2.590381090111156,-8.619184277684766e-05,FW
1873,0.15670418739318848,-12.64422666973973,8.092469203357933e-05,FW,7.770069249862427e-07,2.5903814555844393,-8.092469203357933e-05,FW
1874,0.15677285194396973,-12.644226669771168,8.846005364672449e-05,FW,8.678293832104022e-07,2.5903817187698617,-8.846005364672449e-05,FW
1875,0.15684199333190918,-12.644226669809555,8.594094723120282e-05,FW,7.918751682955864e-07,2.5903810486664165,-8.594094723120282e-05,FW
1876,0.15691018104553223,-12.644226669843574,9.094005401996674e-05,FW,8.43960570809088e-07,2.590381932677626,-9.094005401996674e-05,FW
1877,0.15697908401489258,-12.64422666988195,8.705705951349285e-05,FW,8.543144322161782e-07,2.5903818077347216,-8.705705951349285e-05,FW
1878,0.15704822540283203,-12.644226669919147,8.44043080946294e-05,FW,8.363403585665594e-07,2.590381974774264,-8.44043080946294e-05,FW
1879,0.15711688995361328,-12.644226669954438,8.058292308138482e-05,FW,8.123159038631244e-07,2.5903811701079347,-8.058292308138482e-05,FW
1880,0.15718722343444824,-12.644226669987162,8.891626182330747e-05,FW,8.810529401763936e-07,2.5903810560192864,-8.891626182330747e-05,FW
1881,0.15725493431091309,-12.644226670026338,8.383556709722073e-05,FW,8.372236545796396e-07,2.5903808705610545,-8.383556709722073e-05,FW
1882,0.15732312202453613,-12.644226670061434,8.26111819604014e-05,FW,7.670613301532433e-07,2.590379983862693,-8.26111819604014e-05,FW
1883,0.15739202499389648,-12.644226670093115,8.344898980801319e-05,FW,7.741199320224728e-07,2.590381298389905,-8.344898980801319e-05,FW
1884,0.15745997428894043,-12.644226670125414,8.582268681373018e-05,FW,8.220507790702524e-07,2.590381619008205,-8.582268681373018e-05,FW
1885,0.1575298309326172,-12.644226670160688,8.346551272667146e-05,FW,8.017557533236325e-07,2.5903803494143998,-8.346551272667146e-05,FW
1886,0.15760207176208496,-12.644226670194147,8.206757711082258e-05,FW,7.636929587093492e-07,2.5903803691896883,-8.206757711082258e-05,FW
1887,0.15767312049865723,-12.644226670225482,8.282155399771951e-05,FW,7.609641693618109e-07,2.590380420887424,-8.282155399771951e-05,FW
1888,0.15774226188659668,-12.644226670257,8.76083020693863e-05,FW,8.446672678221088e-07,2.590381159830373,-8.76083020693863e-05,FW
1889,0.15780997276306152,-12.644226670294001,8.687777628287041e-05,FW,7.864790199350977e-07,2.590380661540327,-8.687777628287041e-05,FW
1890,0.15787911415100098,-12.644226670328162,8.039131160733626e-05,FW,7.681801326351061e-07,2.5903797370421993,-8.039131160733626e-05,FW
1891,0.15794587135314941,-12.644226670359041,7.936112318215893e-05,FW,7.965819022678986e-07,2.5903801060310925,-7.936112318215893e-05,FW
1892,0.15801405906677246,-12.64422667039065,8.07966587614839e-05,FW,8.338145103897713e-07,2.5903804160783688,-8.07966587614839e-05,FW
1893,0.15809106826782227,-12.644226670424326,8.251366327646781e-05,FW,8.512878993524878e-07,2.590380343850781,-8.251366327646781e-05,FW
1894,0.15815997123718262,-12.644226670459455,8.368548023399147e-05,FW,7.999884860244408e-07,2.590379259004877,-8.368548023399147e-05,FW
1895,0.15823101997375488,-12.64422667049293,7.925038175168875e-05,FW,8.069826697791273e-07,2.5903804427753654,-7.925038175168875e-05,FW
1896,0.15830111503601074,-12.644226670524903,7.555267208106398e-05,FW,8.19679841811889e-07,2.590381111870125,-7.555267208106398e-05,FW
1897,0.1583719253540039,-12.644226670555868,7.962803559510845e-05,FW,8.393921077157124e-07,2.590381541543559,-7.962803559510845e-05,FW
1898,0.15844011306762695,-12.644226670589289,8.369825788878682e-05,FW,8.106448763502484e-07,2.590381129135791,-8.369825788878682e-05,FW
1899,0.1585090160369873,-12.644226670623215,8.395387328036241e-05,FW,8.11194880043748e-07,2.5903796217385935,-8.395387328036241e-05,FW
1900,0.15857911109924316,-12.644226670657257,8.056010205555186e-05,FW,7.909589126219054e-07,2.590379381840812,-8.056010205555186e-05,FW
1901,0.15864992141723633,-12.644226670689129,8.009443856553389e-05,FW,7.673974044104985e-07,2.5903799414671624,-8.009443856553389e-05,FW
1902,0.15871906280517578,-12.644226670719853,8.279913883939283e-05,FW,7.877303432167185e-07,2.5903812287037904,-8.279913883939283e-05,FW
1903,0.15878725051879883,-12.644226670752468,7.701911998719835e-05,FW,8.062511336333743e-07,2.5903799857017917,-7.701911998719835e-05,FW
1904,0.15885591506958008,-12.644226670783514,8.600287977064691e-05,FW,7.892019182507713e-07,2.590379993558316,-8.600287977064691e-05,FW
1905,0.15892410278320312,-12.644226670817453,7.588644465202077e-05,FW,7.597117680592352e-07,2.59037942396991,-7.588644465202077e-05,FW
1906,0.15899395942687988,-12.64422667084628,7.609830102439652e-05,FW,6.9914174435375e-07,2.590379721749539,-7.609830102439652e-05,FW
1907,0.15906405448913574,-12.644226670872886,8.325769204027555e-05,FW,8.466687833797941e-07,2.5903795249431782,-8.325769204027555e-05,FW
1908,0.1591339111328125,-12.64422667090813,7.840505870493342e-05,FW,7.009028169525911e-07,2.590379333701411,-7.840505870493342e-05,FW
1909,0.15920305252075195,-12.644226670935602,7.731763615434484e-05,FW,7.0310150332012e-07,2.5903789573865623,-7.731763615434484e-05,FW
1910,0.1592710018157959,-12.644226670962787,7.736922075046726e-05,FW,7.977722801684013e-07,2.590379538946037,-7.736922075046726e-05,FW
1911,0.15934014320373535,-12.644226670993653,7.270978141557527e-05,FW,7.858267168205512e-07,2.5903802752663014,-7.270978141557527e-05,FW
1912,0.1594099998474121,-12.644226671022217,7.697222607873366e-05,FW,7.622780268913352e-07,2.5903805174529935,-7.697222607873366e-05,FW
1913,0.15947914123535156,-12.644226671051554,8.024092679956296e-05,FW,8.456173625110091e-07,2.5903797254398424,-8.024092679956296e-05,FW
1914,0.1595468521118164,-12.644226671085478,7.640681505972913e-05,FW,7.53617040786641e-07,2.590378191158006,-7.640681505972913e-05,FW
1915,0.15961599349975586,-12.644226671114271,8.080807464830309e-05,FW,7.369526446558325e-07,2.5903788404463977,-8.080807464830309e-05,FW
1916,0.15968585014343262,-12.644226671144049,7.976495546430096e-05,FW,7.986136836333131e-07,2.5903790004378164,-7.976495546430096e-05,FW
1917,0.15975618362426758,-12.644226671175897,7.504196968891041e-05,FW,7.68072488527752e-07,2.590379362386273,-7.504196968891041e-05,FW
1918,0.15982389450073242,-12.644226671204716,7.68203335089479e-05,FW,6.8223088303459e-07,2.5903792693133774,-7.68203335089479e-05,FW
1919,0.1598951816558838,-12.644226671230921,7.446079913962789e-05,FW,7.179785493515178e-07,2.5903793925347127,-7.446079913962789e-05,FW
1920,0.15996289253234863,-12.644226671257652,7.82426042528761e-05,FW,8.115593156252562e-07,2.5903795645766694,-7.82426042528761e-05,FW
1921,0.16007304191589355,-12.644226671289399,7.368519832420817e-05,FW,7.338922871365645e-07,2.5903790090072256,-7.368519832420817e-05,FW
1922,0.1602480411529541,-12.644226671316437,7.533233365199232e-05,FW,7.736072255095836e-07,2.5903788223556314,-7.533233365199232e-05,FW
1923,0.16040515899658203,-12.644226671345576,7.721539417869516e-05,FW,7.142170602316369e-07,2.5903786417819212,-7.721539417869516e-05,FW
1924,0.16056203842163086,-12.644226671373152,7.492288300574301e-05,FW,7.064052140106719e-07,2.590379135724538,-7.492288300574301e-05,FW
1925,0.16071724891662598,-12.644226671399613,7.483925608023356e-05,FW,7.309496800446668e-07,2.590378935208594,-7.483925608023356e-05,FW
1926,0.16087007522583008,-12.644226671426967,7.748539520693876e-05,FW,7.268610463938416e-07,2.590378608972982,-7.748539520693876e-05,FW
1927,0.16102313995361328,-12.644226671455124,7.178298582208309e-05,FW,7.027549959047595e-07,2.5903788181787095,-7.178298582208309e-05,FW
1928,0.16117620468139648,-12.644226671480345,7.59350972410755e-05,FW,7.111849494594485e-07,2.5903784838302073,-7.59350972410755e-05,FW
1929,0.16132903099060059,-12.644226671507356,7.307923953628337e-05,FW,7.514406049842168e-07,2.5903780928273044,-7.307923953628337e-05,FW
1930,0.16148114204406738,-12.644226671534806,7.412841614229393e-05,FW,7.68146207384859e-07,2.5903774977412306,-7.412841614229393e-05,FW
1931,0.16163420677185059,-12.644226671563285,7.34459911093388e-05,FW,7.64360187188325e-07,2.5903783199652697,-7.34459911093388e-05,FW
1932,0.16178584098815918,-12.64422667159135,7.258410610130883e-05,FW,6.996677468794736e-07,2.590378054619215,-7.258410610130883e-05,FW
1933,0.16193795204162598,-12.644226671616742,7.390508956880981e-05,FW,7.944720200095219e-07,2.590378128731554,-7.390508956880981e-05,FW
1934,0.16208100318908691,-12.644226671646102,7.465802252572262e-05,FW,6.879722956595627e-07,2.590378307823402,-7.465802252572262e-05,FW
1935,0.162153959274292,-12.644226671671786,6.974243513448164e-05,FW,7.209509111725886e-07,2.5903777638007037,-6.974243513448164e-05,FW
1936,0.16222405433654785,-12.644226671696927,7.39966306783496e-05,FW,7.153130144490894e-07,2.590378092385053,-7.39966306783496e-05,FW
1937,0.1622929573059082,-12.644226671723388,7.165742008076459e-05,FW,7.125791560741554e-07,2.5903789875095913,-7.165742008076459e-05,FW
1938,0.16236305236816406,-12.644226671748921,7.403642689579604e-05,FW,7.302425089867918e-07,2.590377800377191,-7.403642689579604e-05,FW
1939,0.16243314743041992,-12.644226671775948,7.36838344212315e-05,FW,6.56448787659688e-07,2.590377252257113,-7.36838344212315e-05,FW
1940,0.16250300407409668,-12.644226671800135,6.869346645889396e-05,FW,6.463976821623242e-07,2.5903777622565736,-6.869346645889396e-05,FW
1941,0.16257309913635254,-12.644226671822336,7.183474177616112e-05,FW,7.02642765706976e-07,2.590377682493622,-7.183474177616112e-05,FW
1942,0.1626420021057129,-12.644226671847575,7.429163917953285e-05,FW,7.303214883147295e-07,2.5903770500119805,-7.429163917953285e-05,FW
1943,0.16271209716796875,-12.644226671874703,7.172617995718222e-05,FW,7.146084494795226e-07,2.5903775554673674,-7.172617995718222e-05,FW
1944,0.1627810001373291,-12.644226671900334,7.132506867152388e-05,FW,7.247196714084778e-07,2.5903766873515788,-7.132506867152388e-05,FW
1945,0.16285014152526855,-12.644226671926173,6.879784040499104e-05,FW,6.650304959148259e-07,2.5903773013665994,-6.879784040499104e-05,FW
1946,0.1629199981689453,-12.64422667194905,7.21400204446998e-05,FW,6.811679326038061e-07,2.5903774935834574,-7.21400204446998e-05,FW
1947,0.16299009323120117,-12.644226671973623,7.222097083858792e-05,FW,7.496855692356077e-07,2.590377268886607,-7.222097083858792e-05,FW
1948,0.16305899620056152,-12.644226672000698,6.822746624073062e-05,FW,7.04845345744284e-07,2.5903768771371727,-6.822746624073062e-05,FW
1949,0.16312813758850098,-12.644226672024747,6.84411684934022e-05,FW,6.73030819327061e-07,2.5903771429409197,-6.84411684934022e-05,FW
1950,0.16319704055786133,-12.644226672047765,7.02663112982227e-05,FW,7.252229255438847e-07,2.590377329226111,-7.02663112982227e-05,FW
1951,0.1632671356201172,-12.644226672073245,7.346014810530321e-05,FW,6.863867646198858e-07,2.5903769286134786,-7.346014810530321e-05,FW
1952,0.16333389282226562,-12.644226672098458,6.871928779554615e-05,FW,7.084067522232108e-07,2.590376519163875,-6.871928779554615e-05,FW
1953,0.16340422630310059,-12.6442266721228,6.763325764233552e-05,FW,6.792505743405909e-07,2.5903769788085844,-6.763325764233552e-05,FW
1954,0.16347908973693848,-12.64422667214577,6.876134073356688e-05,FW,7.228364486582307e-07,2.5903772228802557,-6.876134073356688e-05,FW
1955,0.16355013847351074,-12.644226672170623,7.006412653795535e-05,FW,7.079750364867763e-07,2.5903768012014523,-7.006412653795535e-05,FW
1956,0.1636190414428711,-12.64422667219542,6.914892452460075e-05,FW,7.253207084484886e-07,2.590376773229856,-6.914892452460075e-05,FW
1957,0.16368794441223145,-12.6442266722205,6.688167860137428e-05,FW,6.480533753023227e-07,2.5903766449629124,-6.688167860137428e-05,FW
1958,0.1637570858001709,-12.644226672242173,6.933025843131047e-05,FW,6.964600407261221e-07,2.590376776930651,-6.933025843131047e-05,FW
1959,0.16382694244384766,-12.644226672266312,6.835285022670223e-05,FW,6.498423490277743e-07,2.590376903322673,-6.835285022670223e-05,FW
1960,0.16389799118041992,-12.644226672288527,6.899696132056654e-05,FW,6.697220556605785e-07,2.590376317347617,-6.899696132056654e-05,FW
1961,0.1639690399169922,-12.644226672311632,6.802021508069134e-05,FW,6.712551547314661e-07,2.5903760274197474,-6.802021508069134e-05,FW
1962,0.16405296325683594,-12.64422667233446,6.710654676690686e-05,FW,6.697396942347046e-07,2.5903763865432525,-6.710654676690686e-05,FW
1963,0.1641230583190918,-12.644226672356929,6.612238780659419e-05,FW,6.650727158814339e-07,2.5903762153386523,-6.612238780659419e-05,FW
1964,0.16419196128845215,-12.644226672378913,7.154177263214712e-05,FW,7.526272934847522e-07,2.5903764879071955,-7.154177263214712e-05,FW
1965,0.1642608642578125,-12.644226672405845,6.510773700944827e-05,FW,6.825348777877129e-07,2.5903763201205656,-6.510773700944827e-05,FW
1966,0.16433000564575195,-12.644226672428056,6.423389842380445e-05,FW,6.475460302080528e-07,2.5903763730039873,-6.423389842380445e-05,FW
1967,0.1643998622894287,-12.644226672448859,6.675506091217975e-05,FW,7.106534198531718e-07,2.59037615717357,-6.675506091217975e-05,FW
1968,0.16446900367736816,-12.644226672472579,6.387456615039588e-05,FW,7.335563823904829e-07,2.590377441645387,-6.387456615039588e-05,FW
1969,0.1645371913909912,-12.644226672496004,6.605533836498423e-05,FW,7.380901483752576e-07,2.590376683576151,-6.605533836498423e-05,FW
1970,0.16460609436035156,-12.644226672520382,6.653670538502021e-05,FW,6.858816632810548e-07,2.590376176693591,-6.653670538502021e-05,FW
1971,0.16467618942260742,-12.6442266725432,6.856509987852866e-05,FW,7.345727749956743e-07,2.5903762871344087,-6.856509987852866e-05,FW
1972,0.16474390029907227,-12.644226672568383,6.516041180000542e-05,FW,6.578223055115836e-07,2.590376194047265,-6.516041180000542e-05,FW
1973,0.16481423377990723,-12.644226672589816,6.473401571266413e-05,FW,6.284529252375945e-07,2.590376278333757,-6.473401571266413e-05,FW
1974,0.16488194465637207,-12.644226672610156,6.666517647188619e-05,FW,6.691726086187058e-07,2.59037591007713,-6.666517647188619e-05,FW
1975,0.16495108604431152,-12.644226672632463,6.758088951275276e-05,FW,6.277410448807521e-07,2.5903757262696576,-6.758088951275276e-05,FW
1976,0.16501998901367188,-12.644226672653671,6.52572234715737e-05,FW,6.739476524810935e-07,2.5903759439242973,-6.52572234715737e-05,FW
1977,0.16508913040161133,-12.644226672675662,6.271009794187044e-05,FW,6.401906510726766e-07,2.590375072132653,-6.271009794187044e-05,FW
1978,0.16515898704528809,-12.644226672695735,6.662664543510832e-05,FW,6.000307984527879e-07,2.590375473678817,-6.662664543510832e-05,FW
1979,0.16522598266601562,-12.644226672715732,6.328052204160328e-05,FW,6.200229904445348e-07,2.5903760289542364,-6.328052204160328e-05,FW
1980,0.16529488563537598,-12.644226672735341,6.552035141409174e-05,FW,6.360545582876494e-07,2.5903754245603086,-6.552035141409174e-05,FW
1981,0.16536498069763184,-12.644226672756183,6.124750450335614e-05,FW,6.57436072728658e-07,2.5903758820743636,-6.124750450335614e-05,FW
1982,0.1654360294342041,-12.644226672776316,6.352678415906532e-05,FW,6.501510077719796e-07,2.5903758936509966,-6.352678415906532e-05,FW
1983,0.16550707817077637,-12.644226672796966,6.460131192739804e-05,FW,6.38101570678973e-07,2.590375475456176,-6.460131192739804e-05,FW
1984,0.16557598114013672,-12.64422667281758,6.317379001863355e-05,FW,6.413225130759953e-07,2.5903756864249834,-6.317379001863355e-05,FW
1985,0.16564607620239258,-12.644226672837835,6.148047926990419e-05,FW,6.12446558582489e-07,2.59037626509198,-6.148047926990419e-05,FW
1986,0.16571593284606934,-12.644226672856663,6.558924752565753e-05,FW,6.310640736645844e-07,2.590375707429293,-6.558924752565753e-05,FW
1987,0.1657860279083252,-12.644226672877352,6.146451333022274e-05,FW,6.776771361811869e-07,2.5903756034653425,-6.146451333022274e-05,FW
1988,0.16585516929626465,-12.644226672898183,6.116665226041373e-05,FW,6.053673880185087e-07,2.590374516503069,-6.116665226041373e-05,FW
1989,0.1659238338470459,-12.644226672916696,6.629315768212629e-05,FW,6.371936076941859e-07,2.590374981662352,-6.629315768212629e-05,FW
1990,0.16600394248962402,-12.644226672937819,6.29127111583111e-05,FW,6.134712302446448e-07,2.590375007962245,-6.29127111583111e-05,FW
1991,0.16607403755187988,-12.644226672957119,6.488355668557433e-05,FW,6.951120524393866e-07,2.5903750541201087,-6.488355668557433e-05,FW
1992,0.16614413261413574,-12.644226672979668,6.171666855853131e-05,FW,5.719446892284608e-07,2.590374473586101,-6.171666855853131e-05,FW
1993,0.1662120819091797,-12.644226672997316,5.957666095489367e-05,FW,6.188467460362772e-07,2.5903747723717716,-5.957666095489367e-05,FW
1994,0.16628217697143555,-12.644226673015746,6.581302824551494e-05,FW,6.0762146457854e-07,2.5903740818041685,-6.581302824551494e-05,FW
1995,0.1663508415222168,-12.64422667303575,6.157976764947781e-05,FW,5.78101383555519e-07,2.5903743175625222,-6.157976764947781e-05,FW
1996,0.16641998291015625,-12.644226673053542,5.9992092540567254e-05,FW,6.253420377817419e-07,2.590375023803369,-5.9992092540567254e-05,FW
1997,0.1664891242980957,-12.644226673072303,5.85243472789182e-05,FW,5.820843674518098e-07,2.590375466365657,-5.85243472789182e-05,FW
1998,0.16655802726745605,-12.644226673089332,6.164699382442407e-05,FW,5.797939470215291e-07,2.5903749374521996,-6.164699382442407e-05,FW
1999,0.1666271686553955,-12.644226673107207,6.519948893667082e-05,FW,6.531277028330801e-07,2.590374735041165,-6.519948893667082e-05,FW
2000,0.16669702529907227,-12.644226673128495,5.96930289380182e-05,FW,5.659979277397716e-07,2.590374801534454,-5.96930289380182e-05,FW
2001,0.1667652130126953,-12.644226673145388,5.8607768959551e-05,FW,5.399336785278647e-07,2.590374699672178,-5.8607768959551e-05,FW
2002,0.16683506965637207,-12.644226673161215,6.038785449985484e-05,FW,5.850636613073728e-07,2.590374301291904,-6.038785449985484e-05,FW
2003,0.16690421104431152,-12.644226673178878,6.1027678346148306e-05,FW,6.241572677531769e-07,2.5903745819893382,-6.1027678346148306e-05,FW
2004,0.16697192192077637,-12.644226673197922,5.8592349007624556e-05,FW,5.480171411331523e-07,2.5903752538999676,-5.8592349007624556e-05,FW
2005,0.167039155960083,-12.64422667321398,5.91758735244835e-05,FW,5.728024602380695e-07,2.5903743912314097,-5.91758735244835e-05,FW
2006,0.16710710525512695,-12.644226673230927,5.826691580550214e-05,FW,6.238674197485616e-07,2.5903746699168884,-5.826691580550214e-05,FW
2007,0.1671760082244873,-12.644226673249097,6.209302431654795e-05,FW,5.472713351119654e-07,2.590373730644969,-6.209302431654795e-05,FW
2008,0.16724681854248047,-12.64422667326609,5.88160993150455e-05,FW,5.048373579359873e-07,2.590373964930649,-5.88160993150455e-05,FW
2009,0.1673140525817871,-12.64422667328094,6.237300652497946e-05,FW,5.88120744333406e-07,2.5903738473703712,-6.237300652497946e-05,FW
2010,0.16738319396972656,-12.644226673299285,5.8688680616050815e-05,FW,5.644629071869629e-07,2.590373631324187,-5.8688680616050815e-05,FW
2011,0.16745209693908691,-12.644226673315847,5.735018991966101e-05,FW,5.336356521342144e-07,2.5903737963475506,-5.735018991966101e-05,FW
2012,0.16752004623413086,-12.644226673331149,5.763944775882823e-05,FW,5.84147725748178e-07,2.590374313371761,-5.763944775882823e-05,FW
2013,0.1675879955291748,-12.644226673347982,5.815536558617662e-05,FW,5.444264791744139e-07,2.5903740121153636,-5.815536558617662e-05,FW
2014,0.16765713691711426,-12.64422667336381,6.191190486226628e-05,FW,6.251600396039677e-07,2.5903740362981655,-6.191190486226628e-05,FW
2015,0.1677260398864746,-12.644226673383164,5.977027342767005e-05,FW,5.428422526456901e-07,2.5903736826957267,-5.977027342767005e-05,FW
2016,0.16779613494873047,-12.644226673399384,5.5438936132912175e-05,FW,5.466881413483298e-07,2.590373321757282,-5.5438936132912175e-05,FW
2017,0.16786527633666992,-12.644226673414543,5.753982306228034e-05,FW,5.667936613193732e-07,2.5903741858240803,-5.753982306228034e-05,FW
2018,0.16794300079345703,-12.64422667343085,5.847082103613288e-05,FW,5.628728711575025e-07,2.5903740351139857,-5.847082103613288e-05,FW
2019,0.16801118850708008,-12.644226673447303,5.9683477321686995e-05,FW,5.863773375345453e-07,2.5903742191996932,-5.9683477321686995e-05,FW
2020,0.16808199882507324,-12.644226673464798,5.725917530551017e-05,FW,5.327974667152168e-07,2.59037402358298,-5.725917530551017e-05,FW
2021,0.1681501865386963,-12.644226673480055,5.853261234217699e-05,FW,5.798622397207477e-07,2.590374092524795,-5.853261234217699e-05,FW
2022,0.16821885108947754,-12.644226673497023,5.410928838363305e-05,FW,5.800019701975759e-07,2.5903735011886,-5.410928838363305e-05,FW
2023,0.168287992477417,-12.64422667351272,5.752899787365984e-05,FW,5.98725126463483e-07,2.5903734179494906,-5.752899787365984e-05,FW
2024,0.16835784912109375,-12.644226673529943,5.557731166562496e-05,FW,5.796594754202453e-07,2.5903733270831286,-5.557731166562496e-05,FW
2025,0.1684281826019287,-12.64422667354605,5.5128423031083895e-05,FW,5.88288643377447e-07,2.5903739826229444,-5.5128423031083895e-05,FW
2026,0.16849589347839355,-12.64422667356226,5.986428382850906e-05,FW,6.278140137247856e-07,2.590373662329013,-5.986428382850906e-05,FW
2027,0.1685640811920166,-12.644226673581057,5.478619838832077e-05,FW,5.503725680058586e-07,2.5903731902575484,-5.478619838832077e-05,FW
2028,0.16863393783569336,-12.644226673596133,5.86532799421724e-05,FW,5.348363737470353e-07,2.5903730146994817,-5.86532799421724e-05,FW
2029,0.1687021255493164,-12.64422667361182,5.632880917677552e-05,FW,5.759668763126409e-07,2.590373614897515,-5.632880917677552e-05,FW
2030,0.16877126693725586,-12.644226673628037,5.6493810241489695e-05,FW,5.547848021713865e-07,2.5903734849957316,-5.6493810241489695e-05,FW
2031,0.1688399314880371,-12.644226673643713,5.599372294139149e-05,FW,5.167984139701098e-07,2.5903734200982362,-5.599372294139149e-05,FW
2032,0.16891098022460938,-12.644226673658174,5.494882714285332e-05,FW,5.846521363410683e-07,2.5903736644271316,-5.494882714285332e-05,FW
2033,0.16898012161254883,-12.644226673674243,5.728258762602301e-05,FW,5.207229439342433e-07,2.590373091190693,-5.728258762602301e-05,FW
2034,0.16904926300048828,-12.64422667368916,5.425707780645772e-05,FW,5.290799003452738e-07,2.590373197031104,-5.425707780645772e-05,FW
2035,0.16911697387695312,-12.644226673703507,5.6276820513775916e-05,FW,5.692529040138015e-07,2.590373140989565,-5.6276820513775916e-05,FW
2036,0.16918706893920898,-12.644226673719519,5.2006270575846725e-05,FW,4.857331085211126e-07,2.590373365096689,-5.2006270575846725e-05,FW
2037,0.16925597190856934,-12.644226673732152,5.319063128242374e-05,FW,5.336894873667521e-07,2.590374292020747,-5.319063128242374e-05,FW
2038,0.1693251132965088,-12.644226673746351,5.531549028728322e-05,FW,5.350058744727215e-07,2.5903739427925463,-5.531549028728322e-05,FW
2039,0.16939496994018555,-12.644226673761152,5.588254342264731e-05,FW,5.76038221109442e-07,2.590373553984197,-5.588254342264731e-05,FW
2040,0.1694660186767578,-12.644226673777242,5.5993706792198394e-05,FW,5.554326579633784e-07,2.5903728396735595,-5.5993706792198394e-05,FW
2041,0.16953516006469727,-12.64422667379279,5.317499399642989e-05,FW,5.087156398184853e-07,2.5903722186059124,-5.317499399642989e-05,FW
2042,0.16960501670837402,-12.644226673806317,5.369676363196907e-05,FW,5.566761484012163e-07,2.590372343876532,-5.369676363196907e-05,FW
2043,0.16967296600341797,-12.644226673821267,5.26769291026713e-05,FW,5.208956774518558e-07,2.5903731910640553,-5.26769291026713e-05,FW
2044,0.16974115371704102,-12.644226673834984,5.648160911485289e-05,FW,5.035173833777925e-07,2.5903730062026944,-5.648160911485289e-05,FW
2045,0.16981101036071777,-12.6442266738492,5.499648499401877e-05,FW,5.504809578226836e-07,2.590373204158078,-5.499648499401877e-05,FW
2046,0.16987919807434082,-12.64422667386434,5.0387052671629906e-05,FW,5.449898203264501e-07,2.590372781699759,-5.0387052671629906e-05,FW
2047,0.16995906829833984,-12.644226673878075,5.1766489489873946e-05,FW,5.046367025477428e-07,2.5903718566801612,-5.1766489489873946e-05,FW
2048,0.1700291633605957,-12.644226673891131,5.148172445221255e-05,FW,5.275634115689194e-07,2.590372003992631,-5.148172445221255e-05,FW
2049,0.17009806632995605,-12.644226673904713,5.379375134355324e-05,FW,5.854415745845221e-07,2.5903722092366297,-5.379375134355324e-05,FW
2050,0.1701672077178955,-12.64422667392046,5.685821464758434e-05,FW,5.567257008450575e-07,2.5903728406477233,-5.685821464758434e-05,FW
2051,0.17023587226867676,-12.644226673936288,5.161681389295736e-05,FW,5.327768906422342e-07,2.590372321790972,-5.161681389295736e-05,FW
2052,0.17030620574951172,-12.644226673950037,5.3635393177070556e-05,FW,5.23848532757414e-07,2.5903721584291617,-5.3635393177070556e-05,FW
2053,0.17037510871887207,-12.644226673964086,5.3252927873698175e-05,FW,4.7667344425089465e-07,2.59037224298007,-5.3252927873698175e-05,FW
2054,0.17044305801391602,-12.644226673976782,5.318905768270099e-05,FW,5.750598246314718e-07,2.5903720094056117,-5.318905768270099e-05,FW
2055,0.17051291465759277,-12.644226673992074,5.1701172316689914e-05,FW,4.940314111293696e-07,2.590371289085142,-5.1701172316689914e-05,FW
2056,0.17058300971984863,-12.644226674004843,5.0332859963087007e-05,FW,5.25360903048884e-07,2.590372305820041,-5.0332859963087007e-05,FW
2057,0.17065095901489258,-12.644226674018066,5.391626791324822e-05,FW,4.976215525937364e-07,2.590372268090615,-5.391626791324822e-05,FW
2058,0.17072105407714844,-12.644226674031476,5.223332974843564e-05,FW,5.212070698586875e-07,2.5903726453947495,-5.223332974843564e-05,FW
2059,0.1707899570465088,-12.644226674045091,4.9811346492456554e-05,FW,4.70952927404514e-07,2.590372980562871,-4.9811346492456554e-05,FW
2060,0.17086005210876465,-12.644226674056819,5.025172716800752e-05,FW,4.85878240697995e-07,2.5903718944036975,-5.025172716800752e-05,FW
2061,0.1709280014038086,-12.644226674069028,5.1598805787450575e-05,FW,4.961028791982495e-07,2.590371568577066,-5.1598805787450575e-05,FW
2062,0.17099714279174805,-12.644226674081828,5.1208352830844905e-05,FW,4.967823570377517e-07,2.5903716747591936,-5.1208352830844905e-05,FW
2063,0.17106413841247559,-12.644226674094543,5.133555319561389e-05,FW,5.388173525243678e-07,2.59037169037323,-5.133555319561389e-05,FW
2064,0.17113494873046875,-12.644226674108374,5.169389715573014e-05,FW,4.984355547351138e-07,2.5903721395549195,-5.169389715573014e-05,FW
2065,0.1712021827697754,-12.644226674121263,4.9708797019362705e-05,FW,5.250996506218119e-07,2.590371735155346,-4.9708797019362705e-05,FW
2066,0.17127203941345215,-12.644226674134314,5.247578119807472e-05,FW,5.15480172070025e-07,2.5903718277270382,-5.247578119807472e-05,FW
2067,0.1713411808013916,-12.644226674147838,5.025760596763518e-05,FW,4.729485725944737e-07,2.5903714731058987,-5.025760596763518e-05,FW
2068,0.17140889167785645,-12.64422667415972,5.05874383446292e-05,FW,5.008789528025201e-07,2.590371787221123,-5.05874383446292e-05,FW
2069,0.1714792251586914,-12.644226674172387,5.1409857982770424e-05,FW,4.989388481470219e-07,2.5903715810624415,-5.1409857982770424e-05,FW
2070,0.17154788970947266,-12.644226674185216,4.7853278120346676e-05,FW,4.657382029776967e-07,2.5903718504809428,-4.7853278120346676e-05,FW
2071,0.1716170310974121,-12.644226674196359,5.162778325926154e-05,FW,5.075272512250164e-07,2.590371350003659,-5.162778325926154e-05,FW
2072,0.17168402671813965,-12.644226674209458,4.7146308566226036e-05,FW,5.484540635743594e-07,2.590371971461267,-4.7146308566226036e-05,FW
2073,0.1717519760131836,-12.644226674222391,4.921607666838468e-05,FW,5.120837544158199e-07,2.590371738600131,-4.921607666838468e-05,FW
2074,0.17182016372680664,-12.644226674234991,5.020294410110204e-05,FW,4.947526665258924e-07,2.5903711530798423,-5.020294410110204e-05,FW
2075,0.17189717292785645,-12.644226674247406,4.9934471033560857e-05,FW,4.998788894961634e-07,2.590371062835929,-4.9934471033560857e-05,FW
2076,0.17197394371032715,-12.644226674259887,4.995794340664772e-05,FW,5.094511845839982e-07,2.590371784742513,-4.995794340664772e-05,FW
2077,0.17204523086547852,-12.64422667427262,5.0600190164035164e-05,FW,5.207135321736875e-07,2.5903715894510144,-5.0600190164035164e-05,FW
2078,0.17211604118347168,-12.644226674285786,5.0247203859765666e-05,FW,4.367257421349341e-07,2.5903713735306932,-5.0247203859765666e-05,FW
2079,0.17218589782714844,-12.64422667429676,4.964379471088243e-05,FW,4.4131190811700374e-07,2.5903707506001585,-4.964379471088243e-05,FW
2080,0.1722559928894043,-12.644226674307715,4.597264984300409e-05,FW,4.3548268305855875e-07,2.590370978523656,-4.597264984300409e-05,FW
2081,0.17232704162597656,-12.644226674317725,4.746837592319031e-05,FW,4.957914278486984e-07,2.590371551868757,-4.746837592319031e-05,FW
2082,0.1723949909210205,-12.644226674329495,4.79297315580246e-05,FW,4.6401314455682533e-07,2.590371916168496,-4.79297315580246e-05,FW
2083,0.17246508598327637,-12.644226674340613,4.813606647785518e-05,FW,4.875249481850794e-07,2.590371349580605,-4.813606647785518e-05,FW
2084,0.1725330352783203,-12.644226674352348,5.003518438626009e-05,FW,5.191402707851603e-07,2.59037126928146,-5.003518438626009e-05,FW
2085,0.17260122299194336,-12.644226674365335,4.7072907029960254e-05,FW,5.200036927287037e-07,2.5903713849013754,-4.7072907029960254e-05,FW
2086,0.1726701259613037,-12.644226674377572,4.3907079713911834e-05,FW,4.434577111266892e-07,2.5903717701182503,-4.3907079713911834e-05,FW
2087,0.17273926734924316,-12.644226674387308,4.7921296925587664e-05,FW,4.7329120776038445e-07,2.5903711961219726,-4.7921296925587664e-05,FW
2088,0.17287611961364746,-12.644226674398652,5.068075376492287e-05,FW,5.38544500148262e-07,2.5903706909590456,-5.068075376492287e-05,FW
2089,0.1730508804321289,-12.644226674412296,4.7776301289770284e-05,FW,4.6643982557358926e-07,2.590371216680336,-4.7776301289770284e-05,FW
2090,0.17320990562438965,-12.644226674423445,4.527501573059478e-05,FW,4.5843840249487264e-07,2.5903711269751426,-4.527501573059478e-05,FW
2091,0.17336702346801758,-12.644226674433813,4.6542402492563695e-05,FW,4.675618555718444e-07,2.590371213248514,-4.6542402492563695e-05,FW
2092,0.1735241413116455,-12.644226674444697,4.836004426150842e-05,FW,5.266923430826677e-07,2.5903707786184706,-4.836004426150842e-05,FW
2093,0.17367815971374512,-12.644226674457434,4.645565013901287e-05,FW,4.6823080926130276e-07,2.590371101549034,-4.645565013901287e-05,FW
2094,0.17383193969726562,-12.644226674468309,4.831558482897014e-05,FW,4.607079852441522e-07,2.590371351390994,-4.831558482897014e-05,FW
2095,0.17399191856384277,-12.644226674479437,4.7158439760108806e-05,FW,4.3176513167254705e-07,2.59037093777795,-4.7158439760108806e-05,FW
2096,0.1740858554840088,-12.644226674489623,4.684047704052452e-05,FW,4.6759608167237804e-07,2.59037063166532,-4.684047704052452e-05,FW
2097,0.1741800308227539,-12.644226674500574,4.3901036248891745e-05,FW,4.1564696734309504e-07,2.5903708440641595,-4.3901036248891745e-05,FW
2098,0.1742711067199707,-12.644226674509694,4.8421295939918285e-05,FW,4.648931460283287e-07,2.5903709971864637,-4.8421295939918285e-05,FW
2099,0.17435407638549805,-12.64422667452095,4.6660665270981116e-05,FW,4.4385415216011016e-07,2.5903710393398947,-4.6660665270981116e-05,FW
2100,0.1744251251220703,-12.644226674531309,4.6069954517974354e-05,FW,4.6787896628152335e-07,2.590370992970922,-4.6069954517974354e-05,FW
2101,0.17449498176574707,-12.644226674542082,4.5547390597269755e-05,FW,4.6721610064325917e-07,2.590370908633354,-4.5547390597269755e-05,FW
2102,0.17456388473510742,-12.64422667455272,4.4390441981581596e-05,FW,4.511566058121542e-07,2.5903708012525124,-4.4390441981581596e-05,FW
2103,0.17463302612304688,-12.64422667456274,4.73140111637016e-05,FW,4.372942533118833e-07,2.590370705291701,-4.73140111637016e-05,FW
2104,0.17470216751098633,-12.64422667457308,4.5251394281242696e-05,FW,4.319954814528279e-07,2.590370382748958,-4.5251394281242696e-05,FW
2105,0.1747729778289795,-12.644226674582857,4.699492825349649e-05,FW,4.674342032304985e-07,2.5903704965674343,-4.699492825349649e-05,FW
2106,0.17484307289123535,-12.644226674593837,4.401382861073111e-05,FW,4.401990423202274e-07,2.590370580201118,-4.401382861073111e-05,FW
2107,0.1749131679534912,-12.644226674603532,4.5438854082535673e-05,FW,4.640938963944995e-07,2.5903704730439583,-4.5438854082535673e-05,FW
2108,0.17498207092285156,-12.64422667461407,4.445800866391403e-05,FW,4.4872496115231855e-07,2.5903694630406195,-4.445800866391403e-05,FW
2109,0.17505407333374023,-12.644226674624049,4.569054538466899e-05,FW,4.258716990793052e-07,2.5903703037793138,-4.569054538466899e-05,FW
2110,0.175123929977417,-12.644226674633773,4.6416238842383883e-05,FW,4.442261358162037e-07,2.5903706176722725,-4.6416238842383883e-05,FW
2111,0.17519402503967285,-12.644226674644088,4.330277992262155e-05,FW,4.6261926658361135e-07,2.5903707169433594,-4.330277992262155e-05,FW
2112,0.1752631664276123,-12.6442266746541,4.6218799113526e-05,FW,4.597342408076655e-07,2.590370491786742,-4.6218799113526e-05,FW
2113,0.17533111572265625,-12.644226674664724,4.19764225361996e-05,FW,4.036283888655919e-07,2.5903701787625613,-4.19764225361996e-05,FW
2114,0.17540216445922852,-12.644226674673197,4.301908305279212e-05,FW,4.1357667284298e-07,2.590370488939038,-4.301908305279212e-05,FW
2115,0.17547082901000977,-12.644226674682095,4.4946988390831555e-05,FW,4.623097466642703e-07,2.590370920068147,-4.4946988390831555e-05,FW
2116,0.17553997039794922,-12.644226674692481,4.2745817917855256e-05,FW,3.990309908294071e-07,2.5903705554641268,-4.2745817917855256e-05,FW
2117,0.17560815811157227,-12.644226674701002,4.584241103558484e-05,FW,4.556094130828555e-07,2.590370166417153,-4.584241103558484e-05,FW
2118,0.17567896842956543,-12.644226674711451,4.252019393213846e-05,FW,4.1227026636827175e-07,2.5903702051039734,-4.252019393213846e-05,FW
2119,0.17574715614318848,-12.644226674720217,4.218355234339444e-05,FW,4.338303699044478e-07,2.5903699395663944,-4.218355234339444e-05,FW
2120,0.17581605911254883,-12.64422667472936,4.462485681572259e-05,FW,4.212780834956061e-07,2.5903702191441766,-4.462485681572259e-05,FW
2121,0.17589306831359863,-12.644226674738768,4.4189457997223514e-05,FW,4.3762771481221873e-07,2.590370327458759,-4.4189457997223514e-05,FW
2122,0.17596197128295898,-12.644226674748435,4.4035248079415945e-05,FW,4.2989030068904915e-07,2.5903696998554198,-4.4035248079415945e-05,FW
2123,0.17603206634521484,-12.6442266747579,4.492284050258699e-05,FW,4.030322977012627e-07,2.590369707317306,-4.492284050258699e-05,FW
2124,0.1761000156402588,-12.644226674766951,4.334486712664898e-05,FW,4.028504378300416e-07,2.5903697104768453,-4.334486712664898e-05,FW
2125,0.17617106437683105,-12.644226674775684,4.448299003094458e-05,FW,4.296865560687265e-07,2.5903696914989935,-4.448299003094458e-05,FW
2126,0.17624211311340332,-12.64422667478524,4.225645258541799e-05,FW,3.9213919233421935e-07,2.5903690559551427,-4.225645258541799e-05,FW
2127,0.17631220817565918,-12.644226674793531,4.132639526271964e-05,FW,4.1351555132354056e-07,2.590369518119027,-4.132639526271964e-05,FW
2128,0.17638206481933594,-12.644226674802074,4.272404039358524e-05,FW,3.927419611533064e-07,2.5903698465231924,-4.272404039358524e-05,FW
2129,0.1764528751373291,-12.644226674810465,4.284876134803828e-05,FW,4.1701032063671784e-07,2.5903695869506222,-4.284876134803828e-05,FW
2130,0.17652201652526855,-12.644226674819397,4.4680796946652834e-05,FW,4.3112194609044684e-07,2.5903695848707917,-4.4680796946652834e-05,FW
2131,0.1765909194946289,-12.644226674829028,4.029309192592201e-05,FW,4.1668684527930414e-07,2.590369270135165,-4.029309192592201e-05,FW
2132,0.17666101455688477,-12.644226674837423,4.155208648437547e-05,FW,4.057607149478426e-07,2.590369653921131,-4.155208648437547e-05,FW
2133,0.17673087120056152,-12.644226674845848,4.3543734314407945e-05,FW,4.1805804494486327e-07,2.5903695778725613,-4.3543734314407945e-05,FW
2134,0.17680120468139648,-12.644226674854956,4.145030619984169e-05,FW,3.93790329478241e-07,2.590369452824783,-4.145030619984169e-05,FW
2135,0.17686986923217773,-12.644226674863114,4.1625961987604154e-05,FW,4.038763570981418e-07,2.5903695793455443,-4.1625961987604154e-05,FW
2136,0.1769402027130127,-12.644226674871518,4.020226306253316e-05,FW,4.1035609051589244e-07,2.590369433691571,-4.020226306253316e-05,FW
2137,0.17701101303100586,-12.644226674879768,4.26695012525069e-05,FW,4.113346521746436e-07,2.5903690764302123,-4.26695012525069e-05,FW
2138,0.17708110809326172,-12.64422667488855,4.1844576705432623e-05,FW,4.0214185233437596e-07,2.5903694349077693,-4.1844576705432623e-05,FW
2139,0.17715096473693848,-12.64422667489696,4.3086858226654146e-05,FW,4.0763173970833306e-07,2.590369147945233,-4.3086858226654146e-05,FW
2140,0.17722105979919434,-12.644226674905738,4.025902263918302e-05,FW,3.9476396420086296e-07,2.590369512672867,-4.025902263918302e-05,FW
2141,0.1772899627685547,-12.644226674913684,4.09554932488676e-05,FW,3.9281982524191827e-07,2.590369349174753,-4.09554932488676e-05,FW
2142,0.17736005783081055,-12.64422667492173,4.1726745116196784e-05,FW,3.869697834622484e-07,2.5903691999103415,-4.1726745116196784e-05,FW
2143,0.1774311065673828,-12.6442266749298,3.934895024675089e-05,FW,3.804841927924525e-07,2.5903691677196314,-3.934895024675089e-05,FW
2144,0.17750096321105957,-12.644226674937292,4.123962876675935e-05,FW,3.7568049720978517e-07,2.590369002651718,-4.123962876675935e-05,FW
2145,0.17757201194763184,-12.644226674945038,4.122763946888541e-05,FW,3.716413391788531e-07,2.590369239573258,-4.122763946888541e-05,FW
2146,0.1776411533355713,-12.644226674952696,3.9966036124050586e-05,FW,3.9089230183211226e-07,2.590369180487291,-3.9966036124050586e-05,FW
2147,0.17771100997924805,-12.644226674960509,4.011293564550045e-05,FW,3.8973219232963843e-07,2.5903690751670583,-4.011293564550045e-05,FW
2148,0.1777801513671875,-12.644226674968326,4.1059780225977116e-05,FW,4.007414237112572e-07,2.590369050507489,-4.1059780225977116e-05,FW
2149,0.1778581142425537,-12.644226674976549,3.989578630293755e-05,FW,4.081329773219538e-07,2.590369006117836,-3.989578630293755e-05,FW
2150,0.17794513702392578,-12.644226674984697,4.043292311550761e-05,FW,3.965419333393372e-07,2.590369123419392,-4.043292311550761e-05,FW
2151,0.17801308631896973,-12.644226674992712,3.756593530786223e-05,FW,3.5635800130788244e-07,2.5903691155356015,-3.756593530786223e-05,FW
2152,0.17808103561401367,-12.644226674999402,4.0808500671549175e-05,FW,4.226809971345749e-07,2.590369182015175,-4.0808500671549175e-05,FW
2153,0.17815089225769043,-12.644226675008031,4.200624136266318e-05,FW,4.0342305642636734e-07,2.590368540570605,-4.200624136266318e-05,FW
2154,0.17821812629699707,-12.644226675016503,3.859454271555596e-05,FW,3.615987114783667e-07,2.590368522583073,-3.859454271555596e-05,FW
2155,0.17828607559204102,-12.64422667502348,4.0256446671216306e-05,FW,3.8515918845871864e-07,2.590368828539925,-4.0256446671216306e-05,FW
2156,0.17835497856140137,-12.644226675031227,4.017258468096141e-05,FW,3.99260157736811e-07,2.5903688249261783,-4.017258468096141e-05,FW
2157,0.17842507362365723,-12.64422667503925,3.904731287625307e-05,FW,3.9041311220655245e-07,2.590368872593504,-3.904731287625307e-05,FW
2158,0.17849397659301758,-12.644226675046877,3.841329914819336e-05,FW,3.7155650713485464e-07,2.5903688972450567,-3.841329914819336e-05,FW
2159,0.17856311798095703,-12.644226675054012,3.955173951906976e-05,FW,3.7214922561901396e-07,2.5903686887468633,-3.955173951906976e-05,FW
2160,0.17863106727600098,-12.644226675061368,3.945751740422332e-05,FW,3.609588651350811e-07,2.5903688338173767,-3.945751740422332e-05,FW
2161,0.17870020866394043,-12.644226675068495,4.004598111037594e-05,FW,4.1001368257038147e-07,2.590368878978313,-4.004598111037594e-05,FW
2162,0.17876887321472168,-12.644226675076704,3.770116999977924e-05,FW,3.932417799196383e-07,2.59036857274833,-3.770116999977924e-05,FW
2163,0.17883801460266113,-12.644226675084116,3.8610041214678925e-05,FW,3.642743695413701e-07,2.5903682202227825,-3.8610041214678925e-05,FW
2164,0.17890524864196777,-12.644226675091149,3.657524418734792e-05,FW,3.753374845213128e-07,2.590368253366078,-3.657524418734792e-05,FW
2165,0.1789720058441162,-12.644226675098015,3.868030248319054e-05,FW,3.9198156849037026e-07,2.5903687839766296,-3.868030248319054e-05,FW
2166,0.17904210090637207,-12.64422667510559,4.124805832933509e-05,FW,3.7227244481727155e-07,2.590369283284157,-4.124805832933509e-05,FW
2167,0.17911005020141602,-12.644226675113275,3.786834271903017e-05,FW,3.876792586850268e-07,2.590369194414709,-3.786834271903017e-05,FW
2168,0.17917704582214355,-12.644226675120612,3.641284384039989e-05,FW,3.4887698393461906e-07,2.59036845788284,-3.641284384039989e-05,FW
2169,0.1792469024658203,-12.644226675126967,3.823634680086285e-05,FW,3.9273013393493416e-07,2.590368718653225,-3.823634680086285e-05,FW
2170,0.17931604385375977,-12.644226675134473,3.765099126387672e-05,FW,3.669581840717606e-07,2.5903688364890227,-3.765099126387672e-05,FW
2171,0.17938518524169922,-12.644226675141374,3.737976899181872e-05,FW,3.8704426504458285e-07,2.590368760431084,-3.737976899181872e-05,FW
2172,0.17945408821105957,-12.644226675148607,3.951687297236439e-05,FW,3.970192307150342e-07,2.590368666868202,-3.951687297236439e-05,FW
2173,0.17952322959899902,-12.644226675156455,3.736500707110513e-05,FW,3.622565574750399e-07,2.5903685867707877,-3.736500707110513e-05,FW
2174,0.17959094047546387,-12.644226675163223,3.935427431724092e-05,FW,3.7719778891398416e-07,2.5903684517227874,-3.935427431724092e-05,FW
2175,0.17966008186340332,-12.644226675170644,3.600526909371127e-05,FW,3.832397628446335e-07,2.5903683511482316,-3.600526909371127e-05,FW
2176,0.17972803115844727,-12.644226675177547,3.715895837687333e-05,FW,3.721897642337332e-07,2.59036860164224,-3.715895837687333e-05,FW
2177,0.17980408668518066,-12.644226675184465,3.739157253793146e-05,FW,3.613143059697812e-07,2.5903682368272203,-3.739157253793146e-05,FW
2178,0.17987895011901855,-12.644226675191216,3.82434853120478e-05,FW,3.5633002250995273e-07,2.5903679760072964,-3.82434853120478e-05,FW
2179,0.17995023727416992,-12.644226675198032,3.704056026399005e-05,FW,3.5007983913221646e-07,2.5903679451262542,-3.704056026399005e-05,FW
2180,0.18001794815063477,-12.644226675204518,3.594186117691911e-05,FW,3.6412118455115313e-07,2.590367657894893,-3.594186117691911e-05,FW
2181,0.18008923530578613,-12.644226675211057,3.711978267662008e-05,FW,3.6515414154570754e-07,2.5903683663809103,-3.711978267662008e-05,FW
2182,0.18015694618225098,-12.644226675217832,3.761626481693647e-05,FW,3.627130531516006e-07,2.5903682382835513,-3.761626481693647e-05,FW
2183,0.18022608757019043,-12.644226675224653,3.475493446775113e-05,FW,3.7195659885721947e-07,2.5903684159610294,-3.475493446775113e-05,FW
2184,0.1802959442138672,-12.644226675231126,3.6994901280451575e-05,FW,3.877602086718139e-07,2.5903681854174225,-3.6994901280451575e-05,FW
2185,0.18036603927612305,-12.644226675238295,3.732407392781356e-05,FW,3.5707239261413166e-07,2.5903678799611702,-3.732407392781356e-05,FW
2186,0.180433988571167,-12.64422667524496,3.5911051613532474e-05,FW,3.6765927850577685e-07,2.5903682818332667,-3.5911051613532474e-05,FW
2187,0.18050527572631836,-12.644226675251558,3.580237714125023e-05,FW,3.4193291362641466e-07,2.5903680466822507,-3.580237714125023e-05,FW
2188,0.18057513236999512,-12.644226675257677,3.659171787608051e-05,FW,3.879537757177463e-07,2.590368377211101,-3.659171787608051e-05,FW
2189,0.18064403533935547,-12.644226675264772,3.6906775636641465e-05,FW,3.6688405684674417e-07,2.590368115235893,-3.6906775636641465e-05,FW
2190,0.18071293830871582,-12.644226675271545,3.7080730502112025e-05,FW,3.489052808397588e-07,2.5903680947764904,-3.7080730502112025e-05,FW
2191,0.18078207969665527,-12.644226675278016,3.537036359434198e-05,FW,3.2914045165282183e-07,2.5903678616473376,-3.537036359434198e-05,FW
2192,0.18085193634033203,-12.644226675283834,3.4838342967746794e-05,FW,3.2730332585679687e-07,2.590368102627882,-3.4838342967746794e-05,FW
2193,0.18092107772827148,-12.644226675289541,3.695436268973118e-05,FW,3.875090574381496e-07,2.590368012673058,-3.695436268973118e-05,FW
2194,0.18098807334899902,-12.644226675296693,3.478080463997779e-05,FW,3.466080597206033e-07,2.590368074279655,-3.478080463997779e-05,FW
2195,0.18105816841125488,-12.644226675302725,3.4796359859465276e-05,FW,3.7193314710670286e-07,2.5903677837742873,-3.4796359859465276e-05,FW
2196,0.18112707138061523,-12.644226675309193,3.676653735670832e-05,FW,3.490729383602664e-07,2.5903676765871335,-3.676653735670832e-05,FW
2197,0.1811971664428711,-12.644226675315617,3.528269787766991e-05,FW,3.583551595973203e-07,2.590368003652797,-3.528269787766991e-05,FW
2198,0.18126487731933594,-12.644226675321939,3.3256744972315344e-05,FW,3.354957198673992e-07,2.590368211278387,-3.3256744972315344e-05,FW
2199,0.1813361644744873,-12.644226675327515,3.593356122846836e-05,FW,3.9306504146267684e-07,2.5903680125361044,-3.593356122846836e-05,FW
2200,0.18140506744384766,-12.644226675334577,3.3958811777257125e-05,FW,3.4355112553441975e-07,2.5903677691408684,-3.3958811777257125e-05,FW
2201,0.18147516250610352,-12.64422667534041,3.396483415050999e-05,FW,3.6435518079124847e-07,2.5903677072581788,-3.396483415050999e-05,FW
2202,0.18154406547546387,-12.644226675346596,3.574994795799147e-05,FW,3.7310330995169685e-07,2.590367989446908,-3.574994795799147e-05,FW
2203,0.18161320686340332,-12.644226675353266,3.5879056275459065e-05,FW,3.586543191665867e-07,2.5903677621316543,-3.5879056275459065e-05,FW
2204,0.18168210983276367,-12.644226675359702,3.5494214221248876e-05,FW,3.1149585934423357e-07,2.5903676326351435,-3.5494214221248876e-05,FW
2205,0.18175220489501953,-12.64422667536523,3.410502542439131e-05,FW,4.02902611401639e-07,2.5903675231787084,-3.410502542439131e-05,FW
2206,0.18186402320861816,-12.644226675372098,3.311827569311976e-05,FW,3.381513890280303e-07,2.5903678441977713,-3.311827569311976e-05,FW
2207,0.18193316459655762,-12.644226675377693,3.341322983488326e-05,FW,3.504355633315815e-07,2.590367523887984,-3.341322983488326e-05,FW
2208,0.18200206756591797,-12.64422667538355,3.519483127846501e-05,FW,3.5685447466377043e-07,2.5903670228483446,-3.519483127846501e-05,FW
2209,0.18207001686096191,-12.644226675389842,3.6018170701951346e-05,FW,3.642791607259072e-07,2.5903676974917857,-3.6018170701951346e-05,FW
2210,0.18213796615600586,-12.644226675396396,3.1636558987552243e-05,FW,3.166913687971492e-07,2.590367549908431,-3.1636558987552243e-05,FW
2211,0.1822059154510498,-12.644226675401402,3.448720263229954e-05,FW,3.3630393587738933e-07,2.59036731240757,-3.448720263229954e-05,FW
2212,0.18227410316467285,-12.644226675407204,3.256602225962246e-05,FW,3.188865291290752e-07,2.590367609915862,-3.256602225962246e-05,FW
2213,0.18234014511108398,-12.644226675412392,3.5304864596796826e-05,FW,3.4862861335468156e-07,2.590367265660561,-3.5304864596796826e-05,FW
2214,0.18240809440612793,-12.644226675418551,3.344465088013504e-05,FW,3.3651072025993896e-07,2.5903673443483055,-3.344465088013504e-05,FW
2215,0.18247723579406738,-12.644226675424179,3.122255406363961e-05,FW,3.312687077786442e-07,2.5903673836791543,-3.122255406363961e-05,FW
2216,0.18254399299621582,-12.644226675429346,3.4683201923804696e-05,FW,3.432506394913116e-07,2.590367227899706,-3.4683201923804696e-05,FW
2217,0.18261194229125977,-12.644226675435304,3.243519088015623e-05,FW,3.0635554247368123e-07,2.5903674155613183,-3.243519088015623e-05,FW
2218,0.1826791763305664,-12.64422667544027,3.298755723607494e-05,FW,2.9687354939037154e-07,2.59036770395672,-3.298755723607494e-05,FW
2219,0.18274807929992676,-12.64422667544517,3.517946544709383e-05,FW,3.3647616583245394e-07,2.5903675412588796,-3.517946544709383e-05,FW
2220,0.1828160285949707,-12.644226675451087,3.339167699570322e-05,FW,3.32540905032872e-07,2.590367019311574,-3.339167699570322e-05,FW
2221,0.18288397789001465,-12.644226675456634,3.250919144992537e-05,FW,3.049180680322749e-07,2.5903670712393603,-3.250919144992537e-05,FW
2222,0.1829531192779541,-12.644226675461592,3.27445260890763e-05,FW,3.177226694318211e-07,2.5903673061791688,-3.27445260890763e-05,FW
2223,0.18302106857299805,-12.644226675466792,3.324184575700939e-05,FW,3.2776381599033106e-07,2.590367196285044,-3.324184575700939e-05,FW
2224,0.183089017868042,-12.64422667547224,3.257958561699026e-05,FW,3.2497462222668985e-07,2.5903670762835485,-3.257958561699026e-05,FW
2225,0.18315601348876953,-12.644226675477535,3.222714244215108e-05,FW,3.1048445420321154e-07,2.5903667280089238,-3.222714244215108e-05,FW
2226,0.18322515487670898,-12.644226675482543,3.2419288992516226e-05,FW,3.2102523130503305e-07,2.590367087882063,-3.2419288992516226e-05,FW
2227,0.18329310417175293,-12.644226675487737,3.20298258020546e-05,FW,3.322477274619857e-07,2.5903668763865717,-3.20298258020546e-05,FW
2228,0.18336009979248047,-12.644226675493062,3.2214561643595374e-05,FW,3.298774332326767e-07,2.590366914429018,-3.2214561643595374e-05,FW
2229,0.18342828750610352,-12.644226675498379,3.1782677347380606e-05,FW,3.0779715310395295e-07,2.590366675377275,-3.1782677347380606e-05,FW
2230,0.18349599838256836,-12.644226675503267,3.237363888296263e-05,FW,3.027450926208791e-07,2.590366879135373,-3.237363888296263e-05,FW
2231,0.1835651397705078,-12.644226675508172,3.339517870568076e-05,FW,3.167008064603679e-07,2.5903668701823253,-3.339517870568076e-05,FW
2232,0.18363404273986816,-12.644226675513451,3.3422958061885e-05,FW,3.0973596569669036e-07,2.590367059291384,-3.3422958061885e-05,FW
2233,0.18370413780212402,-12.644226675518635,3.1147144418236516e-05,FW,2.803472187309308e-07,2.590366708244937,-3.1147144418236516e-05,FW
2234,0.1838669776916504,-12.644226675523003,3.2270388601540745e-05,FW,3.0325511164215323e-07,2.5903666613037206,-3.2270388601540745e-05,FW
2235,0.18402791023254395,-12.644226675527891,3.078481859927762e-05,FW,3.0234861904796925e-07,2.5903667976790814,-3.078481859927762e-05,FW
2236,0.18418526649475098,-12.644226675532549,3.1623915588377405e-05,FW,3.004538682358771e-07,2.590366665330292,-3.1623915588377405e-05,FW
2237,0.1843400001525879,-12.644226675537297,3.258381134550736e-05,FW,3.207935901785822e-07,2.5903665625605474,-3.258381134550736e-05,FW
2238,0.1844921112060547,-12.644226675542527,3.030267190318181e-05,FW,3.0098813386997415e-07,2.590366379714545,-3.030267190318181e-05,FW
2239,0.1846449375152588,-12.644226675547083,3.2130204820637887e-05,FW,2.910871728687705e-07,2.590366505781961,-3.2130204820637887e-05,FW
2240,0.1848011016845703,-12.644226675551758,3.095620266524435e-05,FW,3.2151405580231915e-07,2.5903667791528564,-3.095620266524435e-05,FW
2241,0.18495392799377441,-12.644226675556737,3.0741187139901593e-05,FW,2.86285293996124e-07,2.5903664007719347,-3.0741187139901593e-05,FW
2242,0.1851050853729248,-12.644226675561137,3.2003645102557376e-05,FW,3.0889681619712125e-07,2.5903665906885833,-3.2003645102557376e-05,FW
2243,0.18523097038269043,-12.64422667556608,3.0659055978959904e-05,FW,2.8424705512532163e-07,2.5903663601566267,-3.0659055978959904e-05,FW
2244,0.18530511856079102,-12.644226675570431,3.098824298794489e-05,FW,3.0203383028920996e-07,2.5903664078903734,-3.098824298794489e-05,FW
2245,0.18537497520446777,-12.644226675575114,2.925206997489438e-05,FW,2.9922260566766237e-07,2.590366716552343,-2.925206997489438e-05,FW
2246,0.18544483184814453,-12.644226675579493,3.132378523748591e-05,FW,2.86540522781127e-07,2.5903666439791873,-3.132378523748591e-05,FW
2247,0.1855151653289795,-12.644226675583976,3.24274258685503e-05,FW,3.2952720190305626e-07,2.5903665260476862,-3.24274258685503e-05,FW
2248,0.18558406829833984,-12.64422667558932,3.0779608848313655e-05,FW,2.907801386791972e-07,2.5903665733603427,-3.0779608848313655e-05,FW
2249,0.1856541633605957,-12.644226675593803,2.9888416736290058e-05,FW,2.805622757401729e-07,2.590366600292483,-2.9888416736290058e-05,FW
2250,0.1857311725616455,-12.64422667559799,2.9950419914243076e-05,FW,2.9857956154271313e-07,2.5903664112854363,-2.9950419914243076e-05,FW
2251,0.18580412864685059,-12.64422667560246,3.10078335576669e-05,FW,3.2250561193438487e-07,2.5903666453500622,-3.10078335576669e-05,FW
2252,0.18587303161621094,-12.644226675607461,3.010081584450819e-05,FW,3.113439984590977e-07,2.5903664206011094,-3.010081584450819e-05,FW
2253,0.1859431266784668,-12.64422667561214,2.8988671479726613e-05,FW,3.118506425478232e-07,2.590366260365657,-2.8988671479726613e-05,FW
2254,0.18601298332214355,-12.644226675616668,3.056972280664205e-05,FW,3.065977880989077e-07,2.590366451179289,-3.056972280664205e-05,FW
2255,0.18608307838439941,-12.64422667562135,3.0410392288238164e-05,FW,2.778693236576815e-07,2.590366248675567,-3.0410392288238164e-05,FW
2256,0.18615198135375977,-12.644226675625578,2.8736428091383215e-05,FW,2.9142766810618476e-07,2.5903663965668735,-2.8736428091383215e-05,FW
2257,0.18622112274169922,-12.644226675629767,2.9153738031667542e-05,FW,3.027025700855048e-07,2.590366771573882,-2.9153738031667542e-05,FW
2258,0.18629002571105957,-12.64422667563418,2.8725274767715803e-05,FW,2.853609956153687e-07,2.5903664496331893,-2.8725274767715803e-05,FW
2259,0.18636012077331543,-12.644226675638276,2.8579469221010068e-05,FW,3.23998481211343e-07,2.5903669343080793,-2.8579469221010068e-05,FW
2260,0.18642807006835938,-12.644226675642908,3.0629155237188455e-05,FW,2.952323305255221e-07,2.5903665704196395,-3.0629155237188455e-05,FW
2261,0.18649816513061523,-12.64422667564743,3.076316929208345e-05,FW,3.150170070002204e-07,2.5903664446730774,-3.076316929208345e-05,FW
2262,0.186568021774292,-12.644226675652275,2.9646101475294673e-05,FW,3.018884120714699e-07,2.5903658551044564,-2.9646101475294673e-05,FW
2263,0.18663620948791504,-12.644226675656752,2.933437486937751e-05,FW,2.7388124047513023e-07,2.590366103131398,-2.933437486937751e-05,FW
2264,0.1867060661315918,-12.644226675660764,2.876289263537002e-05,FW,3.0032404004910485e-07,2.590366291131271,-2.876289263537002e-05,FW
2265,0.18677520751953125,-12.644226675665083,2.964081868420121e-05,FW,2.9646935061623016e-07,2.590365917421047,-2.964081868420121e-05,FW
2266,0.1868429183959961,-12.644226675669476,3.0870843326008535e-05,FW,3.005241608511841e-07,2.5903659381310877,-3.0870843326008535e-05,FW
2267,0.18705320358276367,-12.64422667567412,2.9090706996026672e-05,FW,3.024306896562321e-07,2.5903658238119727,-2.9090706996026672e-05,FW
2268,0.18721318244934082,-12.644226675678519,2.9481288375418635e-05,FW,2.7977630714971644e-07,2.590365751344382,-2.9481288375418635e-05,FW
2269,0.18737483024597168,-12.644226675682642,2.9207666042752045e-05,FW,2.9144918906839447e-07,2.5903658392309405,-2.9207666042752045e-05,FW
2270,0.18753480911254883,-12.644226675686902,2.9454070745171812e-05,FW,2.789168400533346e-07,2.5903656771020764,-2.9454070745171812e-05,FW
2271,0.18768906593322754,-12.644226675691005,2.7108755612542668e-05,FW,2.7911768387879805e-07,2.590365879320833,-2.7108755612542668e-05,FW
2272,0.18787503242492676,-12.64422667569479,2.825103477162305e-05,FW,2.940920222259103e-07,2.5903660257891348,-2.825103477162305e-05,FW
2273,0.18803787231445312,-12.64422667569894,2.9804777790687353e-05,FW,2.876334868674622e-07,2.590366006711264,-2.9804777790687353e-05,FW
2274,0.18819403648376465,-12.644226675703226,2.8253947731621265e-05,FW,2.9795128636377735e-07,2.590365826210091,-2.8253947731621265e-05,FW
2275,0.18834900856018066,-12.644226675707444,2.742195113059065e-05,FW,2.6231205304318757e-07,2.5903659700186195,-2.742195113059065e-05,FW
2276,0.18850421905517578,-12.644226675711034,2.7465833031356524e-05,FW,2.8479193700762714e-07,2.590365962455898,-2.7465833031356524e-05,FW
2277,0.18865704536437988,-12.644226675714947,2.90102877710946e-05,FW,2.8509221332330507e-07,2.590365982615507,-2.90102877710946e-05,FW
2278,0.18880701065063477,-12.644226675719079,2.9001314756249563e-05,FW,2.817961430974134e-07,2.590365545507464,-2.9001314756249563e-05,FW
2279,0.18895912170410156,-12.644226675723168,2.7827652025885774e-05,FW,2.832834830377978e-07,2.5903657099227515,-2.7827652025885774e-05,FW
2280,0.18911004066467285,-12.644226675727108,2.742654394993771e-05,FW,2.6612639689221386e-07,2.5903657278462946,-2.742654394993771e-05,FW
2281,0.18926215171813965,-12.644226675730764,2.8409981309929222e-05,FW,2.773440018849478e-07,2.590365858860724,-2.8409981309929222e-05,FW
2282,0.18941497802734375,-12.644226675734695,2.7212685464433894e-05,FW,2.931831551175753e-07,2.5903657402862703,-2.7212685464433894e-05,FW
2283,0.18956613540649414,-12.644226675738684,2.723802802036268e-05,FW,2.7850686587617404e-07,2.5903655204901535,-2.723802802036268e-05,FW
2284,0.18970799446105957,-12.644226675742486,2.7596268901197707e-05,FW,2.6121800458339385e-07,2.5903655518514004,-2.7596268901197707e-05,FW
2285,0.18977999687194824,-12.64422667574608,3.0025612568429505e-05,FW,3.044664254758188e-07,2.5903657534608575,-3.0025612568429505e-05,FW
2286,0.1898481845855713,-12.644226675750653,2.6993420610216257e-05,FW,2.510725883109176e-07,2.590365690958206,-2.6993420610216257e-05,FW
2287,0.18991708755493164,-12.644226675754043,2.6770683843990728e-05,FW,2.832202511214838e-07,2.590365539766234,-2.6770683843990728e-05,FW
2288,0.18998503684997559,-12.64422667575784,2.7537263308688442e-05,FW,2.612131804719076e-07,2.5903652210209067,-2.7537263308688442e-05,FW
2289,0.19005393981933594,-12.644226675761427,2.791470473459401e-05,FW,2.547252709561243e-07,2.5903654255671693,-2.791470473459401e-05,FW
2290,0.19011998176574707,-12.644226675764985,2.7195362602677742e-05,FW,2.6162773771256995e-07,2.590365442272612,-2.7195362602677742e-05,FW
2291,0.19019103050231934,-12.644226675768545,2.7602071674584505e-05,FW,2.590518108867357e-07,2.590365675819528,-2.7602071674584505e-05,FW
2292,0.19025897979736328,-12.64422667577212,2.6148950861032416e-05,FW,2.638274084295703e-07,2.59036566039323,-2.6148950861032416e-05,FW
2293,0.19032907485961914,-12.644226675775567,2.7293250069296282e-05,FW,2.684052164657216e-07,2.5903656733632054,-2.7293250069296282e-05,FW
2294,0.1903979778289795,-12.644226675779226,2.644309199285877e-05,FW,2.492009610166042e-07,2.5903654649960393,-2.644309199285877e-05,FW
2295,0.19046711921691895,-12.644226675782525,2.7065461861722206e-05,FW,2.635118707259532e-07,2.5903652721717805,-2.7065461861722206e-05,FW
2296,0.1905350685119629,-12.644226675786095,2.585806892421716e-05,FW,2.8205751001460633e-07,2.5903656462433595,-2.585806892421716e-05,FW
2297,0.19060611724853516,-12.64422667578974,2.5821831722783184e-05,FW,2.86837154607778e-07,2.5903657529699458,-2.5821831722783184e-05,FW
2298,0.1906750202178955,-12.644226675793446,2.5953320669389046e-05,FW,2.5499580076263094e-07,2.59036560381144,-2.5953320669389046e-05,FW
2299,0.19074416160583496,-12.644226675796755,2.84771224990793e-05,FW,2.8656773794884557e-07,2.590365425583519,-2.84771224990793e-05,FW
2300,0.1908109188079834,-12.644226675800835,2.7071922896873546e-05,FW,2.578806705157547e-07,2.590365061966472,-2.7071922896873546e-05,FW
2301,0.19088101387023926,-12.644226675804324,2.6145668639399045e-05,FW,2.63355813564705e-07,2.5903652603746443,-2.6145668639399045e-05,FW
2302,0.19095110893249512,-12.644226675807767,2.557553811004254e-05,FW,2.6520079927358927e-07,2.590365374521368,-2.557553811004254e-05,FW
2303,0.19102001190185547,-12.644226675811154,2.652365393969458e-05,FW,2.6612300385485825e-07,2.590365371961712,-2.652365393969458e-05,FW
2304,0.19108891487121582,-12.644226675814684,2.717625785740585e-05,FW,2.4821935013089137e-07,2.590365082569906,-2.717625785740585e-05,FW
2305,0.19115805625915527,-12.644226675818059,2.7102845263221598e-05,FW,2.5587108545744125e-07,2.5903651485656924,-2.7102845263221598e-05,FW
2306,0.19122695922851562,-12.644226675821526,2.5743612444367736e-05,FW,2.2650330754845238e-07,2.5903651985870755,-2.5743612444367736e-05,FW
2307,0.19129610061645508,-12.644226675824441,2.522903320437142e-05,FW,2.3962891451975166e-07,2.590365153103553,-2.522903320437142e-05,FW
2308,0.19136595726013184,-12.644226675827465,2.6214376002753337e-05,FW,2.558887377030189e-07,2.5903650426309213,-2.6214376002753337e-05,FW
2309,0.1914360523223877,-12.64422667583082,2.5685486928911372e-05,FW,2.708370738461871e-07,2.590365031261254,-2.5685486928911372e-05,FW
2310,0.19150495529174805,-12.644226675834295,2.5028370211038764e-05,FW,2.281467326863639e-07,2.5903648274319666,-2.5028370211038764e-05,FW
2311,0.1915731430053711,-12.64422667583715,2.538003963017954e-05,FW,2.726212098904232e-07,2.5903647192050423,-2.538003963017954e-05,FW
2312,0.19165492057800293,-12.644226675840608,2.6630927022514017e-05,FW,2.6170773393625465e-07,2.5903652063447096,-2.6630927022514017e-05,FW
2313,0.19173312187194824,-12.644226675844097,2.59829099509834e-05,FW,2.4940586438346186e-07,2.5903651457840584,-2.59829099509834e-05,FW
2314,0.191802978515625,-12.644226675847337,2.4733453853301168e-05,FW,2.5195544480888595e-07,2.5903652238372024,-2.4733453853301168e-05,FW
2315,0.19187211990356445,-12.644226675850456,2.508864490198548e-05,FW,2.6186602303397367e-07,2.5903650814431853,-2.508864490198548e-05,FW
2316,0.1919400691986084,-12.644226675853735,2.458015085193832e-05,FW,2.6433351894053505e-07,2.590365084300715,-2.458015085193832e-05,FW
2317,0.19201016426086426,-12.644226675856984,2.590022309667539e-05,FW,2.604572157470532e-07,2.590364769272561,-2.590022309667539e-05,FW
2318,0.1920781135559082,-12.644226675860358,2.5277717750710194e-05,FW,2.549668512920451e-07,2.5903650317057356,-2.5277717750710194e-05,FW
2319,0.19214606285095215,-12.644226675863584,2.351905760659967e-05,FW,2.454786695205427e-07,2.5903652414227345,-2.351905760659967e-05,FW
2320,0.192216157913208,-12.644226675866467,2.660867501524944e-05,FW,2.3457585315395977e-07,2.5903652226407727,-2.660867501524944e-05,FW
2321,0.19228506088256836,-12.644226675869595,2.622443596508872e-05,FW,2.803245301801658e-07,2.5903648414189795,-2.622443596508872e-05,FW
2322,0.1923530101776123,-12.644226675873268,2.397372286755406e-05,FW,2.2956107523565246e-07,2.590364712548411,-2.397372286755406e-05,FW
2323,0.19242095947265625,-12.644226675876011,2.3566287229159766e-05,FW,2.319649252812366e-07,2.590364692322307,-2.3566287229159766e-05,FW
2324,0.1924891471862793,-12.64422667587875,2.466156555397392e-05,FW,2.491395932505755e-07,2.590364925916616,-2.466156555397392e-05,FW
2325,0.19255805015563965,-12.644226675881825,2.638110672066596e-05,FW,2.377521360247475e-07,2.590364937077431,-2.638110672066596e-05,FW
2326,0.192626953125,-12.644226675884955,2.5031935246527803e-05,FW,2.5235421215126546e-07,2.590364639440917,-2.5031935246527803e-05,FW
2327,0.19269704818725586,-12.644226675888115,2.3383321861386586e-05,FW,2.236512938734625e-07,2.5903648682334235,-2.3383321861386586e-05,FW
2328,0.1927649974822998,-12.64422667589073,2.455412748135488e-05,FW,2.2004572456444284e-07,2.590364831139773,-2.455412748135488e-05,FW
2329,0.19283413887023926,-12.644226675893435,2.435175641000986e-05,FW,2.3313507736467878e-07,2.5903647163600656,-2.435175641000986e-05,FW
2330,0.1929030418395996,-12.64422667589627,2.6177921836789686e-05,FW,2.479715617981814e-07,2.5903645380713747,-2.6177921836789686e-05,FW
2331,0.19297313690185547,-12.64422667589951,2.382200016361191e-05,FW,2.1625573516949515e-07,2.5903648241336197,-2.382200016361191e-05,FW
2332,0.19304299354553223,-12.644226675902095,2.3401633802919153e-05,FW,2.2658993347181603e-07,2.5903647970844004,-2.3401633802919153e-05,FW
2333,0.19310998916625977,-12.644226675904742,2.4576857619029724e-05,FW,2.464801598070752e-07,2.590364727674699,-2.4576857619029724e-05,FW
2334,0.19318008422851562,-12.644226675907772,2.38266097039308e-05,FW,2.2816489071914463e-07,2.5903647316369356,-2.38266097039308e-05,FW
2335,0.19325017929077148,-12.644226675910492,2.405649538354815e-05,FW,2.2538141618382682e-07,2.5903646095300834,-2.405649538354815e-05,FW
2336,0.19331789016723633,-12.644226675913202,2.3961596930188733e-05,FW,2.373459462202544e-07,2.59036472226395,-2.3961596930188733e-05,FW
2337,0.19338703155517578,-12.644226675916046,2.4592005490653435e-05,FW,2.1302915546147673e-07,2.590364451547782,-2.4592005490653435e-05,FW
2338,0.19345498085021973,-12.644226675918668,2.4353862970324935e-05,FW,2.1814388923390862e-07,2.590364453133379,-2.4353862970324935e-05,FW
2339,0.19352507591247559,-12.64422667592132,2.3097581396541722e-05,FW,2.340270881343318e-07,2.590364701489009,-2.3097581396541722e-05,FW
2340,0.19359397888183594,-12.644226675924022,2.3081851936251896e-05,FW,2.2471651445853946e-07,2.590364550650804,-2.3081851936251896e-05,FW
2341,0.19367003440856934,-12.644226675926623,2.3440250398520934e-05,FW,2.3803567257016305e-07,2.590364593183341,-2.3440250398520934e-05,FW
2342,0.1937410831451416,-12.64422667592941,2.4075897845463046e-05,FW,2.3355729015542117e-07,2.5903642558260764,-2.4075897845463046e-05,FW
2343,0.19380998611450195,-12.64422667593222,2.37184904008092e-05,FW,2.101753699234931e-07,2.590364558837504,-2.37184904008092e-05,FW
2344,0.1938791275024414,-12.644226675934712,2.3200834151165806e-05,FW,2.4099691910641094e-07,2.5903644724924426,-2.3200834151165806e-05,FW
2345,0.19394707679748535,-12.644226675937514,2.4375753575861525e-05,FW,2.293923456302841e-07,2.590364449723112,-2.4375753575861525e-05,FW
2346,0.1940159797668457,-12.644226675940308,2.3231783202737333e-05,FW,2.2601923179548837e-07,2.5903644301263498,-2.3231783202737333e-05,FW
2347,0.19408607482910156,-12.644226675942926,2.1853721425560413e-05,FW,2.0433842427226798e-07,2.5903643984196636,-2.1853721425560413e-05,FW
2348,0.19416499137878418,-12.64422667594516,2.4385642242816252e-05,FW,2.393471422679481e-07,2.590364329397909,-2.4385642242816252e-05,FW
2349,0.19423484802246094,-12.644226675948081,2.3456454581807784e-05,FW,2.2019556098007306e-07,2.5903643128929312,-2.3456454581807784e-05,FW
2350,0.1943061351776123,-12.644226675950662,2.3435797236695532e-05,FW,2.1972223095937522e-07,2.590364398738026,-2.3435797236695532e-05,FW
2351,0.19437599182128906,-12.644226675953236,2.2874980415615864e-05,FW,2.2649021783365295e-07,2.5903642269417264,-2.2874980415615864e-05,FW
2352,0.1944441795349121,-12.644226675955824,2.2180847704555973e-05,FW,2.3357147155903148e-07,2.590364430616757,-2.2180847704555973e-05,FW
2353,0.19451403617858887,-12.644226675958418,2.2161115912036622e-05,FW,2.2107248559292515e-07,2.5903644853489096,-2.2161115912036622e-05,FW
2354,0.19458317756652832,-12.644226675960867,2.4292249709401137e-05,FW,2.2148197077756716e-07,2.5903643599643678,-2.4292249709401137e-05,FW
2355,0.19465398788452148,-12.644226675963557,2.3059231604477537e-05,FW,2.1746849731002624e-07,2.590364324340411,-2.3059231604477537e-05,FW
2356,0.19472312927246094,-12.644226675966063,2.221337709953919e-05,FW,2.3407131624947972e-07,2.5903641777726687,-2.221337709953919e-05,FW
2357,0.1947941780090332,-12.644226675968664,2.1778982474685016e-05,FW,2.1738168569368303e-07,2.5903644429335038,-2.1778982474685016e-05,FW
2358,0.19486284255981445,-12.644226675971037,2.2519651674574037e-05,FW,2.0706208082030655e-07,2.590364167303777,-2.2519651674574037e-05,FW
2359,0.19493508338928223,-12.644226675973368,2.2973623402741672e-05,FW,2.2888645640438003e-07,2.5903640392666567,-2.2973623402741672e-05,FW
2360,0.1950061321258545,-12.644226675975995,2.342146838096859e-05,FW,2.1760852752412933e-07,2.590364221723234,-2.342146838096859e-05,FW
2361,0.19507789611816406,-12.64422667597854,2.1650818200186217e-05,FW,2.1690263507434685e-07,2.5903643451235294,-2.1650818200186217e-05,FW
2362,0.19514703750610352,-12.64422667598089,2.267524415475175e-05,FW,2.2083177043633766e-07,2.5903641981719456,-2.267524415475175e-05,FW
2363,0.19521808624267578,-12.644226675983393,2.2171899834805275e-05,FW,2.012517733959634e-07,2.5903641908051984,-2.2171899834805275e-05,FW
2364,0.19528818130493164,-12.644226675985625,2.3140950067404575e-05,FW,2.1323027047169042e-07,2.590364028876444,-2.3140950067404575e-05,FW
2365,0.1953580379486084,-12.64422667598809,2.27625188339714e-05,FW,2.148175669907231e-07,2.5903641947401463,-2.27625188339714e-05,FW
2366,0.19542789459228516,-12.644226675990538,2.1119273333577993e-05,FW,2.1782066163739302e-07,2.5903641967811346,-2.1119273333577993e-05,FW
2367,0.19549798965454102,-12.644226675992838,2.1280069780443833e-05,FW,2.0339162819833382e-07,2.590364081396223,-2.1280069780443833e-05,FW
2368,0.19556784629821777,-12.644226675994991,2.2959618420470562e-05,FW,2.0987809566223124e-07,2.5903640493816233,-2.2959618420470562e-05,FW
2369,0.19564604759216309,-12.644226675997407,2.1862637041014654e-05,FW,2.1551813436585168e-07,2.5903641726036897,-2.1862637041014654e-05,FW
2370,0.19571518898010254,-12.644226675999768,2.127064297266501e-05,FW,2.060498829754969e-07,2.590364460930798,-2.127064297266501e-05,FW
2371,0.1957850456237793,-12.64422667600196,2.122637572063435e-05,FW,2.0236021960436838e-07,2.5903639899447746,-2.122637572063435e-05,FW
2372,0.19585323333740234,-12.644226676004104,2.152872757778257e-05,FW,2.2114071387856565e-07,2.590363930831173,-2.152872757778257e-05,FW
2373,0.1959230899810791,-12.644226676006484,2.1845011888510513e-05,FW,2.0947782088207947e-07,2.5903640662863223,-2.1845011888510513e-05,FW
2374,0.19599318504333496,-12.644226676008778,2.173382863586426e-05,FW,2.2213771893716007e-07,2.5903642672760294,-2.173382863586426e-05,FW
2375,0.19606304168701172,-12.644226676011185,2.14610128858872e-05,FW,2.191921728551373e-07,2.590364025001134,-2.14610128858872e-05,FW
2376,0.19613194465637207,-12.644226676013536,2.2759849810455313e-05,FW,2.1177537409100682e-07,2.5903637465166427,-2.2759849810455313e-05,FW
2377,0.19630908966064453,-12.644226676015954,2.1370291279035336e-05,FW,2.1966030568825473e-07,2.5903635058751946,-2.1370291279035336e-05,FW
2378,0.19646215438842773,-12.64422667601829,2.0816182789928916e-05,FW,1.9274206619947774e-07,2.590363953772318,-2.0816182789928916e-05,FW
2379,0.19661593437194824,-12.6442266760203,2.0763947596660892e-05,FW,2.2458230599314291e-07,2.5903642715842325,-2.0763947596660892e-05,FW
2380,0.19677305221557617,-12.644226676022633,2.1745641526349502e-05,FW,2.165653451602985e-07,2.590363970218833,-2.1745641526349502e-05,FW
2381,0.19692397117614746,-12.644226676024987,2.295392894137438e-05,FW,2.053812655177399e-07,2.5903637879032213,-2.295392894137438e-05,FW
2382,0.19707512855529785,-12.64422667602735,2.0037692064503454e-05,FW,2.0605056796631026e-07,2.5903635996425254,-2.0037692064503454e-05,FW
2383,0.19722700119018555,-12.644226676029408,2.0514594178136503e-05,FW,2.1055188745571448e-07,2.5903636298416406,-2.0514594178136503e-05,FW
2384,0.19737815856933594,-12.644226676031572,2.0757027171830478e-05,FW,1.9909957710769598e-07,2.590363874036027,-2.0757027171830478e-05,FW
2385,0.19752907752990723,-12.644226676033636,2.1756317143947768e-05,FW,2.026777963993423e-07,2.5903637778097894,-2.1756317143947768e-05,FW
2386,0.19763517379760742,-12.644226676035844,2.1988578040602058e-05,FW,2.0535049071804261e-07,2.5903639079591123,-2.1988578040602058e-05,FW
2387,0.19770598411560059,-12.644226676038102,1.9368195474309124e-05,FW,2.078391738017343e-07,2.5903637943411755,-1.9368195474309124e-05,FW
2388,0.19777417182922363,-12.644226676040113,1.9361817931717873e-05,FW,1.9036381893688302e-07,2.5903640000523547,-1.9361817931717873e-05,FW
2389,0.19784188270568848,-12.644226676041955,2.1422310984495208e-05,FW,2.089979080830089e-07,2.590363903256575,-2.1422310984495208e-05,FW
2390,0.19791102409362793,-12.644226676044193,2.118177101319285e-05,FW,2.004499095805887e-07,2.590363897434713,-2.118177101319285e-05,FW
2391,0.19797897338867188,-12.644226676046316,2.2141333718347922e-05,FW,2.1796335771008003e-07,2.5903638299899794,-2.2141333718347922e-05,FW
2392,0.19804716110229492,-12.644226676048724,1.8681960040678458e-05,FW,1.7452224454387648e-07,2.5903636674660864,-1.8681960040678458e-05,FW
2393,0.19811415672302246,-12.644226676050357,1.9747178548190636e-05,FW,2.0303936457623277e-07,2.5903636843951294,-1.9747178548190636e-05,FW
2394,0.19818902015686035,-12.644226676052364,2.070712546350939e-05,FW,2.0685172634856628e-07,2.590363696915141,-2.070712546350939e-05,FW
2395,0.1982579231262207,-12.644226676054506,2.1508015646043432e-05,FW,2.0412991582811147e-07,2.590363615002733,-2.1508015646043432e-05,FW
2396,0.19832825660705566,-12.644226676056704,1.990484678833504e-05,FW,1.921257421659671e-07,2.5903636993305486,-1.990484678833504e-05,FW
2397,0.19839692115783691,-12.644226676058617,2.0506642669892994e-05,FW,1.934723454862457e-07,2.590363633406466,-2.0506642669892994e-05,FW
2398,0.19846510887145996,-12.644226676060603,1.984915136099552e-05,FW,1.8660875410986767e-07,2.590363527309497,-1.984915136099552e-05,FW
2399,0.1985340118408203,-12.644226676062448,2.1880002748234095e-05,FW,2.0702704298112595e-07,2.5903637443267002,-2.1880002748234095e-05,FW
2400,0.19860410690307617,-12.644226676064712,1.9418723167713425e-05,FW,1.8156854206796064e-07,2.5903636020660645,-1.9418723167713425e-05,FW
2401,0.19867300987243652,-12.64422667606647,1.926955820792664e-05,FW,1.9882444214018263e-07,2.5903635776086897,-1.926955820792664e-05,FW
2402,0.19874000549316406,-12.64422667606839,1.932410995202083e-05,FW,2.0788042075848796e-07,2.590363657795277,-1.932410995202083e-05,FW
2403,0.19880914688110352,-12.644226676070396,2.020720730434855e-05,FW,1.9910060223117214e-07,2.5903637734539267,-2.020720730434855e-05,FW
2404,0.19887804985046387,-12.644226676072412,2.036346592956817e-05,FW,2.128390986949559e-07,2.5903635904129763,-2.036346592956817e-05,FW
2405,0.19894623756408691,-12.644226676074581,1.9681303931887162e-05,FW,2.0022921002616615e-07,2.5903636847718525,-1.9681303931887162e-05,FW
2406,0.19901490211486816,-12.644226676076546,1.9735872760856532e-05,FW,1.9180219734214632e-07,2.5903634852226176,-1.9735872760856532e-05,FW
2407,0.19908404350280762,-12.644226676078446,1.9689177094453503e-05,FW,2.0224778726315632e-07,2.5903634081448175,-1.9689177094453503e-05,FW
2408,0.19915294647216797,-12.644226676080436,2.0958498915119028e-05,FW,1.938014528437604e-07,2.5903635616255545,-2.0958498915119028e-05,FW
2409,0.19922304153442383,-12.644226676082463,1.9813942801191753e-05,FW,1.9342225107587576e-07,2.5903634324634535,-1.9813942801191753e-05,FW
2410,0.19929099082946777,-12.64422667608438,1.9321639692260195e-05,FW,1.9342478348915836e-07,2.5903634437934495,-1.9321639692260195e-05,FW
2411,0.19936013221740723,-12.644226676086245,1.9099063219507606e-05,FW,1.8248561580994232e-07,2.590363524178529,-1.9099063219507606e-05,FW
2412,0.19942903518676758,-12.644226676087985,1.912376740638433e-05,FW,2.0091306906123935e-07,2.5903634491442227,-1.912376740638433e-05,FW
2413,0.19949698448181152,-12.644226676089911,1.8503494330843195e-05,FW,1.8655558287682012e-07,2.5903635451416154,-1.8503494330843195e-05,FW
2414,0.1995689868927002,-12.644226676091632,2.0072268959878126e-05,FW,1.9359002183943985e-07,2.5903637266908723,-2.0072268959878126e-05,FW
2415,0.19963812828063965,-12.644226676093577,2.03626809027746e-05,FW,1.8849914495858718e-07,2.59036344757082,-2.03626809027746e-05,FW
2416,0.19970703125,-12.644226676095498,1.9523515695785143e-05,FW,1.84296532112782e-07,2.5903635377970278,-1.9523515695785143e-05,FW
2417,0.19977498054504395,-12.644226676097302,1.8235798179583318e-05,FW,1.7972041277775876e-07,2.5903634296467657,-1.8235798179583318e-05,FW
2418,0.19984221458435059,-12.64422667609894,1.9140731463057614e-05,FW,1.6491559389698423e-07,2.590363465500425,-1.9140731463057614e-05,FW
2419,0.19990992546081543,-12.644226676100518,1.941059189623784e-05,FW,1.9049257954593798e-07,2.5903635942518712,-1.941059189623784e-05,FW
2420,0.19997906684875488,-12.644226676102365,2.0215509169169144e-05,FW,1.9646225453291708e-07,2.590363375571347,-2.0215509169169144e-05,FW
2421,0.20004606246948242,-12.644226676104353,1.8256056997068004e-05,FW,1.8124602720621184e-07,2.5903633355584237,-1.8256056997068004e-05,FW
2422,0.20011305809020996,-12.644226676106003,1.8604552407833208e-05,FW,1.975203546429599e-07,2.5903633271658935,-1.8604552407833208e-05,FW
2423,0.20019102096557617,-12.644226676107843,1.8530583426323854e-05,FW,1.626882831016445e-07,2.5903629474283054,-1.8530583426323854e-05,FW
2424,0.20026922225952148,-12.644226676109346,1.932856344019629e-05,FW,1.9007572795596086e-07,2.590363194777284,-1.932856344019629e-05,FW
2425,0.20033788681030273,-12.644226676111186,1.942026588284962e-05,FW,1.9265185595988386e-07,2.5903632487949335,-1.942026588284962e-05,FW
2426,0.2004082202911377,-12.644226676113052,1.8147541777091547e-05,FW,1.872923176735519e-07,2.5903632612294407,-1.8147541777091547e-05,FW
2427,0.20047903060913086,-12.644226676114762,1.823974960264707e-05,FW,1.882836878770331e-07,2.5903632871242377,-1.823974960264707e-05,FW
2428,0.2005460262298584,-12.644226676116462,1.8969316427933092e-05,FW,1.9672710541766384e-07,2.590363147274099,-1.8969316427933092e-05,FW
2429,0.20061492919921875,-12.64422667611834,1.8921222580917108e-05,FW,1.7352585388879324e-07,2.5903630096762544,-1.8921222580917108e-05,FW
2430,0.2006850242614746,-12.644226676119983,1.8636007649980302e-05,FW,1.789066764445192e-07,2.590363216674604,-1.8636007649980302e-05,FW
2431,0.20075511932373047,-12.644226676121646,1.9169569266896946e-05,FW,1.9015125197915746e-07,2.5903631265840246,-1.9169569266896946e-05,FW
2432,0.20082306861877441,-12.64422667612347,1.7910992201969345e-05,FW,1.9151901455960326e-07,2.5903631354391927,-1.7910992201969345e-05,FW
2433,0.20089101791381836,-12.644226676125188,1.8333751899204942e-05,FW,1.6897404160321502e-07,2.5903628828718324,-1.8333751899204942e-05,FW
2434,0.20096206665039062,-12.644226676126733,1.8143450148597196e-05,FW,1.86019196537217e-07,2.5903630226837695,-1.8143450148597196e-05,FW
2435,0.20103096961975098,-12.64422667612842,1.885718027577754e-05,FW,1.7648596908278826e-07,2.590363182157778,-1.885718027577754e-05,FW
2436,0.20109915733337402,-12.644226676130085,1.8134457612645205e-05,FW,1.7646130801720023e-07,2.590363171056112,-1.8134457612645205e-05,FW
2437,0.20116901397705078,-12.644226676131684,1.8040692180226747e-05,FW,1.7870062280266802e-07,2.590363254829529,-1.8040692180226747e-05,FW
2438,0.20123815536499023,-12.644226676133298,1.8254549995905256e-05,FW,1.8053222958738072e-07,2.590362783216618,-1.8254549995905256e-05,FW
2439,0.20130586624145508,-12.644226676134949,1.7511038650719346e-05,FW,1.8327603475749164e-07,2.5903630256711847,-1.7511038650719346e-05,FW
2440,0.20137405395507812,-12.644226676136553,1.7075717131082024e-05,FW,1.7569030553931255e-07,2.5903631037733796,-1.7075717131082024e-05,FW
2441,0.2014460563659668,-12.644226676138052,1.7751171197899485e-05,FW,1.9445581871644392e-07,2.5903633495545897,-1.7751171197899485e-05,FW
2442,0.20151710510253906,-12.644226676139773,1.896821879060484e-05,FW,1.7455206750220397e-07,2.5903630341850836,-1.896821879060484e-05,FW
2443,0.20159387588500977,-12.644226676141436,1.860961673555428e-05,FW,1.7981644132420958e-07,2.590362565725971,-1.860961673555428e-05,FW
2444,0.20166397094726562,-12.644226676143107,1.7440862376025268e-05,FW,1.682285346219993e-07,2.5903629363034213,-1.7440862376025268e-05,FW
2445,0.20173406600952148,-12.64422667614457,1.7418107854216824e-05,FW,1.7023941503307663e-07,2.5903629472052314,-1.7418107854216824e-05,FW
2446,0.20180201530456543,-12.64422667614606,1.7456499075141352e-05,FW,1.6730536334217957e-07,2.5903627827055717,-1.7456499075141352e-05,FW
2447,0.2018730640411377,-12.644226676147518,1.8573544479080772e-05,FW,1.823799162024608e-07,2.590362979431561,-1.8573544479080772e-05,FW
2448,0.20194315910339355,-12.644226676149215,1.8541481946424132e-05,FW,1.6696941719723342e-07,2.590362899485076,-1.8541481946424132e-05,FW
2449,0.2020130157470703,-12.644226676150762,1.7794076127591874e-05,FW,1.6646812240282833e-07,2.590362819795853,-1.7794076127591874e-05,FW
2450,0.20208215713500977,-12.64422667615224,1.6552208673970004e-05,FW,1.6245942957928994e-07,2.5903628823942944,-1.6552208673970004e-05,FW
2451,0.20215106010437012,-12.644226676153583,1.7709059598136623e-05,FW,1.6436370897261697e-07,2.5903628533377114,-1.7709059598136623e-05,FW
2452,0.20222020149230957,-12.644226676155034,1.7830273581737055e-05,FW,1.789073216519186e-07,2.590362853736619,-1.7830273581737055e-05,FW
2453,0.20228791236877441,-12.644226676156638,1.683800194102192e-05,FW,1.5892340359372844e-07,2.5903627399010882,-1.683800194102192e-05,FW
2454,0.20235705375671387,-12.644226676157974,1.7440243794852872e-05,FW,1.7028569783813035e-07,2.5903628319620666,-1.7440243794852872e-05,FW
2455,0.20242524147033691,-12.644226676159462,1.7647769435247262e-05,FW,1.7374448983755057e-07,2.590363017245956,-1.7647769435247262e-05,FW
2456,0.20249414443969727,-12.644226676160988,1.637599531767453e-05,FW,1.508848736081072e-07,2.590362827281272,-1.637599531767453e-05,FW
2457,0.20256304740905762,-12.644226676162223,1.7682420027698154e-05,FW,1.6986870797140218e-07,2.590362935176888,-1.7682420027698154e-05,FW
2458,0.20263195037841797,-12.644226676163727,1.7174386226004312e-05,FW,1.6830315708300071e-07,2.590362852642737,-1.7174386226004312e-05,FW
2459,0.20270204544067383,-12.644226676165172,1.6094901259741667e-05,FW,1.7707919877155662e-07,2.590362992306607,-1.6094901259741667e-05,FW
2460,0.20277094841003418,-12.644226676166598,1.709386547488201e-05,FW,1.887664959768406e-07,2.5903627863073195,-1.709386547488201e-05,FW
2461,0.20283913612365723,-12.644226676168211,1.7329398882173774e-05,FW,1.6482780778388708e-07,2.5903626220814147,-1.7329398882173774e-05,FW
2462,0.20290803909301758,-12.64422667616964,1.7207578125816303e-05,FW,1.7965544234486803e-07,2.590362813023035,-1.7207578125816303e-05,FW
2463,0.20297718048095703,-12.64422667617118,1.7506770947528505e-05,FW,1.7381663042621026e-07,2.590362771049846,-1.7506770947528505e-05,FW
2464,0.20304608345031738,-12.644226676172703,1.6318587821639863e-05,FW,1.8700685533508457e-07,2.5903627808878276,-1.6318587821639863e-05,FW
2465,0.20311617851257324,-12.644226676174236,1.6269323082990228e-05,FW,1.6299732341883415e-07,2.5903626246361684,-1.6269323082990228e-05,FW
2466,0.20318603515625,-12.644226676175562,1.687094323302163e-05,FW,1.595676282027606e-07,2.5903626795805974,-1.687094323302163e-05,FW
2467,0.20325613021850586,-12.6442266761769,1.731542430331856e-05,FW,1.7446559862010972e-07,2.5903627230158004,-1.731542430331856e-05,FW
2468,0.20332598686218262,-12.64422667617841,1.6519322674796166e-05,FW,1.679658982701311e-07,2.590362713907249,-1.6519322674796166e-05,FW
2469,0.20339417457580566,-12.644226676179803,1.6293207342324423e-05,FW,1.7115316070137303e-07,2.5903627389402772,-1.6293207342324423e-05,FW
2470,0.20346403121948242,-12.644226676181194,1.6159301395868297e-05,FW,1.493936915533607e-07,2.5903625559976518,-1.6159301395868297e-05,FW
2471,0.20353317260742188,-12.6442266761824,1.7607195955671173e-05,FW,1.889130855034531e-07,2.5903624594579067,-1.7607195955671173e-05,FW
2472,0.20360088348388672,-12.644226676184068,1.6407929280495837e-05,FW,1.5623047057069814e-07,2.5903622614883157,-1.6407929280495837e-05,FW
2473,0.20367217063903809,-12.644226676185344,1.6883618883772877e-05,FW,1.6774672436884426e-07,2.590362689741992,-1.6883618883772877e-05,FW
2474,0.20374107360839844,-12.644226676186763,1.6151439552872238e-05,FW,1.5797538582253596e-07,2.590362550056982,-1.6151439552872238e-05,FW
2475,0.2038118839263916,-12.644226676188044,1.6869913562672645e-05,FW,1.5534079340403276e-07,2.5903623532939726,-1.6869913562672645e-05,FW
2476,0.20388007164001465,-12.644226676189344,1.6799264817707327e-05,FW,1.5625112152604688e-07,2.5903624715105673,-1.6799264817707327e-05,FW
2477,0.2039501667022705,-12.64422667619066,1.6052118679180105e-05,FW,1.5784871782964546e-07,2.5903625247016415,-1.6052118679180105e-05,FW
2478,0.20401811599731445,-12.644226676191927,1.5405788260758335e-05,FW,1.4363213767755965e-07,2.590362729579321,-1.5405788260758335e-05,FW
2479,0.2040870189666748,-12.644226676193037,1.7403008191738123e-05,FW,1.6441697265926622e-07,2.5903625661895293,-1.7403008191738123e-05,FW
2480,0.20415592193603516,-12.644226676194467,1.572130910745817e-05,FW,1.5620478351248505e-07,2.590362508382634,-1.572130910745817e-05,FW
2481,0.2042241096496582,-12.644226676195695,1.616397405711234e-05,FW,1.463207529969003e-07,2.5903625086620097,-1.616397405711234e-05,FW
2482,0.20429301261901855,-12.644226676196881,1.5654463825537368e-05,FW,1.4865289997272817e-07,2.590362402525279,-1.5654463825537368e-05,FW
2483,0.2043609619140625,-12.644226676198041,1.576777629398729e-05,FW,1.6000214887013425e-07,2.590362437459483,-1.576777629398729e-05,FW
2484,0.20443010330200195,-12.644226676199303,1.5662948833303214e-05,FW,1.6159575641198097e-07,2.590362574839158,-1.5662948833303214e-05,FW
2485,0.2044990062713623,-12.644226676200566,1.5942042579347726e-05,FW,1.584125830602613e-07,2.5903624614464094,-1.5942042579347726e-05,FW
2486,0.20456504821777344,-12.644226676201834,1.5621649701508256e-05,FW,1.6925794995451285e-07,2.59036244855717,-1.5621649701508256e-05,FW
2487,0.2046339511871338,-12.644226676203157,1.5985575502780458e-05,FW,1.759020818359001e-07,2.59036246197933,-1.5985575502780458e-05,FW
2488,0.20470309257507324,-12.644226676204555,1.6497850840985206e-05,FW,1.5806544584514097e-07,2.5903623300263248,-1.6497850840985206e-05,FW
2489,0.2047710418701172,-12.644226676205859,1.6044530693315462e-05,FW,1.6285093195998516e-07,2.590362294993884,-1.6044530693315462e-05,FW
2490,0.20483899116516113,-12.64422667620717,1.5460141122178306e-05,FW,1.4594126852175524e-07,2.590362067218693,-1.5460141122178306e-05,FW
2491,0.20490717887878418,-12.644226676208296,1.6051129372265938e-05,FW,1.5539931532985803e-07,2.5903621019850576,-1.6051129372265938e-05,FW
2492,0.20497584342956543,-12.644226676209541,1.5654851326360464e-05,FW,1.485778386744457e-07,2.5903624209039844,-1.5654851326360464e-05,FW
2493,0.2050461769104004,-12.644226676210714,1.5216185627442425e-05,FW,1.4318232002098242e-07,2.590362272049375,-1.5216185627442425e-05,FW
2494,0.20511221885681152,-12.644226676211796,1.557765277698797e-05,FW,1.5195930320601917e-07,2.5903624167041883,-1.557765277698797e-05,FW
2495,0.20517992973327637,-12.64422667621298,1.5546445894867866e-05,FW,1.6137104249076598e-07,2.5903622490083476,-1.5546445894867866e-05,FW
2496,0.20524907112121582,-12.644226676214233,1.5138487220026087e-05,FW,1.4358692147653981e-07,2.5903621872042635,-1.5138487220026087e-05,FW
2497,0.20531606674194336,-12.644226676215322,1.5216015880475942e-05,FW,1.531002690440879e-07,2.5903623867390344,-1.5216015880475942e-05,FW
2498,0.2053840160369873,-12.644226676216485,1.5203951694797713e-05,FW,1.5404118758933155e-07,2.590362246086181,-1.5203951694797713e-05,FW
2499,0.20545220375061035,-12.644226676217654,1.4612836175459387e-05,FW,1.4345539204305665e-07,2.5903623895812244,-1.4612836175459387e-05,FW
2500,0.2056140899658203,-12.644226676218702,1.5327228350348054e-05,FW,1.587753182372333e-07,2.5903622472128474,-1.5327228350348054e-05,FW
2501,0.20577692985534668,-12.644226676219917,1.538369050943511e-05,FW,1.5867458768548091e-07,2.5903624751059264,-1.538369050943511e-05,FW
2502,0.20593500137329102,-12.644226676221148,1.4946611195290616e-05,FW,1.5283917684834107e-07,2.590362404403965,-1.4946611195290616e-05,FW
2503,0.20609211921691895,-12.644226676222285,1.5288041100791627e-05,FW,1.4902074473804788e-07,2.590362247726196,-1.5288041100791627e-05,FW
2504,0.20624709129333496,-12.644226676223425,1.5546555397039086e-05,FW,1.503874098731301e-07,2.5903623439519685,-1.5546555397039086e-05,FW
2505,0.2064058780670166,-12.644226676224589,1.5095794574634946e-05,FW,1.5240657548137863e-07,2.5903623251396124,-1.5095794574634946e-05,FW
2506,0.2065589427947998,-12.644226676225749,1.5107461142985223e-05,FW,1.440782329679527e-07,2.59036222610281,-1.5107461142985223e-05,FW
2507,0.20671391487121582,-12.644226676226832,1.4950546373238005e-05,FW,1.589593183171221e-07,2.5903622751245514,-1.4950546373238005e-05,FW
2508,0.20687103271484375,-12.644226676228023,1.4645112439495844e-05,FW,1.342285493477054e-07,2.5903621929747627,-1.4645112439495844e-05,FW
2509,0.20702385902404785,-12.644226676229007,1.4922508318054861e-05,FW,1.3658150908659797e-07,2.5903622260792676,-1.4922508318054861e-05,FW
2510,0.20717692375183105,-12.64422667623002,1.54491769160936e-05,FW,1.4124448131739845e-07,2.590362323143167,-1.54491769160936e-05,FW
2511,0.20733022689819336,-12.644226676231114,1.4967949140159975e-05,FW,1.5452088222552838e-07,2.590362310561175,-1.4967949140159975e-05,FW
2512,0.20748305320739746,-12.644226676232265,1.4501047332013406e-05,FW,1.4922421776007607e-07,2.59036215713295,-1.4501047332013406e-05,FW
2513,0.2075810432434082,-12.64422667623335,1.4863280893770425e-05,FW,1.436984573803074e-07,2.5903619810517196,-1.4863280893770425e-05,FW
2514,0.20765113830566406,-12.644226676234421,1.4261217424996198e-05,FW,1.4076164161139116e-07,2.5903620087389756,-1.4261217424996198e-05,FW
2515,0.20772004127502441,-12.644226676235423,1.4951810154789635e-05,FW,1.5155581805916413e-07,2.5903621098580474,-1.4951810154789635e-05,FW
2516,0.20778918266296387,-12.644226676236554,1.4899318734717948e-05,FW,1.3840251033015396e-07,2.5903623565820753,-1.4899318734717948e-05,FW
2517,0.20785903930664062,-12.64422667623759,1.4391038625216623e-05,FW,1.5165038794310256e-07,2.590362076431983,-1.4391038625216623e-05,FW
2518,0.20792818069458008,-12.644226676238677,1.484107407973001e-05,FW,1.4767542131324654e-07,2.590361960734568,-1.484107407973001e-05,FW
2519,0.20799708366394043,-12.644226676239773,1.4180403072938663e-05,FW,1.4297361440102213e-07,2.5903619917851604,-1.4180403072938663e-05,FW
2520,0.20806622505187988,-12.644226676240791,1.4384508652598438e-05,FW,1.3956305289706286e-07,2.590362132368243,-1.4384508652598438e-05,FW
2521,0.20813488960266113,-12.644226676241791,1.4698823205996914e-05,FW,1.464698968524937e-07,2.590362291018897,-1.4698823205996914e-05,FW
2522,0.20820307731628418,-12.644226676242868,1.4419150043562534e-05,FW,1.4878389853845074e-07,2.590362088857447,-1.4419150043562534e-05,FW
2523,0.20827293395996094,-12.644226676243942,1.4385103322495096e-05,FW,1.3823578153158683e-07,2.5903619725713085,-1.4385103322495096e-05,FW
2524,0.20834112167358398,-12.644226676244935,1.4575287863333175e-05,FW,1.4150564098949975e-07,2.5903621022837,-1.4575287863333175e-05,FW
2525,0.20841193199157715,-12.64422667624596,1.4434825934564466e-05,FW,1.4281596615440493e-07,2.5903621806636,-1.4434825934564466e-05,FW
2526,0.2084810733795166,-12.644226676246996,1.3539844655255373e-05,FW,1.3489002641018735e-07,2.5903619969271188,-1.3539844655255373e-05,FW
2527,0.20854902267456055,-12.644226676247905,1.3631067794728224e-05,FW,1.4151840096566577e-07,2.5903619698835114,-1.3631067794728224e-05,FW
2528,0.2086181640625,-12.644226676248874,1.435789786846664e-05,FW,1.536417698033758e-07,2.590362045656333,-1.435789786846664e-05,FW
2529,0.20868802070617676,-12.644226676249971,1.3867578619569665e-05,FW,1.42660634260768e-07,2.590362045032822,-1.3867578619569665e-05,FW
2530,0.2087550163269043,-12.644226676250966,1.4314033956033811e-05,FW,1.4654803784064928e-07,2.5903619288515705,-1.4314033956033811e-05,FW
2531,0.20882511138916016,-12.644226676252021,1.3681765360817888e-05,FW,1.3109416334705476e-07,2.590361854201151,-1.3681765360817888e-05,FW
2532,0.2088930606842041,-12.644226676252908,1.4700813339846297e-05,FW,1.3838580042325886e-07,2.5903619149623474,-1.4700813339846297e-05,FW
2533,0.20896220207214355,-12.644226676253933,1.4387789833966713e-05,FW,1.4121821860963871e-07,2.59036194368241,-1.4387789833966713e-05,FW
2534,0.2090299129486084,-12.644226676254945,1.2891396701922297e-05,FW,1.2329704939463243e-07,2.5903620610829416,-1.2891396701922297e-05,FW
2535,0.20909905433654785,-12.644226676255737,1.4379320010651786e-05,FW,1.4925862756301848e-07,2.590362125133848,-1.4379320010651786e-05,FW
2536,0.2091689109802246,-12.644226676256812,1.3715225567423328e-05,FW,1.4027625461936156e-07,2.590361920081722,-1.3715225567423328e-05,FW
2537,0.20923709869384766,-12.644226676257771,1.3908313021643304e-05,FW,1.3391984097901603e-07,2.5903619119327073,-1.3908313021643304e-05,FW
2538,0.209306001663208,-12.644226676258706,1.3555607317611296e-05,FW,1.3507120501447967e-07,2.59036188701366,-1.3555607317611296e-05,FW
2539,0.20937514305114746,-12.644226676259624,1.3724074705220857e-05,FW,1.3677000417227474e-07,2.5903618230272905,-1.3724074705220857e-05,FW
2540,0.20945215225219727,-12.644226676260566,1.3464804950791276e-05,FW,1.3251637319668849e-07,2.590361859013362,-1.3464804950791276e-05,FW
2541,0.20952105522155762,-12.644226676261457,1.3522321946235483e-05,FW,1.2829291980391748e-07,2.5903617655318705,-1.3522321946235483e-05,FW
2542,0.20959210395812988,-12.644226676262324,1.4102386033928993e-05,FW,1.3354849557404275e-07,2.590361909631876,-1.4102386033928993e-05,FW
2543,0.20966410636901855,-12.644226676263262,1.3818013615676805e-05,FW,1.3094408142513075e-07,2.59036171255604,-1.3818013615676805e-05,FW
2544,0.2097339630126953,-12.644226676264166,1.312720783183674e-05,FW,1.2775455523725318e-07,2.59036185971974,-1.312720783183674e-05,FW
2545,0.20980620384216309,-12.644226676265005,1.3223634932141293e-05,FW,1.305398588120639e-07,2.590361885502848,-1.3223634932141293e-05,FW
2546,0.20987510681152344,-12.644226676265864,1.3524400446704443e-05,FW,1.2339436232191777e-07,2.590361868713661,-1.3524400446704443e-05,FW
2547,0.2099442481994629,-12.644226676266701,1.3830399362646517e-05,FW,1.3080951400447924e-07,2.590361869609469,-1.3830399362646517e-05,FW
2548,0.21001410484313965,-12.644226676267603,1.332344119804596e-05,FW,1.2691977999670845e-07,2.5903617102781697,-1.332344119804596e-05,FW
2549,0.2100839614868164,-12.644226676268453,1.3437911878966258e-05,FW,1.2784500700570137e-07,2.5903617159280214,-1.3437911878966258e-05,FW
2550,0.21015405654907227,-12.644226676269309,1.2210544539439927e-05,FW,1.3000449963580113e-07,2.590361826512907,-1.2210544539439927e-05,FW
2551,0.21022391319274902,-12.644226676270106,1.3230146326412284e-05,FW,1.2943572710702707e-07,2.5903617977238147,-1.3230146326412284e-05,FW
2552,0.21029305458068848,-12.644226676270966,1.3257125348886678e-05,FW,1.476917553314956e-07,2.590361707134786,-1.3257125348886678e-05,FW
2553,0.21036291122436523,-12.644226676271936,1.3278991293136366e-05,FW,1.303830462185489e-07,2.590361810090742,-1.3278991293136366e-05,FW
2554,0.2104320526123047,-12.644226676272806,1.3018727678282271e-05,FW,1.2222504081190944e-07,2.5903616178712485,-1.3018727678282271e-05,FW
2555,0.21050310134887695,-12.644226676273599,1.343932873150433e-05,FW,1.2822759004675317e-07,2.5903618717044155,-1.343932873150433e-05,FW
2556,0.2105710506439209,-12.644226676274466,1.3299351666912207e-05,FW,1.2354465816676794e-07,2.59036174825711,-1.3299351666912207e-05,FW
2557,0.21064090728759766,-12.64422667627528,1.3367189132126867e-05,FW,1.404176940446801e-07,2.5903617777382886,-1.3367189132126867e-05,FW
2558,0.21071314811706543,-12.644226676276224,1.3128928437605714e-05,FW,1.1838081758711813e-07,2.590361574716938,-1.3128928437605714e-05,FW
2559,0.2107841968536377,-12.644226676276997,1.2977173131312192e-05,FW,1.1984392101790014e-07,2.590361525416627,-1.2977173131312192e-05,FW
2560,0.21085286140441895,-12.644226676277782,1.2802952765705866e-05,FW,1.195362101402265e-07,2.5903616172028663,-1.2802952765705866e-05,FW
2561,0.2109231948852539,-12.64422667627854,1.3121824353271028e-05,FW,1.2948007919393885e-07,2.590361691230464,-1.3121824353271028e-05,FW
2562,0.21099305152893066,-12.644226676279398,1.2733024312649999e-05,FW,1.2710634216433233e-07,2.590361706455744,-1.2733024312649999e-05,FW
2563,0.21106314659118652,-12.6442266762802,1.26926635739405e-05,FW,1.2379960544584824e-07,2.5903615762551073,-1.26926635739405e-05,FW
2564,0.2111339569091797,-12.644226676280985,1.2890581977689775e-05,FW,1.250502261543385e-07,2.5903615951992274,-1.2890581977689775e-05,FW
2565,0.21120429039001465,-12.64422667628179,1.3002762538433243e-05,FW,1.305419879277962e-07,2.5903614422537373,-1.3002762538433243e-05,FW
2566,0.2112741470336914,-12.64422667628264,1.2867439020125548e-05,FW,1.251440000470812e-07,2.5903614879888153,-1.2867439020125548e-05,FW
2567,0.21134400367736816,-12.644226676283445,1.2584511219715377e-05,FW,1.225748215598373e-07,2.590361684902751,-1.2584511219715377e-05,FW
2568,0.2114250659942627,-12.644226676284223,1.2979734455756398e-05,FW,1.1510463879185235e-07,2.590361527892701,-1.2979734455756398e-05,FW
2569,0.21149802207946777,-12.644226676284966,1.2280974043210602e-05,FW,1.1982508091948452e-07,2.590361591389135,-1.2280974043210602e-05,FW
2570,0.21156692504882812,-12.644226676285697,1.2054923564069897e-05,FW,1.2502827786331543e-07,2.590361613068155,-1.2054923564069897e-05,FW
2571,0.21163511276245117,-12.644226676286458,1.3134583197654814e-05,FW,1.193816352825848e-07,2.5903615387854444,-1.3134583197654814e-05,FW
2572,0.21170425415039062,-12.644226676287238,1.2421154436004223e-05,FW,1.2348772120258966e-07,2.5903615878001527,-1.2421154436004223e-05,FW
2573,0.21177196502685547,-12.644226676288001,1.2689580471514361e-05,FW,1.1545031284607392e-07,2.5903615600885805,-1.2689580471514361e-05,FW
2574,0.21184325218200684,-12.644226676288737,1.2620088088208248e-05,FW,1.241288050317095e-07,2.590361613874233,-1.2620088088208248e-05,FW
2575,0.21191191673278809,-12.644226676289517,1.200718022303926e-05,FW,1.1877415508662836e-07,2.590361511482311,-1.200718022303926e-05,FW
2576,0.21198296546936035,-12.644226676290236,1.1975016547149941e-05,FW,1.2288377551609954e-07,2.590361425743946,-1.1975016547149941e-05,FW
2577,0.2120521068572998,-12.644226676290971,1.2832613398655601e-05,FW,1.2336616739570274e-07,2.5903615417927517,-1.2832613398655601e-05,FW
2578,0.21212005615234375,-12.644226676291762,1.2350939455063603e-05,FW,1.2177870121520484e-07,2.590361531076465,-1.2350939455063603e-05,FW
2579,0.21219110488891602,-12.64422667629251,1.2266349378620145e-05,FW,1.1429587286183403e-07,2.5903616072673485,-1.2266349378620145e-05,FW
2580,0.21226096153259277,-12.644226676293217,1.209323337640622e-05,FW,1.261674364214132e-07,2.590361537384513,-1.209323337640622e-05,FW
2581,0.21233010292053223,-12.644226676293977,1.1991220148055426e-05,FW,1.164759948620849e-07,2.590361460492003,-1.1991220148055426e-05,FW
2582,0.21239709854125977,-12.644226676294677,1.2741690153486585e-05,FW,1.323817710341127e-07,2.590361392388495,-1.2741690153486585e-05,FW
2583,0.21246600151062012,-12.64422667629552,1.203532698100529e-05,FW,1.1568746742090354e-07,2.590361422805687,-1.203532698100529e-05,FW
2584,0.21253609657287598,-12.644226676296217,1.2374470699128004e-05,FW,1.1304259819589507e-07,2.5903615128448356,-1.2374470699128004e-05,FW
2585,0.21260285377502441,-12.644226676296913,1.1729230057516693e-05,FW,1.086040250192273e-07,2.590361232045318,-1.1729230057516693e-05,FW
2586,0.21267199516296387,-12.64422667629755,1.2561342345313031e-05,FW,1.212182924307642e-07,2.5903613384837954,-1.2561342345313031e-05,FW
2587,0.21274018287658691,-12.644226676298313,1.1236136855080625e-05,FW,1.21390122454185e-07,2.590361452109931,-1.1236136855080625e-05,FW
2588,0.21280908584594727,-12.644226676298993,1.18994050689325e-05,FW,1.2186714219130668e-07,2.5903613993901824,-1.18994050689325e-05,FW
2589,0.21287989616394043,-12.644226676299724,1.2507016157209394e-05,FW,1.2101925583541343e-07,2.5903614112620352,-1.2507016157209394e-05,FW
2590,0.21294808387756348,-12.644226676300477,1.1808748460087615e-05,FW,1.1386125491346186e-07,2.590361217303059,-1.1808748460087615e-05,FW
2591,0.21301794052124023,-12.644226676301152,1.2156514540576091e-05,FW,1.0974992176326624e-07,2.5903613520871653,-1.2156514540576091e-05,FW
2592,0.2130880355834961,-12.64422667630182,1.1691372342775841e-05,FW,1.0871331404754509e-07,2.590361337561635,-1.1691372342775841e-05,FW
2593,0.21315789222717285,-12.644226676302452,1.2283486283654055e-05,FW,1.175514730474779e-07,2.5903613259045053,-1.2283486283654055e-05,FW
2594,0.2132260799407959,-12.644226676303175,1.1816339196057957e-05,FW,1.1832281493565345e-07,2.5903613809421757,-1.1816339196057957e-05,FW
2595,0.21329426765441895,-12.644226676303868,1.128262209826314e-05,FW,1.1561723919057077e-07,2.590361330728603,-1.128262209826314e-05,FW
2596,0.2133641242980957,-12.644226676304525,1.163801608977666e-05,FW,1.1058777373984831e-07,2.59036124187493,-1.163801608977666e-05,FW
2597,0.21344900131225586,-12.64422667630517,1.1513225271597705e-05,FW,1.2027655259049952e-07,2.5903612733648287,-1.1513225271597705e-05,FW
2598,0.2135181427001953,-12.64422667630586,1.2088435917725904e-05,FW,1.1226624144852161e-07,2.5903612546681205,-1.2088435917725904e-05,FW
2599,0.21364092826843262,-12.644226676306547,1.1875064132665925e-05,FW,1.058697174528928e-07,2.5903612310766704,-1.1875064132665925e-05,FW
2600,0.21370911598205566,-12.644226676307168,1.1885344411877163e-05,FW,1.2246337963994229e-07,2.5903612890984093,-1.1885344411877163e-05,FW
2601,0.2137770652770996,-12.644226676307897,1.1294769443448427e-05,FW,1.0661640216760972e-07,2.590361113067864,-1.1294769443448427e-05,FW
2602,0.21384620666503906,-12.644226676308497,1.1284080880788472e-05,FW,1.1047667267031611e-07,2.5903612516412053,-1.1284080880788472e-05,FW
2603,0.2139139175415039,-12.644226676309119,1.1254943796043526e-05,FW,1.2576857123059204e-07,2.5903611348228366,-1.1254943796043526e-05,FW
2604,0.21398305892944336,-12.64422667630983,1.1534534405610586e-05,FW,1.1593739650474171e-07,2.5903611203812975,-1.1534534405610586e-05,FW
2605,0.2140500545501709,-12.644226676310495,1.1294064466718656e-05,FW,1.2395201629427717e-07,2.590361297327845,-1.1294064466718656e-05,FW
2606,0.21411895751953125,-12.644226676311195,1.1166281210645002e-05,FW,1.0784751904717548e-07,2.5903611630615244,-1.1166281210645002e-05,FW
2607,0.2141871452331543,-12.6442266763118,1.1514099513734721e-05,FW,1.1635337290298009e-07,2.5903612183097784,-1.1514099513734721e-05,FW
2608,0.21425604820251465,-12.644226676312469,1.1938216527965229e-05,FW,1.2081828698458077e-07,2.5903612233124327,-1.1938216527965229e-05,FW
2609,0.214324951171875,-12.644226676313197,1.1186907207028085e-05,FW,1.1083291624114428e-07,2.5903612177305484,-1.1186907207028085e-05,FW
2610,0.21439385414123535,-12.644226676313815,1.1199301176184617e-05,FW,1.0953088002783909e-07,2.5903612443870534,-1.1199301176184617e-05,FW
2611,0.2144620418548584,-12.644226676314428,1.1314314621410637e-05,FW,1.1835399343316547e-07,2.590361181011722,-1.1314314621410637e-05,FW
2612,0.21453118324279785,-12.644226676315096,1.1306422297477359e-05,FW,1.0436422580232887e-07,2.59036107719757,-1.1306422297477359e-05,FW
2613,0.2145988941192627,-12.644226676315684,1.0930771027484187e-05,FW,1.0987735517087465e-07,2.5903611862877978,-1.0930771027484187e-05,FW
2614,0.21466803550720215,-12.644226676316281,1.1179509677730626e-05,FW,1.0093319314817013e-07,2.5903611291038713,-1.1179509677730626e-05,FW
2615,0.2147369384765625,-12.644226676316851,1.1250698949819005e-05,FW,1.0603922186626808e-07,2.5903611275465894,-1.1250698949819005e-05,FW
2616,0.21480393409729004,-12.644226676317446,1.0737715036943096e-05,FW,1.1517575365055838e-07,2.590361250786707,-1.0737715036943096e-05,FW
2617,0.21487212181091309,-12.64422667631807,1.1257934906638845e-05,FW,1.0502647407060946e-07,2.590361106084889,-1.1257934906638845e-05,FW
2618,0.21494007110595703,-12.644226676318661,1.1033719593434022e-05,FW,1.1240388301838934e-07,2.590361183063713,-1.1033719593434022e-05,FW
2619,0.21500706672668457,-12.64422667631927,1.0479887125450227e-05,FW,1.040490534679624e-07,2.590361017037946,-1.0479887125450227e-05,FW
2620,0.21507525444030762,-12.644226676319823,1.1233481471195628e-05,FW,1.084547339508637e-07,2.5903611199038235,-1.1233481471195628e-05,FW
2621,0.21514296531677246,-12.644226676320429,1.1158440804334702e-05,FW,1.035378279474942e-07,2.5903610672169215,-1.1158440804334702e-05,FW
2622,0.2152111530303955,-12.644226676321006,1.0955170996168606e-05,FW,1.114948719976085e-07,2.590361173595676,-1.0955170996168606e-05,FW
2623,0.21527814865112305,-12.64422667632162,1.0677611705048329e-05,FW,1.0558054419864169e-07,2.590361184197414,-1.0677611705048329e-05,FW
2624,0.215346097946167,-12.644226676322178,1.0876194193251698e-05,FW,1.0883863692921911e-07,2.5903610609370222,-1.0876194193251698e-05,FW
2625,0.2154231071472168,-12.644226676322777,1.0858453663581402e-05,FW,1.0566525024961839e-07,2.590361011505352,-1.0858453663581402e-05,FW
2626,0.21549224853515625,-12.644226676323349,1.1148124279949934e-05,FW,1.0899284832307441e-07,2.5903609419012006,-1.1148124279949934e-05,FW
2627,0.21556401252746582,-12.644226676323955,1.0839485360070178e-05,FW,1.0074023763938741e-07,2.5903609936774266,-1.0839485360070178e-05,FW
2628,0.2156369686126709,-12.6442266763245,1.0610167230098999e-05,FW,1.0887875911824304e-07,2.5903610437728064,-1.0610167230098999e-05,FW
2629,0.21570706367492676,-12.644226676325072,1.07643488900383e-05,FW,1.021602703613159e-07,2.5903610165544997,-1.07643488900383e-05,FW
2630,0.21597909927368164,-12.644226676325632,1.0701916822453139e-05,FW,1.0586346656383996e-07,2.5903609661679945,-1.0701916822453139e-05,FW
2631,0.216048002243042,-12.644226676326195,1.0356500528149737e-05,FW,1.1133383673675356e-07,2.5903610216936137,-1.0356500528149737e-05,FW
2632,0.21611809730529785,-12.644226676326774,1.0420266658567323e-05,FW,1.0188994094913855e-07,2.59036096844716,-1.0420266658567323e-05,FW
2633,0.2161870002746582,-12.644226676327301,1.0286193830283397e-05,FW,9.948012621314146e-08,2.5903610080897215,-1.0286193830283397e-05,FW
2634,0.21625614166259766,-12.644226676327818,1.1415629270400407e-05,FW,1.1644447027026015e-07,2.590361067151221,-1.1415629270400407e-05,FW
2635,0.21632599830627441,-12.644226676328481,9.955335684166955e-06,FW,1.0174271618718572e-07,2.590360981378146,-9.955335684166955e-06,FW
2636,0.21639394760131836,-12.644226676328987,9.917744038454024e-06,FW,1.0234348276422008e-07,2.590360849009982,-9.917744038454024e-06,FW
2637,0.21646404266357422,-12.644226676329495,1.0733778797511473e-05,FW,1.0743935618616387e-07,2.590360814342755,-1.0733778797511473e-05,FW
2638,0.21653318405151367,-12.644226676330073,1.1061319682842408e-05,FW,1.0380211754759038e-07,2.59036083582214,-1.1061319682842408e-05,FW
2639,0.21660113334655762,-12.644226676330648,1.050111096251305e-05,FW,1.0236541052178411e-07,2.590360979583419,-1.050111096251305e-05,FW
2640,0.21667003631591797,-12.644226676331177,1.051539128120449e-05,FW,9.841392153756202e-08,2.5903609859813392,-1.051539128120449e-05,FW
2641,0.21673822402954102,-12.644226676331698,1.0220132910174207e-05,FW,1.0213256052140055e-07,2.5903608937799465,-1.0220132910174207e-05,FW
2642,0.21680903434753418,-12.644226676332217,1.0165101906267626e-05,FW,1.0144770514172633e-07,2.590360951811411,-1.0165101906267626e-05,FW
2643,0.21687722206115723,-12.644226676332734,1.0204632124963253e-05,FW,9.56324507955353e-08,2.590360944789166,-1.0204632124963253e-05,FW
2644,0.21694493293762207,-12.644226676333226,1.0163049072142716e-05,FW,1.0019780618490371e-07,2.5903610270995228,-1.0163049072142716e-05,FW
2645,0.21701407432556152,-12.644226676333732,1.0434255079974641e-05,FW,9.951118084561774e-08,2.5903609840012556,-1.0434255079974641e-05,FW
2646,0.21708106994628906,-12.644226676334254,1.017439728059899e-05,FW,1.0770107385186436e-07,2.5903609398357954,-1.017439728059899e-05,FW
2647,0.21714997291564941,-12.6442266763348,9.80540381323447e-06,FW,1.0688608114582356e-07,2.5903610098002385,-9.80540381323447e-06,FW
2648,0.21721816062927246,-12.644226676335325,9.897476636072655e-06,FW,9.468429962186052e-08,2.590360932014236,-9.897476636072655e-06,FW
2649,0.2172870635986328,-12.644226676335789,1.0435835699471041e-05,FW,1.0376172266953432e-07,2.590360948223984,-1.0435835699471041e-05,FW
2650,0.2173631191253662,-12.644226676336334,1.0369366300735927e-05,FW,9.608733399621509e-08,2.5903608569830814,-1.0369366300735927e-05,FW
2651,0.21743321418762207,-12.64422667633683,1.0080830660952333e-05,FW,9.979516914772055e-08,2.590360938473573,-1.0080830660952333e-05,FW
2652,0.21750211715698242,-12.644226676337333,9.787990133569568e-06,FW,1.1142715392680288e-07,2.5903608749163536,-9.787990133569568e-06,FW
2653,0.21757292747497559,-12.644226676337876,9.61267535713739e-06,FW,9.562372533862463e-08,2.590360816568349,-9.61267535713739e-06,FW
2654,0.21764898300170898,-12.64422667633834,1.0150196144309565e-05,FW,1.0067759836180537e-07,2.5903607938134567,-1.0150196144309565e-05,FW
2655,0.21771717071533203,-12.644226676338848,1.0701482325001233e-05,FW,1.0603042740941806e-07,2.590360835699721,-1.0701482325001233e-05,FW
2656,0.2177870273590088,-12.644226676339416,9.575665893740704e-06,FW,1.0175766013206549e-07,2.590360795395851,-9.575665893740704e-06,FW
2657,0.21785497665405273,-12.644226676339903,9.843756550373395e-06,FW,9.292015858405765e-08,2.590360814524748,-9.843756550373395e-06,FW
2658,0.21792316436767578,-12.644226676340363,9.869686729807592e-06,FW,9.864345608540426e-08,2.5903608338570514,-9.869686729807592e-06,FW
2659,0.21799302101135254,-12.644226676340852,1.0352946235109295e-05,FW,9.926675934619459e-08,2.5903608097821427,-1.0352946235109295e-05,FW
2660,0.21805906295776367,-12.644226676341356,9.692379576459187e-06,FW,9.804558873721905e-08,2.5903608739511306,-9.692379576459187e-06,FW
2661,0.21812796592712402,-12.644226676341837,9.338358949395609e-06,FW,9.654929894298214e-08,2.590360789217493,-9.338358949395609e-06,FW
2662,0.21819710731506348,-12.644226676342289,9.853007476676168e-06,FW,8.973379496246114e-08,2.590360866657143,-9.853007476676168e-06,FW
2663,0.21826696395874023,-12.644226676342726,9.925800073001811e-06,FW,9.943863705587783e-08,2.590360785790448,-9.925800073001811e-06,FW
2664,0.21833515167236328,-12.64422667634323,9.760221566151861e-06,FW,9.568546180896411e-08,2.590360804094727,-9.760221566151861e-06,FW
2665,0.21840310096740723,-12.644226676343697,9.55525936491286e-06,FW,1.0264885737629877e-07,2.590360840691147,-9.55525936491286e-06,FW
2666,0.21847295761108398,-12.644226676344186,9.449350554538438e-06,FW,8.897611641658083e-08,2.590360601082047,-9.449350554538438e-06,FW
2667,0.21854019165039062,-12.644226676344601,9.598867737659056e-06,FW,9.427788587651582e-08,2.5903606047960914,-9.598867737659056e-06,FW
2668,0.21860885620117188,-12.644226676345056,9.859795341793376e-06,FW,9.900959937891467e-08,2.590360781206164,-9.859795341793376e-06,FW
2669,0.21867799758911133,-12.644226676345543,9.021601725875406e-06,FW,9.589937615358622e-08,2.590360903094234,-9.021601725875406e-06,FW
2670,0.21874594688415527,-12.64422667634598,9.920036862023918e-06,FW,9.804263405790744e-08,2.590360828602042,-9.920036862023918e-06,FW
2671,0.21881508827209473,-12.644226676346463,9.642407018117805e-06,FW,9.0689337599832e-08,2.590360549099356,-9.642407018117805e-06,FW
2672,0.21888422966003418,-12.644226676346895,9.777092924628805e-06,FW,9.18090564088423e-08,2.5903606450253216,-9.777092924628805e-06,FW
2673,0.21895313262939453,-12.64422667634735,9.334117521228591e-06,FW,9.136782742178904e-08,2.590360747198089,-9.334117521228591e-06,FW
2674,0.21902227401733398,-12.644226676347774,9.099201766255005e-06,FW,9.71513565479405e-08,2.5903608305639185,-9.099201766255005e-06,FW
2675,0.21909093856811523,-12.644226676348218,9.244608309103008e-06,FW,8.897888070133442e-08,2.5903606878308025,-9.244608309103008e-06,FW
2676,0.21915912628173828,-12.644226676348625,9.540133136809459e-06,FW,9.39514691699704e-08,2.590360641854743,-9.540133136809459e-06,FW
2677,0.21922802925109863,-12.64422667634908,9.57496461427565e-06,FW,8.850216437105984e-08,2.590360616244779,-9.57496461427565e-06,FW
2678,0.21929502487182617,-12.644226676349504,9.780072666082384e-06,FW,9.449693291176201e-08,2.5903606162114365,-9.780072666082384e-06,FW
2679,0.21937322616577148,-12.64422667634996,8.874063295818968e-06,FW,8.686620223816365e-08,2.5903607051633926,-8.874063295818968e-06,FW
2680,0.21943998336791992,-12.644226676350348,9.12769163774474e-06,FW,9.091646163462531e-08,2.590360718884767,-9.12769163774474e-06,FW
2681,0.21950912475585938,-12.644226676350756,9.004407068219367e-06,FW,9.362334820785533e-08,2.590360643322116,-9.004407068219367e-06,FW
2682,0.21957707405090332,-12.644226676351185,9.580306970624619e-06,FW,1.039999849651003e-07,2.590360641716238,-9.580306970624619e-06,FW
2683,0.21964716911315918,-12.644226676351678,9.161653296368977e-06,FW,9.071503744647687e-08,2.5903606505457475,-9.161653296368977e-06,FW
2684,0.21972894668579102,-12.644226676352094,8.925668414649923e-06,FW,8.831278650721677e-08,2.590360706853549,-8.925668414649923e-06,FW
2685,0.21980023384094238,-12.644226676352487,9.374227878916619e-06,FW,9.366325463660015e-08,2.5903607138415103,-9.374227878916619e-06,FW
2686,0.21987009048461914,-12.644226676352929,9.124952462677416e-06,FW,9.093662865462627e-08,2.59036064690645,-9.124952462677416e-06,FW
2687,0.2199399471282959,-12.644226676353346,9.138222665128204e-06,FW,9.13700161772832e-08,2.5903606377649084,-9.138222665128204e-06,FW
2688,0.22001004219055176,-12.644226676353762,9.022803565045256e-06,FW,8.069205036851242e-08,2.590360525665651,-9.022803565045256e-06,FW
2689,0.2200789451599121,-12.644226676354123,9.412973758879395e-06,FW,9.114758145436755e-08,2.590360564974124,-9.412973758879395e-06,FW
2690,0.22014808654785156,-12.644226676354558,8.843638195962789e-06,FW,8.398198930627175e-08,2.5903605475657443,-8.843638195962789e-06,FW
2691,0.22021794319152832,-12.644226676354924,8.655796278358996e-06,FW,9.700660950925777e-08,2.590360658897978,-8.655796278358996e-06,FW
2692,0.22028613090515137,-12.644226676355348,9.598418182960033e-06,FW,9.005919767338481e-08,2.5903605239587346,-9.598418182960033e-06,FW
2693,0.22036409378051758,-12.644226676355778,8.967580058055757e-06,FW,8.788228498416387e-08,2.590360589689828,-8.967580058055757e-06,FW
2694,0.22044706344604492,-12.644226676356173,8.611011398429458e-06,FW,8.777327989060409e-08,2.5903605661534757,-8.611011398429458e-06,FW
2695,0.22052907943725586,-12.64422667635655,8.717955207224182e-06,FW,7.921181742090951e-08,2.5903606903123744,-8.717955207224182e-06,FW
2696,0.22059917449951172,-12.644226676356894,9.037303216941073e-06,FW,9.100103358508972e-08,2.5903606367229286,-9.037303216941073e-06,FW
2697,0.22077012062072754,-12.644226676357311,8.90738691958215e-06,FW,8.87045971072959e-08,2.5903606019183827,-8.90738691958215e-06,FW
2698,0.22092819213867188,-12.644226676357706,8.788719466357175e-06,FW,8.88385490234483e-08,2.5903605359107083,-8.788719466357175e-06,FW
2699,0.2210829257965088,-12.644226676358096,8.654556449716466e-06,FW,7.613625857229226e-08,2.590360567794077,-8.654556449716466e-06,FW
2700,0.22123503684997559,-12.644226676358418,8.755569870247393e-06,FW,8.354207224042492e-08,2.590360514847518,-8.755569870247393e-06,FW
2701,0.22138595581054688,-12.64422667635879,9.033958162152356e-06,FW,8.628995280809287e-08,2.590360559695065,-9.033958162152356e-06,FW
2702,0.22153496742248535,-12.644226676359176,8.482728866013312e-06,FW,9.101801741724602e-08,2.5903605204460773,-8.482728866013312e-06,FW
2703,0.22168612480163574,-12.644226676359558,8.914755970090837e-06,FW,8.564882425153404e-08,2.5903604344141704,-8.914755970090837e-06,FW
2704,0.22183513641357422,-12.644226676359946,8.781608696939447e-06,FW,9.125392896102568e-08,2.590360444299734,-8.781608696939447e-06,FW
2705,0.2219851016998291,-12.644226676360343,8.913947353236806e-06,FW,8.679268000476826e-08,2.59036040907667,-8.913947353236806e-06,FW
2706,0.22213315963745117,-12.644226676360732,8.56462762582888e-06,FW,8.332247118912344e-08,2.590360411535892,-8.56462762582888e-06,FW
2707,0.22228217124938965,-12.644226676361095,8.690308504907818e-06,FW,8.31326224706356e-08,2.590360424390355,-8.690308504907818e-06,FW
2708,0.22243094444274902,-12.644226676361448,8.55180473451067e-06,FW,8.48741367565153e-08,2.5903604669077165,-8.55180473451067e-06,FW
2709,0.2225799560546875,-12.644226676361814,8.54038285844072e-06,FW,9.435054570689427e-08,2.590360522531419,-8.54038285844072e-06,FW
2710,0.2227001190185547,-12.644226676362214,8.515730205410632e-06,FW,7.709776542451173e-08,2.590360346943854,-8.515730205410632e-06,FW
2711,0.22276997566223145,-12.644226676362543,8.692153144071457e-06,FW,8.296474013515149e-08,2.5903604232682382,-8.692153144071457e-06,FW
2712,0.2228381633758545,-12.644226676362907,8.543673540570285e-06,FW,8.319573512922064e-08,2.5903604393366817,-8.543673540570285e-06,FW
2713,0.22290587425231934,-12.644226676363258,8.475442466057692e-06,FW,8.257280365197879e-08,2.5903604635492385,-8.475442466057692e-06,FW
2714,0.2229750156402588,-12.644226676363608,8.022774963367674e-06,FW,8.648865763618318e-08,2.5903604080330234,-8.022774963367674e-06,FW
2715,0.22304415702819824,-12.644226676363957,8.600490953830642e-06,FW,8.994686425276485e-08,2.5903604066740544,-8.600490953830642e-06,FW
2716,0.2231121063232422,-12.644226676364344,8.240683868038223e-06,FW,8.633290999941613e-08,2.5903604654635286,-8.240683868038223e-06,FW
2717,0.22318124771118164,-12.644226676364706,8.269051695014573e-06,FW,1.001918713831962e-07,2.590360483029718,-8.269051695014573e-06,FW
2718,0.2232499122619629,-12.644226676365115,8.152918092002581e-06,FW,8.603897654969949e-08,2.5903604356978254,-8.152918092002581e-06,FW
2719,0.22333192825317383,-12.644226676365461,8.391750807065779e-06,FW,8.177444202452862e-08,2.5903604479747573,-8.391750807065779e-06,FW
2720,0.2234029769897461,-12.644226676365806,8.445159637368582e-06,FW,8.533683718008647e-08,2.590360422666401,-8.445159637368582e-06,FW
2721,0.22347402572631836,-12.644226676366166,8.824480141500501e-06,FW,8.357677187485107e-08,2.5903604225081476,-8.824480141500501e-06,FW
2722,0.22354412078857422,-12.644226676366534,8.137009568920384e-06,FW,8.037396641107684e-08,2.5903604228518016,-8.137009568920384e-06,FW
2723,0.22361397743225098,-12.64422667636687,8.13187642347002e-06,FW,8.045798661272989e-08,2.590360440066044,-8.13187642347002e-06,FW
2724,0.22368407249450684,-12.64422667636719,8.357937769862267e-06,FW,7.741003080840268e-08,2.590360378869864,-8.357937769862267e-06,FW
2725,0.2237529754638672,-12.644226676367518,8.164368625745988e-06,FW,8.059358536288667e-08,2.5903603809372817,-8.164368625745988e-06,FW
2726,0.22382116317749023,-12.64422667636784,7.902149120789237e-06,FW,7.523080631472414e-08,2.5903604402682725,-7.902149120789237e-06,FW
2727,0.2238919734954834,-12.644226676368147,8.045593229893955e-06,FW,8.229963242546618e-08,2.590360457609739,-8.045593229893955e-06,FW
2728,0.22396111488342285,-12.64422667636847,8.510535463315816e-06,FW,8.49687763852221e-08,2.590360281455653,-8.510535463315816e-06,FW
2729,0.2240309715270996,-12.64422667636883,7.931401161578866e-06,FW,7.356849045001185e-08,2.5903602843993254,-7.931401161578866e-06,FW
2730,0.22409987449645996,-12.64422667636913,8.022735741464171e-06,FW,8.026408641799313e-08,2.5903603842833216,-8.022735741464171e-06,FW
2731,0.22416996955871582,-12.644226676369444,7.80548674418624e-06,FW,7.446747578903357e-08,2.5903603689120263,-7.80548674418624e-06,FW
2732,0.22424006462097168,-12.644226676369735,8.236642492928659e-06,FW,8.87003313880471e-08,2.59036039565831,-8.236642492928659e-06,FW
2733,0.22431111335754395,-12.644226676370103,8.282499801490206e-06,FW,7.62564369680803e-08,2.590360252563675,-8.282499801490206e-06,FW
2734,0.2243790626525879,-12.644226676370417,7.699465641358705e-06,FW,7.412724540924258e-08,2.590360293612617,-7.699465641358705e-06,FW
2735,0.22444915771484375,-12.644226676370703,8.247200094138596e-06,FW,7.81009818946443e-08,2.590360240349502,-8.247200094138596e-06,FW
2736,0.22451996803283691,-12.644226676371021,7.791699829923227e-06,FW,7.670349368218765e-08,2.590360327814343,-7.791699829923227e-06,FW
2737,0.22458910942077637,-12.644226676371327,7.703440878137346e-06,FW,7.900371853226749e-08,2.5903603961309836,-7.703440878137346e-06,FW
2738,0.22465801239013672,-12.64422667637163,8.219751983715162e-06,FW,7.208848122868079e-08,2.5903603401859168,-8.219751983715162e-06,FW
2739,0.22472810745239258,-12.644226676371929,7.789752673931227e-06,FW,7.723981511422248e-08,2.590360331292018,-7.789752673931227e-06,FW
2740,0.22479605674743652,-12.644226676372226,7.757974272687429e-06,FW,7.670580140241608e-08,2.590360239436385,-7.757974272687429e-06,FW
2741,0.22486400604248047,-12.644226676372526,7.851875176573264e-06,FW,7.680370738801805e-08,2.590360329714262,-7.851875176573264e-06,FW
2742,0.22493290901184082,-12.64422667637283,7.819702575712073e-06,FW,7.586078254415629e-08,2.5903602564181853,-7.819702575712073e-06,FW
2743,0.22500300407409668,-12.644226676373117,7.800242758732034e-06,FW,7.888240662492071e-08,2.590360224358862,-7.800242758732034e-06,FW
2744,0.22507095336914062,-12.644226676373432,8.08718463760072e-06,FW,7.780549824168322e-08,2.590360290282045,-8.08718463760072e-06,FW
2745,0.22514009475708008,-12.644226676373746,7.714384813367614e-06,FW,7.200922873061943e-08,2.5903602299591943,-7.714384813367614e-06,FW
2746,0.22520995140075684,-12.644226676374021,7.655845575368914e-06,FW,7.765059789335651e-08,2.5903602018284935,-7.655845575368914e-06,FW
2747,0.2252821922302246,-12.644226676374315,7.973402433830712e-06,FW,7.887146344042302e-08,2.590360254111496,-7.973402433830712e-06,FW
2748,0.22535204887390137,-12.644226676374634,7.553746805374906e-06,FW,7.471991688361495e-08,2.5903602139108823,-7.553746805374906e-06,FW
2749,0.22542214393615723,-12.644226676374911,7.694827983059649e-06,FW,7.220921717564374e-08,2.590360192628503,-7.694827983059649e-06,FW
2750,0.22549200057983398,-12.644226676375194,7.579296711968109e-06,FW,7.168815998706919e-08,2.590360234708086,-7.579296711968109e-06,FW
2751,0.22556185722351074,-12.644226676375462,7.958582906641976e-06,FW,7.505668294909258e-08,2.590360215828477,-7.958582906641976e-06,FW
2752,0.22563409805297852,-12.644226676375766,7.576693464919626e-06,FW,7.239347041692203e-08,2.590360225260359,-7.576693464919626e-06,FW
2753,0.22570395469665527,-12.64422667637604,7.286023542094067e-06,FW,7.035605345820077e-08,2.590360196486152,-7.286023542094067e-06,FW
2754,0.22577404975891113,-12.644226676376295,7.460905522393979e-06,FW,7.680428780754025e-08,2.5903601291638156,-7.460905522393979e-06,FW
2755,0.225844144821167,-12.644226676376583,7.756643007242325e-06,FW,7.238548684999274e-08,2.590360167956289,-7.756643007242325e-06,FW
2756,0.22591400146484375,-12.64422667637686,7.266453113968785e-06,FW,7.788234061372541e-08,2.590360249299617,-7.266453113968785e-06,FW
2757,0.2259831428527832,-12.644226676377151,7.705171748084716e-06,FW,7.023128665720996e-08,2.5903601965599523,-7.705171748084716e-06,FW
2758,0.22605299949645996,-12.644226676377418,7.520318664994141e-06,FW,7.400748986678484e-08,2.590360271416942,-7.520318664994141e-06,FW
2759,0.22612309455871582,-12.644226676377695,7.397047038115723e-06,FW,7.967097547162853e-08,2.5903601143200663,-7.397047038115723e-06,FW
2760,0.22619390487670898,-12.644226676377986,7.2847489463179205e-06,FW,7.367073468302971e-08,2.59036008537042,-7.2847489463179205e-06,FW
2761,0.22626304626464844,-12.644226676378254,7.400224202938621e-06,FW,6.877817495824164e-08,2.590360171565019,-7.400224202938621e-06,FW
2762,0.2263329029083252,-12.644226676378512,7.575266726136953e-06,FW,7.130090567659972e-08,2.590360234534101,-7.575266726136953e-06,FW
2763,0.22640395164489746,-12.644226676378775,7.317651084914889e-06,FW,7.074875762677513e-08,2.5903601882313887,-7.317651084914889e-06,FW
2764,0.22647404670715332,-12.644226676379043,7.693941018405148e-06,FW,7.145894102257282e-08,2.5903601013206115,-7.693941018405148e-06,FW
2765,0.22654390335083008,-12.644226676379315,7.1851966745167806e-06,FW,7.246335663588031e-08,2.590360140077201,-7.1851966745167806e-06,FW
2766,0.22661304473876953,-12.644226676379573,7.171454004528677e-06,FW,6.730306095489195e-08,2.5903601043506583,-7.171454004528677e-06,FW
2767,0.2266829013824463,-12.644226676379821,7.2436546260656876e-06,FW,7.177910439761968e-08,2.590360066307769,-7.2436546260656876e-06,FW
2768,0.22675418853759766,-12.644226676380075,7.290012462773943e-06,FW,8.026914511229067e-08,2.590360067261854,-7.290012462773943e-06,FW
2769,0.22682404518127441,-12.64422667638037,7.385832762329958e-06,FW,6.770044682682653e-08,2.5903601210397746,-7.385832762329958e-06,FW
2770,0.22689485549926758,-12.644226676380619,6.665339678454951e-06,FW,6.525133731628477e-08,2.590360197984456,-6.665339678454951e-06,FW
2771,0.22696614265441895,-12.644226676380836,7.604378225473107e-06,FW,8.388848990669714e-08,2.5903601317007863,-7.604378225473107e-06,FW
2772,0.2270359992980957,-12.644226676381162,7.370806359457971e-06,FW,6.739873663617311e-08,2.59036007772073,-7.370806359457971e-06,FW
2773,0.22710514068603516,-12.644226676381404,7.000827567299472e-06,FW,6.896037483320908e-08,2.5903601194516703,-7.000827567299472e-06,FW
2774,0.22717499732971191,-12.644226676381644,7.466429866889723e-06,FW,7.379456825799938e-08,2.590360106357071,-7.466429866889723e-06,FW
2775,0.22724604606628418,-12.644226676381928,7.203333778710297e-06,FW,6.861502217632936e-08,2.5903600844537076,-7.203333778710297e-06,FW
2776,0.22732305526733398,-12.644226676382168,6.878601573931387e-06,FW,7.170943937083833e-08,2.5903601356483366,-6.878601573931387e-06,FW
2777,0.22739410400390625,-12.644226676382415,7.225741297939292e-06,FW,6.654518159405029e-08,2.5903600817144694,-7.225741297939292e-06,FW
2778,0.2274630069732666,-12.64422667638265,6.961643499156511e-06,FW,6.451100039330955e-08,2.590360018823049,-6.961643499156511e-06,FW
2779,0.22753310203552246,-12.64422667638288,6.957957750436394e-06,FW,6.844612454417882e-08,2.5903600397363484,-6.957957750436394e-06,FW
2780,0.2276020050048828,-12.644226676383116,7.250542196912679e-06,FW,7.129766810464733e-08,2.5903600256943573,-7.250542196912679e-06,FW
2781,0.22767019271850586,-12.644226676383374,7.0110496359909735e-06,FW,6.811084302298745e-08,2.5903599306111786,-7.0110496359909735e-06,FW
2782,0.2277388572692871,-12.644226676383616,6.984412753013869e-06,FW,6.702802578082202e-08,2.5903599804302755,-6.984412753013869e-06,FW
2783,0.22780799865722656,-12.64422667638385,6.920787567504805e-06,FW,6.287497383058127e-08,2.5903599401152695,-6.920787567504805e-06,FW
2784,0.22787690162658691,-12.644226676384068,7.3884181515104785e-06,FW,7.14653319200572e-08,2.590359945912059,-7.3884181515104785e-06,FW
2785,0.22794699668884277,-12.64422667638433,6.4915272588450534e-06,FW,6.303458125752076e-08,2.590359985229468,-6.4915272588450534e-06,FW
2786,0.22801804542541504,-12.644226676384536,6.742095066958331e-06,FW,6.810802559037851e-08,2.59035999192046,-6.742095066958331e-06,FW
2787,0.22808599472045898,-12.64422667638477,7.07356767762346e-06,FW,6.589405973285787e-08,2.5903599844464966,-7.07356767762346e-06,FW
2788,0.22815394401550293,-12.644226676384998,6.876322330262585e-06,FW,6.62702166276286e-08,2.590359919859675,-6.876322330262585e-06,FW
2789,0.22822308540344238,-12.644226676385221,7.008534088484564e-06,FW,6.837489208860496e-08,2.590359975209212,-7.008534088484564e-06,FW
2790,0.22829222679138184,-12.644226676385463,6.715517974154039e-06,FW,6.61859173359495e-08,2.5903599961055552,-6.715517974154039e-06,FW
2791,0.2283611297607422,-12.64422667638569,6.4935328184800856e-06,FW,6.359291843505302e-08,2.5903599971846516,-6.4935328184800856e-06,FW
2792,0.22842907905578613,-12.644226676385896,7.060859012045229e-06,FW,6.804701177080022e-08,2.590360004479525,-7.060859012045229e-06,FW
2793,0.22849702835083008,-12.644226676386129,6.8530406791555976e-06,FW,7.116044640670114e-08,2.5903600027144407,-6.8530406791555976e-06,FW
2794,0.22856616973876953,-12.644226676386372,6.490401185429984e-06,FW,6.499903028241922e-08,2.5903599574602696,-6.490401185429984e-06,FW
2795,0.2286369800567627,-12.644226676386587,6.8276323546279105e-06,FW,6.448642124230969e-08,2.5903599848765646,-6.8276323546279105e-06,FW
2796,0.22870516777038574,-12.644226676386802,6.798615210856784e-06,FW,6.76668474709897e-08,2.5903600087439513,-6.798615210856784e-06,FW
2797,0.2287750244140625,-12.644226676387044,6.777168868848937e-06,FW,6.433880787453111e-08,2.5903599337502863,-6.777168868848937e-06,FW
2798,0.22884297370910645,-12.644226676387262,6.811186217217657e-06,FW,6.99408301104006e-08,2.5903598894753515,-6.811186217217657e-06,FW
2799,0.2289130687713623,-12.644226676387499,6.291587116527553e-06,FW,6.299083499740867e-08,2.590359956051111,-6.291587116527553e-06,FW
2800,0.22898221015930176,-12.644226676387696,6.529379905056976e-06,FW,6.058324461748406e-08,2.59035993322243,-6.529379905056976e-06,FW
2801,0.22905206680297852,-12.644226676387893,6.731268617082842e-06,FW,6.699774321340816e-08,2.5903599161383917,-6.731268617082842e-06,FW
2802,0.22912001609802246,-12.644226676388115,6.849423251617526e-06,FW,6.627566199900023e-08,2.5903599415655623,-6.849423251617526e-06,FW
2803,0.22918987274169922,-12.644226676388342,6.611277263895987e-06,FW,6.164449835721857e-08,2.5903599600354115,-6.611277263895987e-06,FW
2804,0.22936606407165527,-12.644226676388548,6.634923919598967e-06,FW,6.517091364247229e-08,2.590359850855394,-6.634923919598967e-06,FW
2805,0.22951817512512207,-12.644226676388765,6.4876652658696354e-06,FW,5.829338725858253e-08,2.590359922688132,-6.4876652658696354e-06,FW
2806,0.22967100143432617,-12.644226676388953,6.768047393759802e-06,FW,6.18411457397241e-08,2.590360009631035,-6.768047393759802e-06,FW
2807,0.22982192039489746,-12.644226676389163,6.538411239598307e-06,FW,6.295879247534514e-08,2.590359947798692,-6.538411239598307e-06,FW
2808,0.22997212409973145,-12.644226676389371,6.836686235939249e-06,FW,6.188554190657707e-08,2.5903599673261968,-6.836686235939249e-06,FW
2809,0.23012113571166992,-12.64422667638958,6.173140576340441e-06,FW,5.914149860452866e-08,2.5903598709123914,-6.173140576340441e-06,FW
2810,0.2302701473236084,-12.64422667638976,6.372558959605312e-06,FW,6.541869940248093e-08,2.5903599288036885,-6.372558959605312e-06,FW
2811,0.23042011260986328,-12.644226676389968,6.610656797967351e-06,FW,6.270167954563343e-08,2.590359959157164,-6.610656797967351e-06,FW
2812,0.23056793212890625,-12.644226676390181,6.290949393236711e-06,FW,5.677859812570784e-08,2.590359932848733,-6.290949393236711e-06,FW
2813,0.23078703880310059,-12.644226676390359,6.521200420050999e-06,FW,6.859418650775123e-08,2.5903599156842714,-6.521200420050999e-06,FW
2814,0.23094415664672852,-12.644226676390579,6.46966163751761e-06,FW,5.8558711078931816e-08,2.5903598906233594,-6.46966163751761e-06,FW
2815,0.23110008239746094,-12.644226676390769,6.3479779277841875e-06,FW,6.395006857981885e-08,2.5903599232325267,-6.3479779277841875e-06,FW
2816,0.23125410079956055,-12.644226676390973,6.442073832865769e-06,FW,6.755575663313713e-08,2.590359847116425,-6.442073832865769e-06,FW
2817,0.23140692710876465,-12.644226676391195,6.301298762528829e-06,FW,6.11570085685683e-08,2.590359815959988,-6.301298762528829e-06,FW
2818,0.23156523704528809,-12.644226676391385,6.409028135728745e-06,FW,6.370988250090073e-08,2.590359792836741,-6.409028135728745e-06,FW
2819,0.2317190170288086,-12.644226676391586,6.124434612508889e-06,FW,6.312106058237003e-08,2.5903598547916875,-6.124434612508889e-06,FW
2820,0.23186993598937988,-12.644226676391781,6.5092941319983e-06,FW,6.340810812395105e-08,2.5903598220498054,-6.5092941319983e-06,FW
2821,0.23202109336853027,-12.644226676391984,6.361503717314254e-06,FW,6.284033077804136e-08,2.5903598692050442,-6.361503717314254e-06,FW
2822,0.2321789264678955,-12.644226676392186,6.267748156554842e-06,FW,6.085493093724363e-08,2.590359886715561,-6.267748156554842e-06,FW
2823,0.2323310375213623,-12.644226676392373,6.234622069251072e-06,FW,6.334213512125061e-08,2.5903597706811667,-6.234622069251072e-06,FW
2824,0.2324838638305664,-12.644226676392572,6.362546632415755e-06,FW,5.979667335021678e-08,2.5903597999586587,-6.362546632415755e-06,FW
2825,0.23264503479003906,-12.644226676392767,6.199714759902442e-06,FW,6.292462079688043e-08,2.5903597741075544,-6.199714759902442e-06,FW
2826,0.23271822929382324,-12.644226676392957,6.24496848211642e-06,FW,6.456646721711445e-08,2.5903598294395036,-6.24496848211642e-06,FW
2827,0.2327880859375,-12.64422667639316,6.052863647437734e-06,FW,6.357265993400039e-08,2.590359815431346,-6.052863647437734e-06,FW
2828,0.23285794258117676,-12.644226676393352,6.073578529885992e-06,FW,5.8509884412285156e-08,2.5903598483738755,-6.073578529885992e-06,FW
2829,0.23292803764343262,-12.644226676393536,6.393989655753551e-06,FW,6.028132293994055e-08,2.59035978946265,-6.393989655753551e-06,FW
2830,0.23299789428710938,-12.644226676393728,6.312256114582304e-06,FW,6.652252842745597e-08,2.590359776751855,-6.312256114582304e-06,FW
2831,0.23306608200073242,-12.644226676393938,5.7839161348993695e-06,FW,5.788249635293554e-08,2.5903597707576442,-5.7839161348993695e-06,FW
2832,0.23313593864440918,-12.644226676394101,6.092733082108115e-06,FW,5.635483832470886e-08,2.590359744448426,-6.092733082108115e-06,FW
2833,0.23321104049682617,-12.644226676394274,6.215429260367222e-06,FW,6.31802615876208e-08,2.590359794119097,-6.215429260367222e-06,FW
2834,0.23328113555908203,-12.644226676394467,6.176703725213617e-06,FW,6.58749025625777e-08,2.590359790920492,-6.176703725213617e-06,FW
2835,0.2333509922027588,-12.644226676394673,6.124607002777616e-06,FW,5.882692357512408e-08,2.5903597719034566,-6.124607002777616e-06,FW
2836,0.23342204093933105,-12.644226676394862,5.853673501338141e-06,FW,5.375379510004488e-08,2.5903597695353673,-5.853673501338141e-06,FW
2837,0.233489990234375,-12.644226676395016,6.120104593831943e-06,FW,5.844784356238294e-08,2.590359756868646,-6.120104593831943e-06,FW
2838,0.23356008529663086,-12.644226676395188,6.157839232912021e-06,FW,6.050952322757448e-08,2.590359759458446,-6.157839232912021e-06,FW
2839,0.23362994194030762,-12.644226676395379,6.130239105672786e-06,FW,6.033354235654895e-08,2.5903597855849716,-6.130239105672786e-06,FW
2840,0.23369812965393066,-12.644226676395562,5.719742849061293e-06,FW,5.8334722995540484e-08,2.590359736407425,-5.719742849061293e-06,FW
2841,0.23376798629760742,-12.644226676395729,5.828533134424885e-06,FW,6.094524828703005e-08,2.5903597228910438,-5.828533134424885e-06,FW
2842,0.23383808135986328,-12.644226676395903,5.994090691519016e-06,FW,5.573852589826971e-08,2.590359763397043,-5.994090691519016e-06,FW
2843,0.23390698432922363,-12.644226676396077,6.117533125238328e-06,FW,5.9017252163417894e-08,2.59035972497175,-6.117533125238328e-06,FW
2844,0.2339770793914795,-12.644226676396253,5.951415382038361e-06,FW,6.371785022452829e-08,2.5903597575983883,-5.951415382038361e-06,FW
2845,0.23404598236083984,-12.644226676396444,5.52678342818913e-06,FW,5.63968009762762e-08,2.590359749407039,-5.52678342818913e-06,FW
2846,0.2341141700744629,-12.644226676396602,5.625297864214618e-06,FW,5.61283136975916e-08,2.5903597773830405,-5.625297864214618e-06,FW
2847,0.23418307304382324,-12.644226676396753,6.142692451874265e-06,FW,5.6914268005431674e-08,2.590359701340075,-6.142692451874265e-06,FW
2848,0.2342522144317627,-12.644226676396933,6.117739359157159e-06,FW,6.117856381880864e-08,2.590359764567464,-6.117739359157159e-06,FW
2849,0.23432087898254395,-12.644226676397121,5.768806147443684e-06,FW,6.059862917121101e-08,2.5903597443370168,-5.768806147443684e-06,FW
2850,0.2343900203704834,-12.644226676397297,5.7548706814125605e-06,FW,5.710010561858154e-08,2.590359690272343,-5.7548706814125605e-06,FW
2851,0.23445796966552734,-12.644226676397457,5.662277891366196e-06,FW,5.74115132993998e-08,2.5903596281225427,-5.662277891366196e-06,FW
2852,0.2345271110534668,-12.64422667639762,5.71103591508193e-06,FW,5.673516432385274e-08,2.590359717146707,-5.71103591508193e-06,FW
2853,0.23459696769714355,-12.644226676397778,6.148387142274059e-06,FW,5.6180295802503163e-08,2.5903597151879825,-6.148387142274059e-06,FW
2854,0.23466801643371582,-12.644226676397953,5.6822309778548075e-06,FW,5.7706331021866424e-08,2.5903596970847986,-5.6822309778548075e-06,FW
2855,0.23473596572875977,-12.644226676398118,5.741940727915784e-06,FW,5.5877393990740406e-08,2.5903596780048592,-5.741940727915784e-06,FW
2856,0.2348029613494873,-12.64422667639828,5.627495792581705e-06,FW,5.962156674635268e-08,2.590359651683243,-5.627495792581705e-06,FW
2857,0.23487305641174316,-12.644226676398446,5.737412969081257e-06,FW,5.65067718144651e-08,2.5903596330214977,-5.737412969081257e-06,FW
2858,0.23494195938110352,-12.644226676398608,5.530190853003658e-06,FW,5.100486882386417e-08,2.5903597000290346,-5.530190853003658e-06,FW
2859,0.23501014709472656,-12.644226676398754,5.5582289208711e-06,FW,5.8173449682849304e-08,2.5903597372922724,-5.5582289208711e-06,FW
2860,0.23507905006408691,-12.644226676398917,5.79710507131459e-06,FW,5.5807669786504095e-08,2.5903596595339065,-5.79710507131459e-06,FW
2861,0.23515009880065918,-12.644226676399073,5.762545486898141e-06,FW,5.3358221967736335e-08,2.5903597001963083,-5.762545486898141e-06,FW
2862,0.23521995544433594,-12.644226676399228,5.6143738447200775e-06,FW,5.336493531744788e-08,2.5903596154296094,-5.6143738447200775e-06,FW
2863,0.2352900505065918,-12.644226676399379,5.446620106153155e-06,FW,5.7049869686082896e-08,2.5903596067042383,-5.446620106153155e-06,FW
2864,0.23536109924316406,-12.64422667639953,5.363975299710333e-06,FW,5.287722803547791e-08,2.590359650120392,-5.363975299710333e-06,FW
2865,0.23543095588684082,-12.644226676399681,5.677918865631959e-06,FW,6.062414644725948e-08,2.590359659515185,-5.677918865631959e-06,FW
2866,0.23550009727478027,-12.64422667639985,5.584095986610471e-06,FW,5.976821516278546e-08,2.5903595656894303,-5.584095986610471e-06,FW
2867,0.23556900024414062,-12.644226676400008,5.605115181078757e-06,FW,5.565957540263187e-08,2.5903595878221215,-5.605115181078757e-06,FW
2868,0.2356412410736084,-12.644226676400173,5.450895533082312e-06,FW,5.5929898179209215e-08,2.590359607478088,-5.450895533082312e-06,FW
2869,0.23571205139160156,-12.644226676400322,5.473829850707879e-06,FW,5.6487849436571545e-08,2.59035960517127,-5.473829850707879e-06,FW
2870,0.23578095436096191,-12.644226676400475,5.345220118802008e-06,FW,5.344690580458056e-08,2.590359630008481,-5.345220118802008e-06,FW
2871,0.23585104942321777,-12.644226676400619,5.753900051641558e-06,FW,5.136558370240708e-08,2.590359595764465,-5.753900051641558e-06,FW
2872,0.23592209815979004,-12.644226676400768,5.6571713870495755e-06,FW,5.319950947763402e-08,2.590359554910488,-5.6571713870495755e-06,FW
2873,0.2359921932220459,-12.644226676400915,5.315818379647563e-06,FW,5.505426361029168e-08,2.5903596130702877,-5.315818379647563e-06,FW
2874,0.23606204986572266,-12.644226676401063,5.457134910999417e-06,FW,4.8407455217208544e-08,2.590359627175535,-5.457134910999417e-06,FW
2875,0.23613286018371582,-12.644226676401194,5.454795740739149e-06,FW,5.424371328571822e-08,2.59035964848755,-5.454795740739149e-06,FW
2876,0.2362060546875,-12.64422667640134,5.37348840116969e-06,FW,5.1702214121741e-08,2.5903595525395295,-5.37348840116969e-06,FW
2877,0.23627710342407227,-12.644226676401484,5.53914887138629e-06,FW,5.360044011645542e-08,2.590359558784643,-5.53914887138629e-06,FW
2878,0.23634696006774902,-12.644226676401631,5.122880723906764e-06,FW,5.3345300721679054e-08,2.590359603756267,-5.122880723906764e-06,FW
2879,0.2364180088043213,-12.644226676401772,5.170626875911077e-06,FW,5.219599162897011e-08,2.590359606228195,-5.170626875911077e-06,FW
2880,0.23648810386657715,-12.6442266764019,5.552799910546469e-06,FW,5.3866423782790706e-08,2.5903596611940367,-5.552799910546469e-06,FW
2881,0.236558198928833,-12.644226676402052,5.292493698155765e-06,FW,5.1489114558529597e-08,2.5903596130559396,-5.292493698155765e-06,FW
2882,0.23662805557250977,-12.644226676402187,5.598531994846501e-06,FW,5.33559249543271e-08,2.5903595422200913,-5.598531994846501e-06,FW
2883,0.23669791221618652,-12.644226676402335,5.25509218811393e-06,FW,5.362345421820248e-08,2.590359567906841,-5.25509218811393e-06,FW
2884,0.23676800727844238,-12.644226676402477,5.222518856942693e-06,FW,5.22619376166761e-08,2.5903595416263316,-5.222518856942693e-06,FW
2885,0.23683595657348633,-12.644226676402619,5.3003176075372416e-06,FW,5.175484206701203e-08,2.5903595068293086,-5.3003176075372416e-06,FW
2886,0.23690509796142578,-12.64422667640275,5.2661551454002975e-06,FW,5.4739095201433115e-08,2.5903595053739474,-5.2661551454002975e-06,FW
2887,0.23697495460510254,-12.64422667640289,5.131534477675892e-06,FW,4.926901411311715e-08,2.590359534756796,-5.131534477675892e-06,FW
2888,0.2370460033416748,-12.644226676403028,5.178222375126773e-06,FW,5.3295786714194485e-08,2.5903595534498085,-5.178222375126773e-06,FW
2889,0.23712420463562012,-12.64422667640316,5.3717995972119015e-06,FW,5.516268325283263e-08,2.590359521356428,-5.3717995972119015e-06,FW
2890,0.2371988296508789,-12.644226676403314,5.430834978947807e-06,FW,5.5636221385450585e-08,2.5903595079703017,-5.430834978947807e-06,FW
2891,0.23727011680603027,-12.644226676403456,4.826164226673368e-06,FW,4.8500582806680104e-08,2.5903594687477063,-4.826164226673368e-06,FW
2892,0.23733901977539062,-12.644226676403576,4.881462081093857e-06,FW,4.586871403713489e-08,2.5903595270108264,-4.881462081093857e-06,FW
2893,0.23740911483764648,-12.644226676403685,5.416561525722896e-06,FW,5.446719163314043e-08,2.5903595327492352,-5.416561525722896e-06,FW
2894,0.23747682571411133,-12.644226676403836,5.2537900228771806e-06,FW,5.3466672147743205e-08,2.590359519811989,-5.2537900228771806e-06,FW
2895,0.2375471591949463,-12.644226676403978,5.2879192099369865e-06,FW,5.104958598320221e-08,2.5903595054930135,-5.2879192099369865e-06,FW
2896,0.23761606216430664,-12.64422667640411,4.973131897706429e-06,FW,5.148135227466304e-08,2.590359486272042,-4.973131897706429e-06,FW
2897,0.23768401145935059,-12.64422667640424,4.818931508207558e-06,FW,4.48410350979575e-08,2.590359462181629,-4.818931508207558e-06,FW
2898,0.23775386810302734,-12.64422667640435,5.025788394688591e-06,FW,5.1043308506250153e-08,2.590359518832328,-5.025788394688591e-06,FW
2899,0.2378239631652832,-12.644226676404472,5.268676599778921e-06,FW,5.555978496436324e-08,2.590359540079404,-5.268676599778921e-06,FW
2900,0.23789286613464355,-12.644226676404623,4.816994122053275e-06,FW,4.6970556048491685e-08,2.590359511263078,-4.816994122053275e-06,FW
2901,0.23796319961547852,-12.644226676404736,4.98817809319041e-06,FW,4.885241599747736e-08,2.5903595025768644,-4.98817809319041e-06,FW
2902,0.23803186416625977,-12.64422667640486,5.038881177518717e-06,FW,4.698409314073225e-08,2.590359510861214,-5.038881177518717e-06,FW
2903,0.23810219764709473,-12.64422667640498,5.362754730856012e-06,FW,5.330194883081785e-08,2.59035951016749,-5.362754730856012e-06,FW
2904,0.2381730079650879,-12.644226676405122,5.107864656239691e-06,FW,5.237696633980084e-08,2.5903594993228154,-5.107864656239691e-06,FW
2905,0.23824119567871094,-12.644226676405253,4.6075617355922915e-06,FW,4.6395754785250796e-08,2.590359458450548,-4.6075617355922915e-06,FW
2906,0.23832988739013672,-12.644226676405362,4.8773021660702964e-06,FW,5.1573898392838306e-08,2.590359392281606,-4.8773021660702964e-06,FW
2907,0.23839998245239258,-12.644226676405486,5.061066903205846e-06,FW,4.6467401283095504e-08,2.5903594548646884,-5.061066903205846e-06,FW
2908,0.23846817016601562,-12.644226676405601,4.775756190122937e-06,FW,4.858890811905048e-08,2.5903594355972746,-4.775756190122937e-06,FW
2909,0.23853707313537598,-12.644226676405713,5.153046632178082e-06,FW,4.955549155928374e-08,2.590359489210921,-5.153046632178082e-06,FW
2910,0.23860692977905273,-12.644226676405841,4.8195452670429795e-06,FW,4.7278650903821805e-08,2.5903594671387946,-4.8195452670429795e-06,FW
2911,0.2386760711669922,-12.644226676405964,4.727244210647741e-06,FW,4.532440512869083e-08,2.590359441780614,-4.727244210647741e-06,FW
2912,0.23874592781066895,-12.644226676406062,5.109381107246125e-06,FW,4.875952619016587e-08,2.5903595085955042,-5.109381107246125e-06,FW
2913,0.23881292343139648,-12.644226676406184,4.669709421339929e-06,FW,5.007381897823326e-08,2.5903595155783323,-4.669709421339929e-06,FW
2914,0.23888325691223145,-12.644226676406305,4.982519810833863e-06,FW,5.038479203717314e-08,2.5903595140755975,-4.982519810833863e-06,FW
2915,0.2389540672302246,-12.644226676406435,5.074132462201675e-06,FW,4.565033132119918e-08,2.5903593775838925,-5.074132462201675e-06,FW
2916,0.23902225494384766,-12.644226676406547,4.8245390209672445e-06,FW,4.670876792693612e-08,2.590359441719112,-4.8245390209672445e-06,FW
2917,0.23910093307495117,-12.644226676406662,4.610387345102551e-06,FW,4.855732308678491e-08,2.590359477142694,-4.610387345102551e-06,FW
2918,0.23917126655578613,-12.64422667640677,4.786402348244678e-06,FW,4.595122553913939e-08,2.590359472442656,-4.786402348244678e-06,FW
2919,0.2392411231994629,-12.644226676406888,4.90524331647757e-06,FW,5.402549980565057e-08,2.5903594454794403,-4.90524331647757e-06,FW
2920,0.23931193351745605,-12.644226676407017,4.934872538581159e-06,FW,4.510836114792399e-08,2.590359394399023,-4.934872538581159e-06,FW
2921,0.23938202857971191,-12.64422667640713,4.758017954339944e-06,FW,4.830027181440836e-08,2.590359395843251,-4.758017954339944e-06,FW
2922,0.23945093154907227,-12.644226676407243,4.8272448177066885e-06,FW,4.4436756562252256e-08,2.590359395583566,-4.8272448177066885e-06,FW
2923,0.23952102661132812,-12.644226676407348,4.776700105554865e-06,FW,4.578946832224496e-08,2.590359400311139,-4.776700105554865e-06,FW
2924,0.2395920753479004,-12.64422667640746,4.602696205738277e-06,FW,4.5333572044780134e-08,2.5903594129608263,-4.602696205738277e-06,FW
2925,0.23966288566589355,-12.644226676407566,4.744463493355777e-06,FW,4.5392544802486586e-08,2.59035936902874,-4.744463493355777e-06,FW
2926,0.23973298072814941,-12.644226676407675,4.7115091643817886e-06,FW,4.4247447799470214e-08,2.5903593873435398,-4.7115091643817886e-06,FW
2927,0.23980402946472168,-12.644226676407781,4.803174516218589e-06,FW,4.3850416901354036e-08,2.5903593946426775,-4.803174516218589e-06,FW
2928,0.23987507820129395,-12.644226676407884,4.519711008232896e-06,FW,4.456579073824373e-08,2.590359422859598,-4.519711008232896e-06,FW
2929,0.23994708061218262,-12.644226676407985,4.676264708430855e-06,FW,4.704803222348305e-08,2.5903594308905435,-4.676264708430855e-06,FW
2930,0.24001789093017578,-12.644226676408092,4.5936907083626854e-06,FW,4.71289203962006e-08,2.5903594158686505,-4.5936907083626854e-06,FW
2931,0.24008703231811523,-12.644226676408202,4.751733837238259e-06,FW,4.656116062083264e-08,2.590359377319616,-4.751733837238259e-06,FW
2932,0.240156888961792,-12.644226676408307,4.562570373817243e-06,FW,4.372397718700884e-08,2.590359372927812,-4.562570373817243e-06,FW
2933,0.24022793769836426,-12.644226676408413,4.546292893786719e-06,FW,4.3778099609722187e-08,2.5903593556518882,-4.546292893786719e-06,FW
2934,0.24029803276062012,-12.644226676408504,4.601562392458902e-06,FW,4.61493941343494e-08,2.5903593896355246,-4.601562392458902e-06,FW
2935,0.24036788940429688,-12.644226676408614,4.671611037593282e-06,FW,4.6153835380671715e-08,2.5903593659352344,-4.671611037593282e-06,FW
2936,0.24044013023376465,-12.644226676408731,4.625247228204343e-06,FW,4.7608881945673605e-08,2.590359382904699,-4.625247228204343e-06,FW
2937,0.2405109405517578,-12.644226676408836,4.686920179478027e-06,FW,4.34836292048168e-08,2.590359380246565,-4.686920179478027e-06,FW
2938,0.24058103561401367,-12.644226676408934,4.482288258222944e-06,FW,4.01809066027974e-08,2.5903593343723332,-4.482288258222944e-06,FW
2939,0.24065113067626953,-12.644226676409025,4.612501106740496e-06,FW,4.535804105013769e-08,2.5903593682313013,-4.612501106740496e-06,FW
2940,0.24072003364562988,-12.64422667640913,4.226041994626062e-06,FW,4.0030103669890086e-08,2.590359355794525,-4.226041994626062e-06,FW
2941,0.24079012870788574,-12.644226676409218,4.449373636791765e-06,FW,4.4029444741274113e-08,2.5903593498499355,-4.449373636791765e-06,FW
2942,0.2408590316772461,-12.64422667640932,4.5233865033356135e-06,FW,4.6298363008708057e-08,2.590359367121909,-4.5233865033356135e-06,FW
2943,0.24093008041381836,-12.64422667640942,4.813594185665293e-06,FW,4.897109377739367e-08,2.5903593056835423,-4.813594185665293e-06,FW
2944,0.24099993705749512,-12.644226676409534,4.125413654243459e-06,FW,3.771633548232757e-08,2.5903593034624968,-4.125413654243459e-06,FW
2945,0.24107909202575684,-12.644226676409613,4.515649494760132e-06,FW,4.3609754172371e-08,2.590359325834173,-4.515649494760132e-06,FW
2946,0.2411479949951172,-12.644226676409716,4.664277289109786e-06,FW,4.601620388386376e-08,2.5903593317820173,-4.664277289109786e-06,FW
2947,0.24121904373168945,-12.644226676409819,4.235640728350587e-06,FW,4.6028213000523346e-08,2.5903592670121,-4.235640728350587e-06,FW
2948,0.2412869930267334,-12.64422667640992,4.355375265233108e-06,FW,4.250505470988545e-08,2.5903593184673386,-4.355375265233108e-06,FW
2949,0.24135708808898926,-12.644226676410007,4.423567404099327e-06,FW,4.379771755372076e-08,2.5903593391030295,-4.423567404099327e-06,FW
2950,0.24142813682556152,-12.6442266764101,4.545525185764565e-06,FW,4.327615439806057e-08,2.5903593391938387,-4.545525185764565e-06,FW
2951,0.2414989471435547,-12.644226676410204,4.441399761967446e-06,FW,4.19092091158612e-08,2.590359277294708,-4.441399761967446e-06,FW
2952,0.24156904220581055,-12.644226676410291,4.238450734633803e-06,FW,3.9337266783528103e-08,2.5903592986229835,-4.238450734633803e-06,FW
2953,0.24164104461669922,-12.644226676410389,4.3702214238272585e-06,FW,4.162964174450532e-08,2.590359292321366,-4.3702214238272585e-06,FW
2954,0.24171018600463867,-12.644226676410469,4.443842496482109e-06,FW,4.5356390657536336e-08,2.5903593142461743,-4.443842496482109e-06,FW
2955,0.24177908897399902,-12.644226676410574,4.242449668803716e-06,FW,4.112316889674285e-08,2.5903593389916404,-4.242449668803716e-06,FW
2956,0.24184918403625488,-12.644226676410659,4.295151455196988e-06,FW,4.2754989829653493e-08,2.590359307354468,-4.295151455196988e-06,FW
2957,0.24191808700561523,-12.64422667641075,4.2386334545702065e-06,FW,4.003078167201141e-08,2.59035931513567,-4.2386334545702065e-06,FW
2958,0.2419888973236084,-12.644226676410836,4.274525431599563e-06,FW,4.2810550238367625e-08,2.5903593321802596,-4.274525431599563e-06,FW
2959,0.24205899238586426,-12.64422667641093,4.511340459478763e-06,FW,4.3381752177854636e-08,2.5903593380956846,-4.511340459478763e-06,FW
2960,0.2421278953552246,-12.644226676411026,4.319642611286256e-06,FW,3.967621513088557e-08,2.590359300948838,-4.319642611286256e-06,FW
2961,0.24219918251037598,-12.644226676411114,4.2436600251744006e-06,FW,4.1504555089567355e-08,2.59035925558798,-4.2436600251744006e-06,FW
2962,0.24226999282836914,-12.644226676411195,4.306504571255365e-06,FW,3.964270111015098e-08,2.5903593148471153,-4.306504571255365e-06,FW
2963,0.2423391342163086,-12.644226676411286,4.243395887087997e-06,FW,4.087072464691868e-08,2.590359317620228,-4.243395887087997e-06,FW
2964,0.24240994453430176,-12.644226676411373,4.2909447170863535e-06,FW,4.310902661614545e-08,2.5903593308206285,-4.2909447170863535e-06,FW
2965,0.2424788475036621,-12.644226676411465,4.337390036426858e-06,FW,4.003337360827118e-08,2.590359285883254,-4.337390036426858e-06,FW
2966,0.24254918098449707,-12.644226676411554,4.026352892441687e-06,FW,3.94014153759773e-08,2.5903592325638645,-4.026352892441687e-06,FW
2967,0.24262213706970215,-12.644226676411632,4.142876065191259e-06,FW,3.998600916808493e-08,2.590359281512896,-4.142876065191259e-06,FW
2968,0.2426900863647461,-12.644226676411716,4.2497595824086964e-06,FW,4.482795358986202e-08,2.590359277720113,-4.2497595824086964e-06,FW
2969,0.24276208877563477,-12.644226676411813,4.155576865907951e-06,FW,3.9228029554350174e-08,2.5903592733160123,-4.155576865907951e-06,FW
2970,0.24283099174499512,-12.644226676411888,4.021533112297249e-06,FW,3.8858122695447146e-08,2.590359242220521,-4.021533112297249e-06,FW
2971,0.24290108680725098,-12.644226676411972,4.279663868345107e-06,FW,4.523029226796996e-08,2.5903592166147162,-4.279663868345107e-06,FW
2972,0.24297094345092773,-12.644226676412067,4.323400821862333e-06,FW,4.543522331772946e-08,2.5903592440529817,-4.323400821862333e-06,FW
2973,0.24305200576782227,-12.644226676412169,3.7298602139357317e-06,FW,3.714476437802416e-08,2.590359233232259,-3.7298602139357317e-06,FW
2974,0.2431349754333496,-12.64422667641223,4.2254424180016015e-06,FW,4.0367035991778836e-08,2.5903592462009533,-4.2254424180016015e-06,FW
2975,0.24320411682128906,-12.644226676412316,4.304911822322621e-06,FW,4.552168179451905e-08,2.590359244611468,-4.304911822322621e-06,FW
2976,0.24327301979064941,-12.644226676412414,4.138822469162973e-06,FW,4.015164810846647e-08,2.5903592505400646,-4.138822469162973e-06,FW
2977,0.24334502220153809,-12.644226676412497,3.955280872047773e-06,FW,4.028918907368673e-08,2.59035919954402,-3.955280872047773e-06,FW
2978,0.24341511726379395,-12.644226676412579,3.909896179155048e-06,FW,3.7008675459021894e-08,2.590359206905607,-3.909896179155048e-06,FW
2979,0.24348711967468262,-12.644226676412657,4.267488714834733e-06,FW,4.186302972912759e-08,2.590359200128553,-4.267488714834733e-06,FW
2980,0.24355602264404297,-12.644226676412737,3.9400963774416375e-06,FW,4.617992812387263e-08,2.5903592796599493,-3.9400963774416375e-06,FW
2981,0.24362611770629883,-12.644226676412831,4.062166324855787e-06,FW,3.730302425354125e-08,2.5903592361710657,-4.062166324855787e-06,FW
2982,0.243696928024292,-12.644226676412913,4.083257391290784e-06,FW,3.840208321397244e-08,2.590359155000532,-4.083257391290784e-06,FW
2983,0.24376821517944336,-12.644226676412986,4.072428824802854e-06,FW,3.976731539348027e-08,2.590359150213411,-4.072428824802854e-06,FW
2984,0.2438359260559082,-12.644226676413073,3.967859873194035e-06,FW,3.882742377998004e-08,2.5903592309880894,-3.967859873194035e-06,FW
2985,0.24390602111816406,-12.644226676413142,3.9280162315302736e-06,FW,4.055961223617141e-08,2.5903592614862494,-3.9280162315302736e-06,FW
2986,0.24397492408752441,-12.644226676413226,4.093140096222969e-06,FW,3.771609743698621e-08,2.5903592259357087,-4.093140096222969e-06,FW
2987,0.24404501914978027,-12.6442266764133,3.9852694057318505e-06,FW,3.8568754337670115e-08,2.590359221502705,-3.9852694057318505e-06,FW
2988,0.24411606788635254,-12.644226676413375,3.998188622650334e-06,FW,3.8391622886179424e-08,2.5903591678464952,-3.998188622650334e-06,FW
2989,0.244185209274292,-12.644226676413453,3.900588030097962e-06,FW,3.8111554848381736e-08,2.5903592115443264,-3.900588030097962e-06,FW
2990,0.24425506591796875,-12.64422667641353,3.7572602283320045e-06,FW,3.955436406977883e-08,2.590359220507501,-3.7572602283320045e-06,FW
2991,0.24432587623596191,-12.6442266764136,4.079718432664636e-06,FW,3.9078683814102216e-08,2.59035915848723,-4.079718432664636e-06,FW
2992,0.24439406394958496,-12.644226676413687,3.998365205218346e-06,FW,3.8161695531017435e-08,2.5903591383594025,-3.998365205218346e-06,FW
2993,0.2444629669189453,-12.644226676413757,3.772972045706924e-06,FW,3.7092041425357965e-08,2.59035915286579,-3.772972045706924e-06,FW
2994,0.24453401565551758,-12.64422667641383,3.984320335395641e-06,FW,3.716492245987466e-08,2.5903591820926732,-3.984320335395641e-06,FW
2995,0.24460291862487793,-12.6442266764139,3.9554672984359884e-06,FW,3.915087746920021e-08,2.590359184797897,-3.9554672984359884e-06,FW
2996,0.2446751594543457,-12.64422667641398,3.8008119024879328e-06,FW,3.8814821971374095e-08,2.590359161859161,-3.8008119024879328e-06,FW
2997,0.24474310874938965,-12.644226676414055,3.7942256272543995e-06,FW,3.937034259302302e-08,2.5903592016004695,-3.7942256272543995e-06,FW
2998,0.2448110580444336,-12.64422667641413,3.756953225270143e-06,FW,3.760292530675291e-08,2.5903592045705146,-3.756953225270143e-06,FW
2999,0.24487900733947754,-12.644226676414203,3.6790491066140962e-06,FW,3.85205848645086e-08,2.5903591788207576,-3.6790491066140962e-06,FW
3000,0.2449491024017334,-12.644226676414272,4.038750125168189e-06,FW,4.495912527941036e-08,2.590359146228174,-4.038750125168189e-06,FW
3001,0.24502801895141602,-12.644226676414359,3.6780850382056585e-06,FW,3.365136087694262e-08,2.5903591601235894,-3.6780850382056585e-06,FW
3002,0.2451012134552002,-12.644226676414425,3.936160365772268e-06,FW,3.593131320404337e-08,2.5903591942890167,-3.936160365772268e-06,FW
3003,0.24517107009887695,-12.644226676414494,3.863134721754369e-06,FW,3.9072984627478523e-08,2.5903591707127305,-3.863134721754369e-06,FW
3004,0.2452411651611328,-12.644226676414574,3.756648787517358e-06,FW,3.852882587790497e-08,2.5903592177509545,-3.756648787517358e-06,FW
3005,0.24531006813049316,-12.644226676414634,3.817735109712395e-06,FW,3.9231937878505575e-08,2.590359217694318,-3.817735109712395e-06,FW
3006,0.24537920951843262,-12.644226676414718,4.023828296131904e-06,FW,3.754983889743835e-08,2.5903591564903077,-4.023828296131904e-06,FW
3007,0.24544906616210938,-12.644226676414794,3.794099767848169e-06,FW,3.9561666989493036e-08,2.5903591656480347,-3.794099767848169e-06,FW
3008,0.24551987648010254,-12.64422667641486,3.6309686137908637e-06,FW,3.686506531033799e-08,2.5903591461689013,-3.6309686137908637e-06,FW
3009,0.2455902099609375,-12.644226676414927,3.703227412693577e-06,FW,3.8895664361229554e-08,2.59035914938974,-3.703227412693577e-06,FW
3010,0.24565887451171875,-12.644226676415009,3.7284318918084924e-06,FW,3.355882233965611e-08,2.5903591120340304,-3.7284318918084924e-06,FW
3011,0.2457270622253418,-12.644226676415068,3.768146760438351e-06,FW,3.8826579104865295e-08,2.5903591123447005,-3.768146760438351e-06,FW
3012,0.24579524993896484,-12.64422667641514,3.765210949149833e-06,FW,3.644960458218384e-08,2.5903591511704884,-3.765210949149833e-06,FW
3013,0.2458639144897461,-12.644226676415206,3.4932805848819637e-06,FW,3.8146971079277504e-08,2.5903591564948316,-3.4932805848819637e-06,FW
3014,0.24593591690063477,-12.644226676415283,3.8032002562249367e-06,FW,3.784181486848843e-08,2.5903591140463664,-3.8032002562249367e-06,FW
3015,0.24600505828857422,-12.644226676415354,3.662875431617585e-06,FW,3.5436338305467546e-08,2.5903591188047708,-3.662875431617585e-06,FW
3016,0.24607396125793457,-12.644226676415416,3.5862682267323587e-06,FW,3.651002147122342e-08,2.59035913304161,-3.5862682267323587e-06,FW
3017,0.24614405632019043,-12.644226676415478,3.6700412313628306e-06,FW,3.66439809956747e-08,2.5903591534966437,-3.6700412313628306e-06,FW
3018,0.24621224403381348,-12.644226676415544,3.6837544102052977e-06,FW,3.905622945485939e-08,2.590359156014003,-3.6837544102052977e-06,FW
3019,0.24628210067749023,-12.644226676415617,3.5438575924223725e-06,FW,3.574330179504717e-08,2.590359103954826,-3.5438575924223725e-06,FW
3020,0.24635100364685059,-12.644226676415679,3.712835011465687e-06,FW,3.6572444643930806e-08,2.5903591075079806,-3.712835011465687e-06,FW
3021,0.24642205238342285,-12.644226676415748,3.5424774190717656e-06,FW,3.898096437110666e-08,2.5903590975659347,-3.5424774190717656e-06,FW
3022,0.2464900016784668,-12.644226676415817,3.6883693789319105e-06,FW,3.44218575615228e-08,2.5903591130903947,-3.6883693789319105e-06,FW
3023,0.24656105041503906,-12.644226676415883,3.5319979703185567e-06,FW,3.572122699236611e-08,2.590359137463123,-3.5319979703185567e-06,FW
3024,0.24662995338439941,-12.644226676415943,3.554410446082734e-06,FW,3.531138999198277e-08,2.590359098059055,-3.554410446082734e-06,FW
3025,0.24670004844665527,-12.64422667641601,3.5470780622021136e-06,FW,3.8646469697241994e-08,2.590359130726724,-3.5470780622021136e-06,FW
3026,0.24676990509033203,-12.644226676416078,3.563915503657089e-06,FW,3.579655318892077e-08,2.59035912845941,-3.563915503657089e-06,FW
3027,0.246840238571167,-12.64422667641614,3.6610342718373934e-06,FW,3.594260654018983e-08,2.5903591186309716,-3.6610342718373934e-06,FW
3028,0.24691009521484375,-12.64422667641621,3.5529296728287196e-06,FW,3.691061909183925e-08,2.5903590683686435,-3.5529296728287196e-06,FW
3029,0.2469792366027832,-12.644226676416267,3.5084955241487803e-06,FW,3.280339173458005e-08,2.5903591053500805,-3.5084955241487803e-06,FW
3030,0.24706506729125977,-12.644226676416336,3.435783151567451e-06,FW,3.5897897206443335e-08,2.590359132751669,-3.435783151567451e-06,FW
3031,0.24713611602783203,-12.644226676416391,3.734415872994057e-06,FW,3.5145895409667914e-08,2.590359113115192,-3.734415872994057e-06,FW
3032,0.24720501899719238,-12.644226676416459,3.4699339887117597e-06,FW,3.422419853227385e-08,2.590359072255082,-3.4699339887117597e-06,FW
3033,0.24727416038513184,-12.644226676416514,3.573721608488012e-06,FW,3.6677476731329085e-08,2.5903590813139705,-3.573721608488012e-06,FW
3034,0.2473440170288086,-12.64422667641658,3.467273520491032e-06,FW,3.491015706579965e-08,2.5903590481359062,-3.467273520491032e-06,FW
3035,0.24741411209106445,-12.644226676416643,3.3652260789107658e-06,FW,3.4839411855879505e-08,2.59035908827035,-3.3652260789107658e-06,FW
3036,0.2474839687347412,-12.644226676416697,3.440667693477284e-06,FW,3.319574581729441e-08,2.5903590440588773,-3.440667693477284e-06,FW
3037,0.24755406379699707,-12.644226676416759,3.4637351310207176e-06,FW,3.3253027288680004e-08,2.590359078537286,-3.4637351310207176e-06,FW
3038,0.24762296676635742,-12.644226676416816,3.5718289560920935e-06,FW,3.4806717416062214e-08,2.5903591093527796,-3.5718289560920935e-06,FW
3039,0.24769306182861328,-12.64422667641688,3.3113273868734527e-06,FW,3.468404065152024e-08,2.5903590793807814,-3.3113273868734527e-06,FW
3040,0.24776196479797363,-12.644226676416936,3.4652604186807823e-06,FW,3.40714226366806e-08,2.5903590567929538,-3.4652604186807823e-06,FW
3041,0.24783110618591309,-12.644226676416993,3.4936288262066295e-06,FW,3.580553128429506e-08,2.5903590271401646,-3.4936288262066295e-06,FW
3042,0.24790000915527344,-12.644226676417057,3.444825065757051e-06,FW,3.502773371190327e-08,2.5903590128656373,-3.444825065757051e-06,FW
3043,0.2479691505432129,-12.644226676417114,3.368923345750674e-06,FW,3.204699489211101e-08,2.5903590645281205,-3.368923345750674e-06,FW
3044,0.24803590774536133,-12.644226676417176,3.245848782196248e-06,FW,3.473545085831336e-08,2.590359025422686,-3.245848782196248e-06,FW
3045,0.24810409545898438,-12.644226676417231,3.4893620757953103e-06,FW,3.471374526180419e-08,2.590359035974614,-3.4893620757953103e-06,FW
3046,0.24817419052124023,-12.644226676417288,3.428767488156126e-06,FW,3.2466599619058255e-08,2.5903590577597666,-3.428767488156126e-06,FW
3047,0.24824190139770508,-12.644226676417345,3.319906958565433e-06,FW,3.3764618823586475e-08,2.5903590331087094,-3.319906958565433e-06,FW
3048,0.24831104278564453,-12.644226676417398,3.3652631125230537e-06,FW,3.263825504824004e-08,2.590359020594912,-3.3652631125230537e-06,FW
3049,0.24837994575500488,-12.644226676417452,3.290838512151617e-06,FW,3.058511910508449e-08,2.5903590726887042,-3.290838512151617e-06,FW
3050,0.24844813346862793,-12.644226676417503,3.1718664365715243e-06,FW,3.4383384417870854e-08,2.590359041882472,-3.1718664365715243e-06,FW
3051,0.2485179901123047,-12.644226676417562,3.289767159464496e-06,FW,3.253752935327249e-08,2.590359046109825,-3.289767159464496e-06,FW
3052,0.24858808517456055,-12.644226676417613,3.314677235410901e-06,FW,3.242295191615423e-08,2.590359009178567,-3.314677235410901e-06,FW
3053,0.2486560344696045,-12.64422667641767,3.4769321374805706e-06,FW,3.306353195771143e-08,2.5903590182436624,-3.4769321374805706e-06,FW
3054,0.24872517585754395,-12.64422667641773,3.31039746530315e-06,FW,3.265440471749872e-08,2.590359017763922,-3.31039746530315e-06,FW
3055,0.2487938404083252,-12.644226676417778,3.133794773471643e-06,FW,2.664001846207732e-08,2.5903590464322486,-3.133794773471643e-06,FW
3056,0.24886107444763184,-12.64422667641782,3.3255381205604673e-06,FW,3.2203765908742576e-08,2.5903590761060333,-3.3255381205604673e-06,FW
3057,0.2489302158355713,-12.64422667641787,3.2538616629440575e-06,FW,3.314883680322832e-08,2.5903590336987974,-3.2538616629440575e-06,FW
3058,0.24899888038635254,-12.644226676417924,3.3442492945734426e-06,FW,3.1744510122319664e-08,2.590358995259917,-3.3442492945734426e-06,FW
3059,0.2490692138671875,-12.644226676417983,3.29512476139604e-06,FW,3.203400479455546e-08,2.590359011793838,-3.29512476139604e-06,FW
3060,0.24913692474365234,-12.644226676418036,3.176080467140463e-06,FW,3.1018923170223625e-08,2.5903590185341625,-3.176080467140463e-06,FW
3061,0.2492051124572754,-12.64422667641808,3.2996875574953233e-06,FW,3.4762667383842835e-08,2.5903589916364673,-3.2996875574953233e-06,FW
3062,0.24927306175231934,-12.64422667641814,3.159209324338219e-06,FW,2.965816630796018e-08,2.590359015956992,-3.159209324338219e-06,FW
3063,0.2493441104888916,-12.644226676418189,3.224732943701847e-06,FW,3.019043119139781e-08,2.5903590022620997,-3.224732943701847e-06,FW
3064,0.24941396713256836,-12.644226676418235,3.037947250913997e-06,FW,3.2734020889719146e-08,2.5903590193947506,-3.037947250913997e-06,FW
3065,0.2494821548461914,-12.644226676418281,3.2783847541822952e-06,FW,3.045067916275777e-08,2.5903590238408016,-3.2783847541822952e-06,FW
3066,0.24955201148986816,-12.644226676418326,3.3576248848615764e-06,FW,3.396421844116201e-08,2.5903590132777476,-3.3576248848615764e-06,FW
3067,0.24962115287780762,-12.64422667641839,3.1662756241612744e-06,FW,2.7911815466278227e-08,2.5903590144015616,-3.1662756241612744e-06,FW
3068,0.24969100952148438,-12.644226676418436,3.12923028332468e-06,FW,3.3400976527878677e-08,2.5903590408633397,-3.12923028332468e-06,FW
3069,0.24976205825805664,-12.644226676418493,3.1502067253941224e-06,FW,3.1595411455022646e-08,2.5903590280285234,-3.1502067253941224e-06,FW
3070,0.249830961227417,-12.644226676418546,3.312781020808897e-06,FW,3.2573090244392185e-08,2.590358972860443,-3.312781020808897e-06,FW
3071,0.24990224838256836,-12.644226676418587,3.2048285264207887e-06,FW,3.2671250036489195e-08,2.5903589623118375,-3.2048285264207887e-06,FW
3072,0.2499690055847168,-12.644226676418644,2.9713506341233487e-06,FW,2.9520706346426423e-08,2.5903589575473824,-2.9713506341233487e-06,FW
3073,0.25003814697265625,-12.644226676418693,3.006316217968319e-06,FW,2.8452858117094157e-08,2.5903589789737627,-3.006316217968319e-06,FW
3074,0.250108003616333,-12.644226676418734,3.212284757012074e-06,FW,3.011767312151324e-08,2.590358948634665,-3.212284757012074e-06,FW
3075,0.25017619132995605,-12.644226676418786,3.231414857876591e-06,FW,3.054669882259992e-08,2.5903589934477504,-3.231414857876591e-06,FW
3076,0.2502448558807373,-12.644226676418825,3.0590507868605288e-06,FW,2.754763890661977e-08,2.590358963860307,-3.0590507868605288e-06,FW
3077,0.25031208992004395,-12.64422667641887,3.0742666476263336e-06,FW,2.7253530080511593e-08,2.590358954360624,-3.0742666476263336e-06,FW
3078,0.2503812313079834,-12.644226676418908,3.201104160188706e-06,FW,3.1583058735438644e-08,2.59035899633231,-3.201104160188706e-06,FW
3079,0.25046515464782715,-12.644226676418965,2.987213064145622e-06,FW,3.099035441311898e-08,2.590358934528638,-2.987213064145622e-06,FW
3080,0.2505340576171875,-12.64422667641901,3.153791462873201e-06,FW,2.9197213481682416e-08,2.5903589252650465,-3.153791462873201e-06,FW
3081,0.25060415267944336,-12.64422667641905,2.9261932231183785e-06,FW,3.021201528966475e-08,2.5903589640885247,-2.9261932231183785e-06,FW
3082,0.2506740093231201,-12.6442266764191,3.130465361669832e-06,FW,2.8603486220028413e-08,2.5903589406852263,-3.130465361669832e-06,FW
3083,0.25074315071105957,-12.64422667641915,3.0776204511806515e-06,FW,3.2490654988678666e-08,2.590358946581418,-3.0776204511806515e-06,FW
3084,0.2508120536804199,-12.644226676419196,3.0174622985962296e-06,FW,2.8992706584228567e-08,2.5903589382032544,-3.0174622985962296e-06,FW
3085,0.2508821487426758,-12.644226676419235,3.071953434380381e-06,FW,3.1655426567836314e-08,2.5903589405133434,-3.071953434380381e-06,FW
3086,0.2509582042694092,-12.64422667641929,2.8900705965756446e-06,FW,2.7427516210014445e-08,2.590358985071637,-2.8900705965756446e-06,FW
3087,0.25102806091308594,-12.644226676419327,3.1513387072495957e-06,FW,2.8886022786080468e-08,2.5903589266140803,-3.1513387072495957e-06,FW
3088,0.2510972023010254,-12.644226676419372,3.0985934256211323e-06,FW,2.94456047396711e-08,2.59035897144625,-3.0985934256211323e-06,FW
3089,0.25116705894470215,-12.644226676419416,2.8857043377211733e-06,FW,2.8640470741126563e-08,2.590358931402722,-2.8857043377211733e-06,FW
3090,0.2512352466583252,-12.644226676419459,2.923199420981626e-06,FW,2.6089854287375982e-08,2.590358961944642,-2.923199420981626e-06,FW
3091,0.25130295753479004,-12.644226676419498,3.008098126519587e-06,FW,3.1523907444399646e-08,2.5903589690459237,-3.008098126519587e-06,FW
3092,0.2513720989227295,-12.644226676419537,2.819536275275314e-06,FW,3.162442008454048e-08,2.59035894094221,-2.819536275275314e-06,FW
3093,0.25144100189208984,-12.644226676419587,3.061039593382775e-06,FW,2.9880386219549356e-08,2.5903589106916622,-3.061039593382775e-06,FW
3094,0.2515110969543457,-12.644226676419635,2.904897285355146e-06,FW,2.6927162109680413e-08,2.5903589185824614,-2.904897285355146e-06,FW
3095,0.25157999992370605,-12.644226676419672,3.0013625712393965e-06,FW,3.0171377080101216e-08,2.5903589391884445,-3.0013625712393965e-06,FW
3096,0.2516500949859619,-12.644226676419716,3.0186401445420064e-06,FW,2.9316802612969474e-08,2.590358921073831,-3.0186401445420064e-06,FW
3097,0.25171899795532227,-12.644226676419768,2.820022493091323e-06,FW,3.0037666819681195e-08,2.5903588767706456,-2.820022493091323e-06,FW
3098,0.2517881393432617,-12.644226676419802,3.0417300829477245e-06,FW,2.8299042034932272e-08,2.5903588999476215,-3.0417300829477245e-06,FW
3099,0.2518579959869385,-12.64422667641985,2.9020343224744893e-06,FW,2.6199394621283677e-08,2.5903589041933857,-2.9020343224744893e-06,FW
3100,0.25192713737487793,-12.644226676419885,2.9305376687271956e-06,FW,3.1765828451892805e-08,2.590358910674897,-2.9305376687271956e-06,FW
3101,0.2519969940185547,-12.644226676419931,2.8955797586743826e-06,FW,2.8997075871279774e-08,2.5903589171342793,-2.8955797586743826e-06,FW
3102,0.25206518173217773,-12.644226676419981,2.737936913091432e-06,FW,2.5820911805169735e-08,2.5903589199602544,-2.737936913091432e-06,FW
3103,0.2521350383758545,-12.644226676420013,2.9912296644618586e-06,FW,2.8268593011613496e-08,2.5903589218506844,-2.9912296644618586e-06,FW
3104,0.2522130012512207,-12.644226676420052,2.896178657091353e-06,FW,3.1140075633953055e-08,2.590358928318058,-2.896178657091353e-06,FW
3105,0.25228285789489746,-12.644226676420093,2.7668495424099104e-06,FW,2.924557456448063e-08,2.5903588787777077,-2.7668495424099104e-06,FW
3106,0.25235509872436523,-12.644226676420141,2.915305415976399e-06,FW,2.8251949498608175e-08,2.590358878394455,-2.915305415976399e-06,FW
3107,0.2524261474609375,-12.644226676420182,2.7968013323192986e-06,FW,2.8016989291922337e-08,2.590358870176838,-2.7968013323192986e-06,FW
3108,0.25249600410461426,-12.644226676420214,2.935306742515853e-06,FW,2.95779917423682e-08,2.590358912740026,-2.935306742515853e-06,FW
3109,0.2525670528411865,-12.644226676420264,2.786065881915656e-06,FW,2.8783083677149098e-08,2.5903589227029777,-2.786065881915656e-06,FW
3110,0.2526381015777588,-12.644226676420304,2.798607740911452e-06,FW,3.10321188202055e-08,2.590358900925101,-2.798607740911452e-06,FW
3111,0.25270891189575195,-12.644226676420343,2.71338913003516e-06,FW,2.7744361472539597e-08,2.5903588715314756,-2.71338913003516e-06,FW
3112,0.2527801990509033,-12.64422667642038,2.8124692945386e-06,FW,2.5723161364818142e-08,2.590358858324828,-2.8124692945386e-06,FW
3113,0.2528510093688965,-12.64422667642042,2.830201776937713e-06,FW,2.7109753150850907e-08,2.590358900708658,-2.830201776937713e-06,FW
3114,0.25295019149780273,-12.644226676420455,3.0038175396207567e-06,FW,2.8905048309850484e-08,2.590358912280401,-3.0038175396207567e-06,FW
3115,0.2531242370605469,-12.644226676420503,2.6658507687460364e-06,FW,2.4274167159395394e-08,2.5903589177863373,-2.6658507687460364e-06,FW
3116,0.2532811164855957,-12.644226676420532,2.705996214297235e-06,FW,2.8385515625042606e-08,2.590358862973514,-2.705996214297235e-06,FW
3117,0.2534348964691162,-12.644226676420574,2.7674867716098728e-06,FW,2.7601046219268413e-08,2.5903588514744835,-2.7674867716098728e-06,FW
3118,0.2535879611968994,-12.644226676420612,2.673206119838123e-06,FW,2.767678799941876e-08,2.590358901180466,-2.673206119838123e-06,FW
3119,0.2537410259246826,-12.644226676420645,2.775894119289024e-06,FW,2.4865693392409087e-08,2.5903588596534433,-2.775894119289024e-06,FW
3120,0.253892183303833,-12.644226676420681,2.906071922784137e-06,FW,2.8579207861921057e-08,2.590358868320605,-2.906071922784137e-06,FW
3121,0.2540440559387207,-12.644226676420727,2.7908974845614054e-06,FW,2.7711709551141112e-08,2.5903588713283554,-2.7908974845614054e-06,FW
3122,0.2541959285736084,-12.644226676420764,2.789980878215026e-06,FW,2.6134927814844513e-08,2.5903588595628357,-2.789980878215026e-06,FW
3123,0.2543470859527588,-12.644226676420796,2.718848729710288e-06,FW,2.5471805452391832e-08,2.590358833333862,-2.718848729710288e-06,FW
3124,0.25449705123901367,-12.644226676420839,2.709032381184584e-06,FW,2.5871633032596356e-08,2.5903588107516877,-2.709032381184584e-06,FW
3125,0.25464820861816406,-12.644226676420876,2.6604659472961867e-06,FW,2.6778289905517882e-08,2.5903588698866367,-2.6604659472961867e-06,FW
3126,0.25479888916015625,-12.644226676420907,2.6474859002589834e-06,FW,2.8306523810430285e-08,2.5903588805213786,-2.6474859002589834e-06,FW
3127,0.25495314598083496,-12.644226676420946,2.6779603947840736e-06,FW,2.623856557692022e-08,2.5903588637591284,-2.6779603947840736e-06,FW
3128,0.25502610206604004,-12.644226676420978,2.6944417935576004e-06,FW,2.724748577881552e-08,2.5903588298992983,-2.6944417935576004e-06,FW
3129,0.2550971508026123,-12.644226676421015,2.715542267522908e-06,FW,2.6400280554155938e-08,2.5903588480808146,-2.715542267522908e-06,FW
3130,0.25516605377197266,-12.644226676421052,2.7538905088830834e-06,FW,2.592144020364975e-08,2.5903588667388315,-2.7538905088830834e-06,FW
3131,0.25523805618286133,-12.644226676421084,2.7827879005293266e-06,FW,2.6800530816732715e-08,2.590358890679979,-2.7827879005293266e-06,FW
3132,0.2553081512451172,-12.644226676421125,2.6149172133865806e-06,FW,2.44832388063318e-08,2.5903588484854283,-2.6149172133865806e-06,FW
3133,0.25537896156311035,-12.64422667642115,2.592827193559355e-06,FW,2.616837269270424e-08,2.5903588337812162,-2.592827193559355e-06,FW
3134,0.2554490566253662,-12.644226676421189,2.54082383005505e-06,FW,2.4971916190327674e-08,2.5903588404300026,-2.54082383005505e-06,FW
3135,0.25551915168762207,-12.64422667642122,2.697927095063335e-06,FW,2.6938086760685866e-08,2.590358847246617,-2.697927095063335e-06,FW
3136,0.25558900833129883,-12.644226676421257,2.586023113385072e-06,FW,2.4837602926469447e-08,2.590358838426187,-2.586023113385072e-06,FW
3137,0.2556581497192383,-12.644226676421285,2.605466879718188e-06,FW,2.4281007543600073e-08,2.5903588719492934,-2.605466879718188e-06,FW
3138,0.25572896003723145,-12.644226676421322,2.5932499360115102e-06,FW,2.5060673914571126e-08,2.590358851678327,-2.5932499360115102e-06,FW
3139,0.2557990550994873,-12.644226676421354,2.6102298331248663e-06,FW,2.6501018723462513e-08,2.590358851270704,-2.6102298331248663e-06,FW
3140,0.25587010383605957,-12.644226676421383,2.6964616174351974e-06,FW,2.5457034085893785e-08,2.5903588352700355,-2.6964616174351974e-06,FW
3141,0.25594019889831543,-12.644226676421424,2.545081081564704e-06,FW,2.4436022509143926e-08,2.5903588130532698,-2.545081081564704e-06,FW
3142,0.2560110092163086,-12.644226676421452,2.7418552903113458e-06,FW,2.612987990183938e-08,2.590358798987394,-2.7418552903113458e-06,FW
3143,0.25608086585998535,-12.64422667642149,2.4752250271375953e-06,FW,2.478417671771532e-08,2.590358830255769,-2.4752250271375953e-06,FW
3144,0.2561521530151367,-12.64422667642152,2.493737546224728e-06,FW,2.4646843970760855e-08,2.5903588309656898,-2.493737546224728e-06,FW
3145,0.2562220096588135,-12.644226676421553,2.5404738345502498e-06,FW,2.558592290997068e-08,2.5903588426768884,-2.5404738345502498e-06,FW
3146,0.25629186630249023,-12.644226676421583,2.7101281250552223e-06,FW,2.4115136217699357e-08,2.590358816083745,-2.7101281250552223e-06,FW
3147,0.2563631534576416,-12.644226676421617,2.536525775906351e-06,FW,2.5872847894656376e-08,2.5903588198681984,-2.536525775906351e-06,FW
3148,0.25643301010131836,-12.644226676421649,2.3817483310317744e-06,FW,2.448298632011512e-08,2.5903588225504093,-2.3817483310317744e-06,FW
3149,0.2565040588378906,-12.644226676421676,2.5063495613653064e-06,FW,2.380100975434692e-08,2.5903588332143705,-2.5063495613653064e-06,FW
3150,0.2565751075744629,-12.644226676421702,2.6742153901165855e-06,FW,2.525075183378888e-08,2.5903588154371873,-2.6742153901165855e-06,FW
3151,0.25664496421813965,-12.64422667642174,2.6233542862186265e-06,FW,2.7366883859303015e-08,2.590358830835199,-2.6233542862186265e-06,FW
3152,0.2567150592803955,-12.644226676421777,2.375015470679198e-06,FW,2.4654110545461152e-08,2.5903588211717747,-2.375015470679198e-06,FW
3153,0.2567861080169678,-12.644226676421807,2.31962657276652e-06,FW,2.4298046552102042e-08,2.5903588112083376,-2.31962657276652e-06,FW
3154,0.2568550109863281,-12.644226676421832,2.552259215110597e-06,FW,2.472942085702937e-08,2.59035881523655,-2.552259215110597e-06,FW
3155,0.25693392753601074,-12.644226676421868,2.648080294098687e-06,FW,2.501434037142525e-08,2.590358810150514,-2.648080294098687e-06,FW
3156,0.2570040225982666,-12.644226676421896,2.4459003910570765e-06,FW,2.520245026933808e-08,2.5903588136843587,-2.4459003910570765e-06,FW
3157,0.25707197189331055,-12.64422667642193,2.4656635113085024e-06,FW,2.3822094291721833e-08,2.5903588234575583,-2.4656635113085024e-06,FW
3158,0.2571389675140381,-12.644226676421955,2.428169421225812e-06,FW,2.406452714496033e-08,2.5903587800639203,-2.428169421225812e-06,FW
3159,0.25720715522766113,-12.644226676421988,2.5424348080033132e-06,FW,2.7911080544762315e-08,2.590358824905636,-2.5424348080033132e-06,FW
3160,0.257274866104126,-12.644226676422026,2.3530539071947576e-06,FW,2.2777820668106025e-08,2.590358819264228,-2.3530539071947576e-06,FW
3161,0.257343053817749,-12.64422667642205,2.432132553853439e-06,FW,2.3786393756888708e-08,2.5903588289947876,-2.432132553853439e-06,FW
3162,0.2574121952056885,-12.644226676422077,2.582173839582591e-06,FW,2.2746254007001858e-08,2.5903588217734295,-2.582173839582591e-06,FW
3163,0.2574789524078369,-12.64422667642211,2.5273106807610635e-06,FW,2.538804254280456e-08,2.590358825762471,-2.5273106807610635e-06,FW
3164,0.25754714012145996,-12.644226676422143,2.3598402014990416e-06,FW,2.495145464472109e-08,2.5903588240458206,-2.3598402014990416e-06,FW
3165,0.2576141357421875,-12.644226676422173,2.4029052163310194e-06,FW,2.252660459657532e-08,2.590358763841488,-2.4029052163310194e-06,FW
3166,0.25768303871154785,-12.644226676422196,2.466303702014505e-06,FW,2.4411589429743428e-08,2.590358773242622,-2.466303702014505e-06,FW
3167,0.2577512264251709,-12.644226676422225,2.3050525878864914e-06,FW,2.2759324936629088e-08,2.590358757177357,-2.3050525878864914e-06,FW
3168,0.25781726837158203,-12.644226676422244,2.517653912820217e-06,FW,2.4750030350080282e-08,2.5903587776443797,-2.517653912820217e-06,FW
3169,0.2578849792480469,-12.64422667642228,2.41355033904489e-06,FW,2.440841021168729e-08,2.5903587887506307,-2.41355033904489e-06,FW
3170,0.257951021194458,-12.644226676422317,2.3312054314716946e-06,FW,2.4040841533101992e-08,2.5903587809745385,-2.3312054314716946e-06,FW
3171,0.25801992416381836,-12.644226676422342,2.418215431565507e-06,FW,2.4280118513195135e-08,2.5903587408274635,-2.418215431565507e-06,FW
3172,0.2580881118774414,-12.644226676422372,2.3458126638675747e-06,FW,2.1651530418515594e-08,2.5903587479985886,-2.3458126638675747e-06,FW
3173,0.25815606117248535,-12.644226676422397,2.471303259185542e-06,FW,2.359600489889138e-08,2.590358766353129,-2.471303259185542e-06,FW
3174,0.2582240104675293,-12.644226676422424,2.4520708257758095e-06,FW,2.420393699598634e-08,2.590358764177588,-2.4520708257758095e-06,FW
3175,0.25829100608825684,-12.644226676422457,2.29720315515769e-06,FW,2.3048612592143444e-08,2.590358783266016,-2.29720315515769e-06,FW
3176,0.2583580017089844,-12.644226676422482,2.2602446629604867e-06,FW,2.242012705585378e-08,2.590358758300823,-2.2602446629604867e-06,FW
3177,0.258425235748291,-12.64422667642251,2.3563025531442294e-06,FW,2.3413840110957252e-08,2.5903587660423497,-2.3563025531442294e-06,FW
3178,0.25849199295043945,-12.644226676422534,2.322607157531631e-06,FW,2.282221902720748e-08,2.5903587796864085,-2.322607157531631e-06,FW
3179,0.258558988571167,-12.64422667642256,2.3995003437804474e-06,FW,2.1939726645292386e-08,2.5903587747692245,-2.3995003437804474e-06,FW
3180,0.25862717628479004,-12.644226676422587,2.351135962752604e-06,FW,2.2764532659198053e-08,2.5903587617896444,-2.351135962752604e-06,FW
3181,0.2586960792541504,-12.644226676422615,2.3172765197670975e-06,FW,2.363551992002359e-08,2.590358776170337,-2.3172765197670975e-06,FW
3182,0.25876402854919434,-12.644226676422637,2.3187474985086887e-06,FW,2.314568526162515e-08,2.590358759995953,-2.3187474985086887e-06,FW
3183,0.2588310241699219,-12.64422667642267,2.17903211505166e-06,FW,2.0156748410974823e-08,2.59035876140817,-2.17903211505166e-06,FW
3184,0.25890588760375977,-12.644226676422694,2.298919748608408e-06,FW,2.4642340757562226e-08,2.5903587598085305,-2.298919748608408e-06,FW
3185,0.25897812843322754,-12.644226676422717,2.3833772289233446e-06,FW,2.1843039178558703e-08,2.5903587622018347,-2.3833772289233446e-06,FW
3186,0.2590470314025879,-12.644226676422747,2.4124214900583807e-06,FW,2.2921871393984088e-08,2.5903587538236663,-2.4124214900583807e-06,FW
3187,0.25911808013916016,-12.644226676422772,2.1585778210431172e-06,FW,2.019993576943942e-08,2.590358738445894,-2.1585778210431172e-06,FW
3188,0.2591869831085205,-12.6442266764228,2.3907654431720715e-06,FW,2.2261698546421484e-08,2.5903587082297936,-2.3907654431720715e-06,FW
3189,0.2592580318450928,-12.64422667642282,2.1691242425708746e-06,FW,2.1028676950313632e-08,2.5903587584763272,-2.1691242425708746e-06,FW
3190,0.2593271732330322,-12.644226676422843,2.283891286800066e-06,FW,2.1211261428760647e-08,2.590358766967836,-2.283891286800066e-06,FW
3191,0.25939512252807617,-12.644226676422866,2.2926842209725073e-06,FW,2.2548264042426477e-08,2.5903587664543757,-2.2926842209725073e-06,FW
3192,0.25946497917175293,-12.644226676422901,2.1680962638270795e-06,FW,2.460420397201201e-08,2.5903587356921376,-2.1680962638270795e-06,FW
3193,0.2595348358154297,-12.644226676422926,2.2207495542214684e-06,FW,2.2390791300388973e-08,2.5903587057551984,-2.2207495542214684e-06,FW
3194,0.25960612297058105,-12.644226676422953,2.268450131626132e-06,FW,2.1642104101760156e-08,2.590358724249869,-2.268450131626132e-06,FW
3195,0.2596759796142578,-12.644226676422972,2.3895539041918212e-06,FW,2.129957475557478e-08,2.590358765390736,-2.3895539041918212e-06,FW
3196,0.2597479820251465,-12.644226676422994,2.245131663802802e-06,FW,2.210806509322104e-08,2.5903587331802953,-2.245131663802802e-06,FW
3197,0.25981903076171875,-12.64422667642302,2.1552688132531195e-06,FW,2.1266449928287128e-08,2.590358743528872,-2.1552688132531195e-06,FW
3198,0.2598888874053955,-12.64422667642304,2.153345982094934e-06,FW,2.063401610619835e-08,2.590358727896,-2.153345982094934e-06,FW
3199,0.25995802879333496,-12.644226676423065,2.133757028163763e-06,FW,2.213905256768573e-08,2.590358725988314,-2.133757028163763e-06,FW
3200,0.2600278854370117,-12.644226676423092,2.204551089596274e-06,FW,2.2595550996618782e-08,2.5903587351218733,-2.204551089596274e-06,FW
3201,0.26009702682495117,-12.644226676423111,2.206092154802275e-06,FW,2.278704974156226e-08,2.590358751240124,-2.206092154802275e-06,FW
3202,0.2601659297943115,-12.644226676423138,2.186740639203988e-06,FW,2.1637892551246243e-08,2.590358732616582,-2.186740639203988e-06,FW
3203,0.2602381706237793,-12.64422667642316,2.283972170474824e-06,FW,2.1256964747554054e-08,2.590358713996022,-2.283972170474824e-06,FW
3204,0.26030707359313965,-12.644226676423186,2.227754097500201e-06,FW,2.115683278691017e-08,2.5903587320456314,-2.227754097500201e-06,FW
3205,0.2603771686553955,-12.644226676423214,2.161223701419024e-06,FW,2.151666328913142e-08,2.590358733323227,-2.161223701419024e-06,FW
3206,0.2604548931121826,-12.64422667642323,2.1214816581099916e-06,FW,2.2049160884466148e-08,2.5903587141328592,-2.1214816581099916e-06,FW
3207,0.26068615913391113,-12.64422667642326,2.071414451618181e-06,FW,2.0159109125826037e-08,2.59035871428553,-2.071414451618181e-06,FW
3208,0.26085615158081055,-12.644226676423282,2.2752804831466245e-06,FW,2.0835401229343167e-08,2.5903587369648107,-2.2752804831466245e-06,FW
3209,0.2610170841217041,-12.644226676423301,2.2328009110783587e-06,FW,2.263992531362401e-08,2.5903587177010787,-2.2328009110783587e-06,FW
3210,0.2611711025238037,-12.644226676423322,2.0896853509810853e-06,FW,2.0522549780824934e-08,2.5903587199084916,-2.0896853509810853e-06,FW
3211,0.2613241672515869,-12.644226676423353,2.137399419746555e-06,FW,1.9007786567576196e-08,2.590358707157892,-2.137399419746555e-06,FW
3212,0.2614750862121582,-12.644226676423367,2.199461221125132e-06,FW,2.1446163896052396e-08,2.5903586901707114,-2.199461221125132e-06,FW
3213,0.2616279125213623,-12.644226676423395,2.0537342471094178e-06,FW,2.1230708208021924e-08,2.5903586961125824,-2.0537342471094178e-06,FW
3214,0.2617790699005127,-12.644226676423415,2.096461939257721e-06,FW,2.1798132081271326e-08,2.590358708657877,-2.096461939257721e-06,FW
3215,0.2619311809539795,-12.644226676423436,2.145745132769994e-06,FW,2.1223867477128934e-08,2.5903587247709527,-2.145745132769994e-06,FW
3216,0.2620820999145508,-12.644226676423456,2.1443300753931638e-06,FW,2.110351384421822e-08,2.5903587060939524,-2.1443300753931638e-06,FW
3217,0.2622349262237549,-12.644226676423486,2.1506163433021586e-06,FW,2.112228520143824e-08,2.5903586802226517,-2.1506163433021586e-06,FW
3218,0.26238489151000977,-12.64422667642351,2.011920506445053e-06,FW,2.059382474003972e-08,2.59035869473473,-2.011920506445053e-06,FW
3219,0.26253604888916016,-12.644226676423525,1.9697115419686773e-06,FW,2.0577712274969872e-08,2.590358710904097,-1.9697115419686773e-06,FW
3220,0.26268815994262695,-12.64422667642354,2.080332635628901e-06,FW,2.128545084876278e-08,2.5903586722762397,-2.080332635628901e-06,FW
3221,0.2628481388092041,-12.644226676423568,2.1717579650748497e-06,FW,2.134900156200899e-08,2.5903587032263196,-2.1717579650748497e-06,FW
3222,0.2629251480102539,-12.644226676423594,2.043535500734217e-06,FW,2.0819027785602417e-08,2.590358714938026,-2.043535500734217e-06,FW
3223,0.26299500465393066,-12.64422667642361,2.0766007943207043e-06,FW,1.986899883700378e-08,2.590358676887888,-2.0766007943207043e-06,FW
3224,0.2630620002746582,-12.644226676423633,2.0759670931458363e-06,FW,2.0101030445890696e-08,2.5903586712594664,-2.0759670931458363e-06,FW
3225,0.2631418704986572,-12.644226676423651,2.01000696743725e-06,FW,2.1729682306054303e-08,2.5903586813323582,-2.01000696743725e-06,FW
3226,0.26323890686035156,-12.644226676423678,2.07360618732777e-06,FW,1.9332584787101913e-08,2.5903587007264415,-2.07360618732777e-06,FW
3227,0.2633092403411865,-12.644226676423694,2.02421915806994e-06,FW,2.021014449696628e-08,2.5903587033596995,-2.02421915806994e-06,FW
3228,0.26337695121765137,-12.644226676423719,2.1947156116086664e-06,FW,2.1998434937038882e-08,2.590358681771429,-2.1947156116086664e-06,FW
3229,0.2634470462799072,-12.644226676423743,1.963503986734949e-06,FW,1.8574207911940815e-08,2.5903586698321566,-1.963503986734949e-06,FW
3230,0.263516902923584,-12.64422667642376,2.0301115651599755e-06,FW,1.9198086971486504e-08,2.590358679917995,-2.0301115651599755e-06,FW
3231,0.26358723640441895,-12.64422667642378,1.9821814335185817e-06,FW,1.953330919216586e-08,2.5903586755775647,-1.9821814335185817e-06,FW
3232,0.2636590003967285,-12.644226676423795,2.130667245650586e-06,FW,1.9945565209207403e-08,2.5903586776687213,-2.130667245650586e-06,FW
3233,0.26372790336608887,-12.64422667642382,2.0346128637299676e-06,FW,1.8486608119871675e-08,2.5903586766782505,-2.0346128637299676e-06,FW
3234,0.2637979984283447,-12.644226676423845,1.9274623393739088e-06,FW,1.8258561191276293e-08,2.5903586886048897,-1.9274623393739088e-06,FW
3235,0.263869047164917,-12.644226676423857,2.0252185995994765e-06,FW,1.845439774485063e-08,2.590358682974809,-2.0252185995994765e-06,FW
3236,0.26393818855285645,-12.644226676423868,1.9393177870669076e-06,FW,1.837947638479286e-08,2.590358675100968,-1.9393177870669076e-06,FW
3237,0.2640089988708496,-12.644226676423893,1.9844892365644684e-06,FW,2.220816894275708e-08,2.5903586846222,-1.9844892365644684e-06,FW
3238,0.26407885551452637,-12.644226676423914,1.8772775154940469e-06,FW,1.874247015415382e-08,2.590358667703593,-1.8772775154940469e-06,FW
3239,0.2641470432281494,-12.644226676423932,1.9990451883833416e-06,FW,1.96458871342465e-08,2.5903586708960735,-1.9990451883833416e-06,FW
3240,0.2642178535461426,-12.644226676423951,2.050650712154267e-06,FW,1.8774097640974717e-08,2.590358685803491,-2.050650712154267e-06,FW
3241,0.26428818702697754,-12.64422667642397,1.9629790793118662e-06,FW,2.0330667030812023e-08,2.5903586882545167,-1.9629790793118662e-06,FW
3242,0.2643580436706543,-12.644226676423992,1.9616565355567994e-06,FW,2.030031932138374e-08,2.5903586785813633,-1.9616565355567994e-06,FW
3243,0.26442813873291016,-12.644226676424012,1.9329208318374924e-06,FW,1.824353262196717e-08,2.590358647018056,-1.9329208318374924e-06,FW
3244,0.2644989490509033,-12.64422667642403,1.9158077241149263e-06,FW,1.9980148866959273e-08,2.590358653098075,-1.9158077241149263e-06,FW
3245,0.26456713676452637,-12.644226676424042,1.9414308197046592e-06,FW,1.9074441170225314e-08,2.5903586462304533,-1.9414308197046592e-06,FW
3246,0.26463794708251953,-12.64422667642406,1.9509649522297945e-06,FW,1.9304059588474718e-08,2.590358670379554,-1.9509649522297945e-06,FW
3247,0.2647099494934082,-12.644226676424092,2.0228867434052278e-06,FW,1.8918645643092303e-08,2.590358672471767,-2.0228867434052278e-06,FW
3248,0.2647860050201416,-12.644226676424108,2.0322922241466923e-06,FW,1.921149142727498e-08,2.59035864357203,-2.0322922241466923e-06,FW
3249,0.2648580074310303,-12.644226676424122,1.9004844607067861e-06,FW,1.8233428229109236e-08,2.590358645129297,-1.9004844607067861e-06,FW
3250,0.2649569511413574,-12.644226676424141,1.7590902090525162e-06,FW,1.7162196187006026e-08,2.5903586528305755,-1.7590902090525162e-06,FW
3251,0.26505494117736816,-12.644226676424156,1.950730203120754e-06,FW,1.978798896410352e-08,2.590358656174393,-1.950730203120754e-06,FW
3252,0.265125036239624,-12.644226676424175,1.938257165254309e-06,FW,1.916274286251054e-08,2.5903586330084214,-1.938257165254309e-06,FW
3253,0.2651951313018799,-12.644226676424196,1.9049031289436469e-06,FW,1.7625724760268163e-08,2.590358640653333,-1.9049031289436469e-06,FW
3254,0.2652628421783447,-12.64422667642421,1.9632273436653858e-06,FW,1.877954320229028e-08,2.590358651296958,-1.9632273436653858e-06,FW
3255,0.2653331756591797,-12.644226676424225,1.8640187769286554e-06,FW,1.7924376629623204e-08,2.590358644627553,-1.8640187769286554e-06,FW
3256,0.26540303230285645,-12.644226676424239,1.920611197095412e-06,FW,1.8835146416354046e-08,2.5903586555767717,-1.920611197095412e-06,FW
3257,0.2654731273651123,-12.644226676424267,1.8332329435322148e-06,FW,1.743161289882071e-08,2.590358625379982,-1.8332329435322148e-06,FW
3258,0.26554393768310547,-12.644226676424275,1.8907196914635938e-06,FW,1.987840323805847e-08,2.5903586250374464,-1.8907196914635938e-06,FW
3259,0.26561427116394043,-12.644226676424294,1.8885574483151757e-06,FW,1.8293943100091895e-08,2.5903586297289944,-1.8885574483151757e-06,FW
3260,0.2656841278076172,-12.644226676424314,1.7935920070544231e-06,FW,1.651793162259253e-08,2.5903586431847674,-1.7935920070544231e-06,FW
3261,0.26575398445129395,-12.644226676424328,1.8375487782634758e-06,FW,1.8614583875018325e-08,2.5903586455833945,-1.8375487782634758e-06,FW
3262,0.2658231258392334,-12.644226676424351,1.933562785078058e-06,FW,1.9599510278965136e-08,2.5903586370939147,-1.933562785078058e-06,FW
3263,0.26589393615722656,-12.644226676424367,1.8847333987243031e-06,FW,1.8429628756579633e-08,2.5903586382479222,-1.8847333987243031e-06,FW
3264,0.265963077545166,-12.644226676424385,1.8212656034410912e-06,FW,1.81895845968705e-08,2.59035864782672,-1.8212656034410912e-06,FW
3265,0.2660338878631592,-12.644226676424397,1.8651944107273e-06,FW,1.935636176250062e-08,2.590358628244536,-1.8651944107273e-06,FW
3266,0.26610302925109863,-12.64422667642442,1.7737740091727794e-06,FW,1.8558335313857498e-08,2.5903586204144666,-1.7737740091727794e-06,FW
3267,0.2661731243133545,-12.644226676424434,1.8280426239691838e-06,FW,1.7750266217281132e-08,2.5903586088144452,-1.8280426239691838e-06,FW
3268,0.26624202728271484,-12.644226676424456,1.9584583921539167e-06,FW,1.7341956685032814e-08,2.590358616520382,-1.9584583921539167e-06,FW
3269,0.2663109302520752,-12.644226676424465,1.8036123718562225e-06,FW,1.8432077114337127e-08,2.5903586404915435,-1.8036123718562225e-06,FW
3270,0.26638221740722656,-12.644226676424482,1.7825205493315899e-06,FW,1.762560329577896e-08,2.5903586379650396,-1.7825205493315899e-06,FW
3271,0.2664520740509033,-12.644226676424495,1.7945094784865834e-06,FW,1.841445889370237e-08,2.5903586163931487,-1.7945094784865834e-06,FW
3272,0.2665212154388428,-12.644226676424518,1.6784284232324032e-06,FW,1.8979492927018234e-08,2.5903586243379677,-1.6784284232324032e-06,FW
3273,0.26659107208251953,-12.64422667642453,1.795761937761764e-06,FW,1.689937924155337e-08,2.5903586401164653,-1.795761937761764e-06,FW
3274,0.2666609287261963,-12.644226676424548,1.8554135656906334e-06,FW,1.6897667781313246e-08,2.5903586350208294,-1.8554135656906334e-06,FW
3275,0.26673007011413574,-12.64422667642456,1.8676620172353164e-06,FW,2.0450962200984246e-08,2.590358647603483,-1.8676620172353164e-06,FW
3276,0.2669250965118408,-12.644226676424584,1.8393968870128452e-06,FW,1.779945547071453e-08,2.5903586143082404,-1.8393968870128452e-06,FW
3277,0.26708316802978516,-12.644226676424601,1.7135797782397155e-06,FW,1.6044587885402557e-08,2.590358602219623,-1.7135797782397155e-06,FW
3278,0.2672410011291504,-12.644226676424612,1.727789885122566e-06,FW,1.670537452963203e-08,2.590358617019484,-1.727789885122566e-06,FW
3279,0.26740312576293945,-12.644226676424628,1.8304379932748693e-06,FW,1.7777650500391883e-08,2.5903586113859753,-1.8304379932748693e-06,FW
3280,0.26755523681640625,-12.644226676424642,1.7197628222886951e-06,FW,1.8419137883419933e-08,2.590358627304246,-1.7197628222886951e-06,FW
3281,0.2676870822906494,-12.644226676424662,1.7621297241782186e-06,FW,1.750105311805721e-08,2.590358599512498,-1.7621297241782186e-06,FW
3282,0.26777195930480957,-12.64422667642467,1.7798917971711958e-06,FW,1.66657622415925e-08,2.5903586112964314,-1.7798917971711958e-06,FW
3283,0.26784205436706543,-12.644226676424694,1.7816833597361637e-06,FW,1.7935384139735526e-08,2.590358608509113,-1.7816833597361637e-06,FW
3284,0.2679119110107422,-12.644226676424706,1.7366708098265349e-06,FW,1.6123559710695574e-08,2.5903586021898604,-1.7366708098265349e-06,FW
3285,0.26798009872436523,-12.644226676424719,1.7824341292382861e-06,FW,1.6853495197828255e-08,2.5903586184706078,-1.7824341292382861e-06,FW
3286,0.2680490016937256,-12.644226676424738,1.7105309253473422e-06,FW,1.6705177272692596e-08,2.5903586099882348,-1.7105309253473422e-06,FW
3287,0.26811814308166504,-12.644226676424744,1.749852544530306e-06,FW,1.7827153841242134e-08,2.5903586214269074,-1.749852544530306e-06,FW
3288,0.2681858539581299,-12.64422667642477,1.7193875981869056e-06,FW,1.685762732667262e-08,2.5903585990369646,-1.7193875981869056e-06,FW
3289,0.26825404167175293,-12.64422667642478,1.6954586576911623e-06,FW,1.5672744576871897e-08,2.590358590682828,-1.6954586576911623e-06,FW
3290,0.2683248519897461,-12.644226676424795,1.7588209635793772e-06,FW,1.778788195296273e-08,2.5903586019811553,-1.7588209635793772e-06,FW
3291,0.26839518547058105,-12.64422667642481,1.6871773495796827e-06,FW,1.61160874826641e-08,2.5903585837960357,-1.6871773495796827e-06,FW
3292,0.2684638500213623,-12.644226676424815,1.7188178762228556e-06,FW,1.621141771957949e-08,2.5903585888728524,-1.7188178762228556e-06,FW
3293,0.26853203773498535,-12.644226676424834,1.767485294748572e-06,FW,1.7503715787961542e-08,2.5903585820648027,-1.767485294748572e-06,FW
3294,0.2686011791229248,-12.644226676424845,1.6446138258741083e-06,FW,1.5561612665856424e-08,2.590358589566196,-1.6446138258741083e-06,FW
3295,0.26867008209228516,-12.644226676424866,1.6214178172602178e-06,FW,1.6321627360900197e-08,2.590358608611544,-1.6214178172602178e-06,FW
3296,0.26874303817749023,-12.644226676424879,1.7098035694912417e-06,FW,1.7916666390677864e-08,2.5903585894267103,-1.7098035694912417e-06,FW
3297,0.2688140869140625,-12.64422667642489,1.7568705419496178e-06,FW,1.7525062306051906e-08,2.5903585772037583,-1.7568705419496178e-06,FW
3298,0.26888203620910645,-12.644226676424905,1.6501301893928622e-06,FW,1.57473617345738e-08,2.590358578140572,-1.6501301893928622e-06,FW
3299,0.2689511775970459,-12.644226676424918,1.6051873338029932e-06,FW,1.6817338352660946e-08,2.590358589611741,-1.6051873338029932e-06,FW
3300,0.26902008056640625,-12.644226676424935,1.7604133243642739e-06,FW,1.7650681810621384e-08,2.590358578164567,-1.7604133243642739e-06,FW
3301,0.2690880298614502,-12.644226676424946,1.6112665970485773e-06,FW,1.631535181300031e-08,2.590358587043968,-1.6112665970485773e-06,FW
3302,0.26915597915649414,-12.644226676424964,1.7829377339795283e-06,FW,1.7642491998660085e-08,2.590358577443469,-1.7829377339795283e-06,FW
3303,0.2692239284515381,-12.64422667642498,1.6463427623680804e-06,FW,1.4642918955368265e-08,2.590358577769609,-1.6463427623680804e-06,FW
3304,0.26929211616516113,-12.644226676424994,1.5783893108356484e-06,FW,1.572658941270706e-08,2.5903585841568577,-1.5783893108356484e-06,FW
3305,0.26935887336730957,-12.644226676425008,1.6499972856076628e-06,FW,1.664252840566845e-08,2.5903585733360743,-1.6499972856076628e-06,FW
3306,0.269428014755249,-12.644226676425019,1.6840776309312577e-06,FW,1.6094506035444945e-08,2.5903585685560864,-1.6840776309312577e-06,FW
3307,0.26949620246887207,-12.64422667642503,1.5602279719723056e-06,FW,1.560406823006411e-08,2.5903585798070883,-1.5602279719723056e-06,FW
3308,0.2695639133453369,-12.644226676425042,1.7074020602220186e-06,FW,1.7064158115852393e-08,2.5903585778564313,-1.7074020602220186e-06,FW
3309,0.26963305473327637,-12.644226676425056,1.5892620267993207e-06,FW,1.4525453460775683e-08,2.5903585770491238,-1.5892620267993207e-06,FW
3310,0.269700288772583,-12.64422667642507,1.666915783862799e-06,FW,1.692315759393972e-08,2.590358580208829,-1.666915783862799e-06,FW
3311,0.2697732448577881,-12.644226676425083,1.5838591390510137e-06,FW,1.7005059930246296e-08,2.5903585544755665,-1.5838591390510137e-06,FW
3312,0.26984095573425293,-12.644226676425093,1.5745353832280484e-06,FW,1.4586563601461112e-08,2.5903585541420413,-1.5745353832280484e-06,FW
3313,0.2699110507965088,-12.644226676425113,1.6109412435405535e-06,FW,1.590025214154584e-08,2.59035855888644,-1.6109412435405535e-06,FW
3314,0.26997995376586914,-12.644226676425124,1.6612947983385418e-06,FW,1.557635125210731e-08,2.590358570103195,-1.6612947983385418e-06,FW
3315,0.2700481414794922,-12.64422667642513,1.610059652490392e-06,FW,1.693626994086539e-08,2.5903585820059045,-1.610059652490392e-06,FW
3316,0.2701530456542969,-12.644226676425147,1.464184056609863e-06,FW,1.505448697623032e-08,2.5903585827001123,-1.464184056609863e-06,FW
3317,0.2703671455383301,-12.644226676425156,1.608834588884278e-06,FW,1.552292824387336e-08,2.59035856810373,-1.608834588884278e-06,FW
3318,0.2704770565032959,-12.644226676425172,1.7168153421676102e-06,FW,1.6013890128420457e-08,2.5903585648804937,-1.7168153421676102e-06,FW
3319,0.27054905891418457,-12.644226676425182,1.5449963371855224e-06,FW,1.6788055407424752e-08,2.5903585632074626,-1.5449963371855224e-06,FW
3320,0.27061891555786133,-12.644226676425196,1.6035013328252745e-06,FW,1.4751825952521645e-08,2.5903585540812126,-1.6035013328252745e-06,FW
3321,0.2706890106201172,-12.64422667642521,1.5978176575864866e-06,FW,1.6388559415148063e-08,2.5903585603182044,-1.5978176575864866e-06,FW
3322,0.2707669734954834,-12.644226676425228,1.5821319203079831e-06,FW,1.6695083986768183e-08,2.5903585700806215,-1.5821319203079831e-06,FW
3323,0.27083492279052734,-12.64422667642524,1.5963152976000705e-06,FW,1.6055025028577544e-08,2.590358549251896,-1.5963152976000705e-06,FW
3324,0.2709052562713623,-12.64422667642525,1.5433322184954523e-06,FW,1.4785242445009879e-08,2.5903585335712678,-1.5433322184954523e-06,FW
3325,0.27097296714782715,-12.644226676425259,1.499677539831823e-06,FW,1.4479443573351421e-08,2.5903585373718983,-1.499677539831823e-06,FW
3326,0.2710421085357666,-12.644226676425271,1.6149902336559663e-06,FW,1.552979082933639e-08,2.5903585474709256,-1.6149902336559663e-06,FW
3327,0.27111101150512695,-12.644226676425284,1.5567318528419971e-06,FW,1.550308035805743e-08,2.5903585776954823,-1.5567318528419971e-06,FW
3328,0.2711811065673828,-12.644226676425301,1.5878025904497717e-06,FW,1.5443149496399555e-08,2.5903585352954765,-1.5878025904497717e-06,FW
3329,0.2712881565093994,-12.644226676425305,1.5091963552343879e-06,FW,1.4360846881702081e-08,2.590358539774977,-1.5091963552343879e-06,FW
3330,0.27135586738586426,-12.644226676425316,1.5545938837624451e-06,FW,1.5623072296282288e-08,2.590358552362174,-1.5545938837624451e-06,FW
3331,0.2714262008666992,-12.64422667642533,1.5014251369682707e-06,FW,1.4485925413274911e-08,2.590358537776559,-1.5014251369682707e-06,FW
3332,0.2714970111846924,-12.64422667642534,1.4341614310853235e-06,FW,1.557488402532895e-08,2.5903585571030896,-1.4341614310853235e-06,FW
3333,0.27156686782836914,-12.644226676425356,1.5758598685411407e-06,FW,1.4867140318782717e-08,2.5903585432791902,-1.5758598685411407e-06,FW
3334,0.2716350555419922,-12.64422667642536,1.5869271484669767e-06,FW,1.4900055053148716e-08,2.590358549120781,-1.5869271484669767e-06,FW
3335,0.27170419692993164,-12.644226676425381,1.5144098112901405e-06,FW,1.5418589092006947e-08,2.590358534833126,-1.5144098112901405e-06,FW
3336,0.271773099899292,-12.644226676425387,1.4589475644116723e-06,FW,1.3478269383849025e-08,2.5903585361791968,-1.4589475644116723e-06,FW
3337,0.27184104919433594,-12.644226676425399,1.5550172951794838e-06,FW,1.6667282069691568e-08,2.5903585358110632,-1.5550172951794838e-06,FW
3338,0.2719109058380127,-12.64422667642541,1.4708100302407434e-06,FW,1.596535810108118e-08,2.590358522800026,-1.4708100302407434e-06,FW
3339,0.27198123931884766,-12.644226676425422,1.4888659905926138e-06,FW,1.3371016820254369e-08,2.5903585205455446,-1.4888659905926138e-06,FW
3340,0.2720489501953125,-12.644226676425438,1.5379025626732767e-06,FW,1.4705097912792146e-08,2.590358523483968,-1.5379025626732767e-06,FW
3341,0.27211594581604004,-12.644226676425445,1.6079964008097747e-06,FW,1.5703236039036593e-08,2.5903585313617277,-1.6079964008097747e-06,FW
3342,0.2721850872039795,-12.644226676425456,1.372187323073204e-06,FW,1.4076493657355572e-08,2.5903585221732124,-1.372187323073204e-06,FW
3343,0.27225494384765625,-12.644226676425468,1.5252828888256964e-06,FW,1.3345457045460195e-08,2.590358536881631,-1.5252828888256964e-06,FW
3344,0.2723259925842285,-12.644226676425474,1.4854482332377072e-06,FW,1.4189133526588955e-08,2.59035851412129,-1.4854482332377072e-06,FW
3345,0.2723960876464844,-12.644226676425488,1.4371019094461257e-06,FW,1.4009149296442405e-08,2.5903585313523054,-1.4371019094461257e-06,FW
3346,0.2724649906158447,-12.644226676425497,1.5096767063960126e-06,FW,1.4198976415499199e-08,2.5903585299455703,-1.5096767063960126e-06,FW
3347,0.2725350856781006,-12.64422667642551,1.40348933530543e-06,FW,1.3677599267935093e-08,2.5903585359744046,-1.40348933530543e-06,FW
3348,0.27260398864746094,-12.644226676425513,1.4425549270113969e-06,FW,1.4858836005824541e-08,2.5903585375516287,-1.4425549270113969e-06,FW
3349,0.2726731300354004,-12.64422667642553,1.517554644975272e-06,FW,1.4687445057089361e-08,2.59035851790605,-1.517554644975272e-06,FW
3350,0.27277112007141113,-12.644226676425541,1.4146187819336076e-06,FW,1.4749128495999271e-08,2.5903585245324194,-1.4146187819336076e-06,FW
3351,0.27284789085388184,-12.644226676425548,1.473292019743555e-06,FW,1.3888982180316386e-08,2.5903585246555183,-1.473292019743555e-06,FW
3352,0.2729170322418213,-12.64422667642556,1.45447744624716e-06,FW,1.3670103341716739e-08,2.5903585343528133,-1.45447744624716e-06,FW
3353,0.27298688888549805,-12.644226676425564,1.455128959715335e-06,FW,1.4624518922663515e-08,2.5903585191464904,-1.455128959715335e-06,FW
3354,0.2730569839477539,-12.644226676425586,1.4765028014673831e-06,FW,1.4339579769778078e-08,2.5903585181189364,-1.4765028014673831e-06,FW
3355,0.27312588691711426,-12.64422667642559,1.41336487707866e-06,FW,1.497619509750087e-08,2.590358498212634,-1.41336487707866e-06,FW
3356,0.2731950283050537,-12.644226676425596,1.4035584444266336e-06,FW,1.2632387287301765e-08,2.5903585199248296,-1.4035584444266336e-06,FW
3357,0.27326488494873047,-12.64422667642561,1.4391572629168792e-06,FW,1.4799935617153194e-08,2.5903585073102313,-1.4391572629168792e-06,FW
3358,0.27333521842956543,-12.644226676425621,1.4365827655238306e-06,FW,1.3887326850078115e-08,2.590358521201059,-1.4365827655238306e-06,FW
3359,0.2734050750732422,-12.644226676425626,1.5002717363432616e-06,FW,1.45208046054008e-08,2.5903585191052554,-1.5002717363432616e-06,FW
3360,0.27347421646118164,-12.644226676425644,1.3388668952951654e-06,FW,1.3064752757121904e-08,2.590358507000779,-1.3388668952951654e-06,FW
3361,0.2735440731048584,-12.644226676425644,1.4453442004347394e-06,FW,1.3852551557959453e-08,2.59035850146294,-1.4453442004347394e-06,FW
3362,0.27361202239990234,-12.64422667642566,1.3755669621279276e-06,FW,1.2610374696195183e-08,2.5903585076680398,-1.3755669621279276e-06,FW
3363,0.2736809253692627,-12.644226676425665,1.4372192846390242e-06,FW,1.3543167416553664e-08,2.5903585121884074,-1.4372192846390242e-06,FW
3364,0.27374911308288574,-12.644226676425678,1.3997530865367258e-06,FW,1.364928676119336e-08,2.590358511174842,-1.3997530865367258e-06,FW
3365,0.2738189697265625,-12.644226676425689,1.351147161265942e-06,FW,1.2764573087223977e-08,2.590358495392443,-1.351147161265942e-06,FW
3366,0.27388906478881836,-12.644226676425697,1.4034686400127283e-06,FW,1.3633782195331981e-08,2.5903585071139266,-1.4034686400127283e-06,FW
3367,0.2739601135253906,-12.644226676425706,1.4174376265913002e-06,FW,1.3761340938740103e-08,2.5903585041762005,-1.4174376265913002e-06,FW
3368,0.2740302085876465,-12.644226676425715,1.2933900052913838e-06,FW,1.3493870511733266e-08,2.590358512242675,-1.2933900052913838e-06,FW
3369,0.27410006523132324,-12.644226676425722,1.414020076667688e-06,FW,1.2768604092950991e-08,2.590358504225842,-1.414020076667688e-06,FW
3370,0.2741708755493164,-12.644226676425733,1.4962949370922463e-06,FW,1.3913221100774482e-08,2.5903584809528684,-1.4962949370922463e-06,FW
3371,0.27424120903015137,-12.644226676425747,1.3474134576418884e-06,FW,1.376417313979784e-08,2.590358505061181,-1.3474134576418884e-06,FW
3372,0.2743089199066162,-12.644226676425749,1.3677029057357348e-06,FW,1.398384033641599e-08,2.590358513139483,-1.3677029057357348e-06,FW
3373,0.27437806129455566,-12.644226676425767,1.3537954594300405e-06,FW,1.3883039673966413e-08,2.5903584941281452,-1.3537954594300405e-06,FW
3374,0.274446964263916,-12.64422667642577,1.320025720286111e-06,FW,1.3363858605716841e-08,2.590358492969161,-1.320025720286111e-06,FW
3375,0.2745180130004883,-12.644226676425781,1.4071058326986519e-06,FW,1.3425295244231094e-08,2.5903584848847565,-1.4071058326986519e-06,FW
3376,0.27458691596984863,-12.644226676425795,1.3439383651503434e-06,FW,1.3808282371545079e-08,2.5903585007742653,-1.3439383651503434e-06,FW
3377,0.2746920585632324,-12.644226676425797,1.3209434770455886e-06,FW,1.3819135177801701e-08,2.590358498843546,-1.3209434770455886e-06,FW
3378,0.27486491203308105,-12.644226676425808,1.3666595658490266e-06,FW,1.2618328757793124e-08,2.590358497390971,-1.3666595658490266e-06,FW
3379,0.2750229835510254,-12.644226676425818,1.3287048552107494e-06,FW,1.3969831104161482e-08,2.590358489068337,-1.3287048552107494e-06,FW
3380,0.2751779556274414,-12.644226676425827,1.3640052518026913e-06,FW,1.2362311296428347e-08,2.5903584855708917,-1.3640052518026913e-06,FW
3381,0.27539515495300293,-12.644226676425845,1.3398587117297023e-06,FW,1.3280199252785789e-08,2.5903584928760464,-1.3398587117297023e-06,FW
3382,0.27559709548950195,-12.644226676425847,1.2949735221645664e-06,FW,1.2735541959297397e-08,2.5903585098656303,-1.2949735221645664e-06,FW
3383,0.2757570743560791,-12.644226676425854,1.3797952454208673e-06,FW,1.3123167259600823e-08,2.590358501695669,-1.3797952454208673e-06,FW
3384,0.27591395378112793,-12.644226676425864,1.3213989657201441e-06,FW,1.2070520813684379e-08,2.590358488631645,-1.3213989657201441e-06,FW
3385,0.27607107162475586,-12.644226676425866,1.3780907479887805e-06,FW,1.323727879164632e-08,2.590358473384457,-1.3780907479887805e-06,FW
3386,0.2762272357940674,-12.644226676425875,1.242209810320416e-06,FW,1.254942673062089e-08,2.590358492307078,-1.242209810320416e-06,FW
3387,0.2763810157775879,-12.644226676425886,1.331216488820175e-06,FW,1.209839644405611e-08,2.5903585012198698,-1.331216488820175e-06,FW
3388,0.276536226272583,-12.644226676425898,1.2592237301073395e-06,FW,1.2971228099470718e-08,2.590358493737756,-1.2592237301073395e-06,FW
3389,0.2766690254211426,-12.644226676425905,1.4041770681899601e-06,FW,1.4581780371530116e-08,2.5903584860997846,-1.4041770681899601e-06,FW
3390,0.27674293518066406,-12.644226676425912,1.255964943158716e-06,FW,1.2949508499082528e-08,2.5903584736012975,-1.255964943158716e-06,FW
3391,0.2768130302429199,-12.644226676425916,1.3441036177536114e-06,FW,1.2503998044839577e-08,2.590358473724693,-1.3441036177536114e-06,FW
3392,0.27688097953796387,-12.64422667642593,1.305012331739852e-06,FW,1.201483885457987e-08,2.590358480643153,-1.305012331739852e-06,FW
3393,0.2769510746002197,-12.644226676425937,1.2811518984162662e-06,FW,1.2773478284523591e-08,2.5903584835705042,-1.2811518984162662e-06,FW
3394,0.2770209312438965,-12.644226676425948,1.2698113542597422e-06,FW,1.3072653335684202e-08,2.590358491775204,-1.2698113542597422e-06,FW
3395,0.27709007263183594,-12.644226676425955,1.3299244880221606e-06,FW,1.4251374495386063e-08,2.5903584967523607,-1.3299244880221606e-06,FW
3396,0.2771599292755127,-12.644226676425966,1.241293015652456e-06,FW,1.2355244458155344e-08,2.5903584724376394,-1.241293015652456e-06,FW
3397,0.27722811698913574,-12.64422667642597,1.2227760134986276e-06,FW,1.2867200897460506e-08,2.5903584787202174,-1.2227760134986276e-06,FW
3398,0.2772979736328125,-12.644226676425978,1.2897870527578403e-06,FW,1.2940757658927085e-08,2.590358475868583,-1.2897870527578403e-06,FW
3399,0.27736806869506836,-12.644226676425987,1.2809754931925044e-06,FW,1.2184156450078133e-08,2.5903584855048565,-1.2809754931925044e-06,FW
3400,0.2774379253387451,-12.644226676425992,1.3089216439332585e-06,FW,1.3485770303447813e-08,2.590358482826222,-1.3089216439332585e-06,FW
3401,0.27750706672668457,-12.644226676426001,1.2557165312565566e-06,FW,1.1841663076456315e-08,2.590358462142686,-1.2557165312565566e-06,FW
3402,0.2775759696960449,-12.64422667642601,1.277275281763579e-06,FW,1.1519707399775686e-08,2.590358461446437,-1.277275281763579e-06,FW
3403,0.27773404121398926,-12.644226676426022,1.2394812960447865e-06,FW,1.2028074291772667e-08,2.5903584579428482,-1.2394812960447865e-06,FW
3404,0.27843785285949707,-12.644226676426026,1.2602997243732483e-06,FW,1.2933098559719399e-08,2.590358466347667,-1.2602997243732483e-06,FW
3405,0.27857494354248047,-12.644226676426035,1.2878711334873838e-06,FW,1.181678102118023e-08,2.5903584662338717,-1.2878711334873838e-06,FW
3406,0.2786750793457031,-12.644226676426038,1.2454918002224868e-06,FW,1.1661700799420501e-08,2.5903584563365514,-1.2454918002224868e-06,FW
3407,0.27877306938171387,-12.644226676426046,1.3270173385565576e-06,FW,1.1997059017629542e-08,2.590358453302504,-1.3270173385565576e-06,FW
3408,0.2788679599761963,-12.644226676426053,1.214150129852376e-06,FW,1.2465530050239608e-08,2.5903584569475773,-1.214150129852376e-06,FW
3409,0.2789649963378906,-12.644226676426063,1.1643317068266157e-06,FW,1.2580924475841142e-08,2.5903584707909943,-1.1643317068266157e-06,FW
3410,0.27906107902526855,-12.644226676426072,1.2139654998605254e-06,FW,1.2025691716425965e-08,2.5903584760997087,-1.2139654998605254e-06,FW
3411,0.2791450023651123,-12.644226676426076,1.2723277200976657e-06,FW,1.2489595027102248e-08,2.5903584686359515,-1.2723277200976657e-06,FW
3412,0.27921414375305176,-12.644226676426086,1.2207759359228465e-06,FW,1.2682454592827457e-08,2.5903584607440293,-1.2207759359228465e-06,FW
3413,0.2792849540710449,-12.644226676426099,1.2446290522383219e-06,FW,1.1988454563830407e-08,2.5903584737059515,-1.2446290522383219e-06,FW
3414,0.2793550491333008,-12.644226676426104,1.2055317536174837e-06,FW,1.1922735043771417e-08,2.5903584671643567,-1.2055317536174837e-06,FW
3415,0.27942514419555664,-12.644226676426108,1.2393881850258914e-06,FW,1.235517296748399e-08,2.590358436364285,-1.2393881850258914e-06,FW
3416,0.2794950008392334,-12.644226676426122,1.2106491804469988e-06,FW,1.1534202636277658e-08,2.5903584440944067,-1.2106491804469988e-06,FW
3417,0.27956604957580566,-12.644226676426127,1.213646858913564e-06,FW,1.1567652941233038e-08,2.5903584544970415,-1.213646858913564e-06,FW
3418,0.2796361446380615,-12.644226676426133,1.2140156507578492e-06,FW,1.2475583280832865e-08,2.590358451593869,-1.2140156507578492e-06,FW
3419,0.2797060012817383,-12.64422667642614,1.2380558969682376e-06,FW,1.2101861348183107e-08,2.5903584500334818,-1.2380558969682376e-06,FW
3420,0.27977609634399414,-12.644226676426143,1.1306828102408684e-06,FW,1.1943921333812103e-08,2.5903584442201963,-1.1306828102408684e-06,FW
3421,0.2798459529876709,-12.644226676426154,1.1743619054566112e-06,FW,1.2270792371789097e-08,2.5903584518889375,-1.1743619054566112e-06,FW
3422,0.27991509437561035,-12.644226676426161,1.2684522411599009e-06,FW,1.2596212931736575e-08,2.5903584436597153,-1.2684522411599009e-06,FW
3423,0.2799839973449707,-12.644226676426165,1.1764314418738486e-06,FW,1.148293521311179e-08,2.5903584541335323,-1.1764314418738486e-06,FW
3424,0.28005409240722656,-12.64422667642617,1.171032108629455e-06,FW,1.1164009460012749e-08,2.590358447787842,-1.171032108629455e-06,FW
3425,0.2801229953765869,-12.644226676426184,1.1706364772823274e-06,FW,1.1095389922270493e-08,2.590358452229728,-1.1706364772823274e-06,FW
3426,0.2801930904388428,-12.644226676426191,1.2397263961655414e-06,FW,1.1884290798685955e-08,2.590358449783113,-1.2397263961655414e-06,FW
3427,0.2802619934082031,-12.644226676426198,1.1733536028346592e-06,FW,1.1259827088805268e-08,2.5903584389129692,-1.1733536028346592e-06,FW
3428,0.2803330421447754,-12.644226676426213,1.1744437233701666e-06,FW,1.1594015087655136e-08,2.590358450958817,-1.1744437233701666e-06,FW
3429,0.28040313720703125,-12.644226676426209,1.1272599414191564e-06,FW,1.0401942452784778e-08,2.5903584480740856,-1.1272599414191564e-06,FW
3430,0.2804720401763916,-12.644226676426216,1.2478997267473257e-06,FW,1.2055634025667133e-08,2.5903584464971097,-1.2478997267473257e-06,FW
3431,0.2805449962615967,-12.644226676426223,1.1187222321434875e-06,FW,1.1648978604968558e-08,2.5903584415333953,-1.1187222321434875e-06,FW
3432,0.2806210517883301,-12.644226676426227,1.1756387559153092e-06,FW,1.0686218565188849e-08,2.590358433543409,-1.1756387559153092e-06,FW
3433,0.280689001083374,-12.64422667642624,1.1563303946582337e-06,FW,1.1500802805345216e-08,2.5903584434639337,-1.1563303946582337e-06,FW
3434,0.2807600498199463,-12.64422667642624,1.2079710017542933e-06,FW,1.0685888468150401e-08,2.5903584426401776,-1.2079710017542933e-06,FW
3435,0.28082895278930664,-12.64422667642625,1.1678548113014386e-06,FW,1.142740628619625e-08,2.590358425269671,-1.1678548113014386e-06,FW
3436,0.2808990478515625,-12.644226676426248,1.075768003205857e-06,FW,9.889586128824478e-09,2.5903584447325594,-1.075768003205857e-06,FW
3437,0.28097105026245117,-12.644226676426262,1.152189169434381e-06,FW,1.0790683833956797e-08,2.590358439456911,-1.152189169434381e-06,FW
3438,0.28104090690612793,-12.644226676426268,1.1310322712149157e-06,FW,1.190205524172041e-08,2.5903584528371457,-1.1310322712149157e-06,FW
3439,0.2811110019683838,-12.644226676426268,1.168265312850858e-06,FW,1.1669976134779496e-08,2.5903584388873955,-1.168265312850858e-06,FW
3440,0.28117990493774414,-12.644226676426278,1.1050860242722838e-06,FW,1.0803645843153106e-08,2.5903584302521483,-1.1050860242722838e-06,FW
3441,0.2812502384185791,-12.644226676426287,1.1570396366150648e-06,FW,1.091202801572879e-08,2.590358427640959,-1.1570396366150648e-06,FW
3442,0.28131890296936035,-12.644226676426292,1.1868046517066189e-06,FW,1.1383780538621393e-08,2.5903584374550546,-1.1868046517066189e-06,FW
3443,0.2813892364501953,-12.644226676426296,1.0706960551221112e-06,FW,1.1405291500631305e-08,2.5903584455974604,-1.0706960551221112e-06,FW
3444,0.28145790100097656,-12.644226676426303,1.1499805607079194e-06,FW,1.0583974219144403e-08,2.5903584295274404,-1.1499805607079194e-06,FW
3445,0.2815282344818115,-12.644226676426308,1.0786543981483598e-06,FW,1.1473421548111364e-08,2.59035843758464,-1.0786543981483598e-06,FW
3446,0.2815968990325928,-12.644226676426321,1.161783461656185e-06,FW,1.1169664589486694e-08,2.590358436513509,-1.161783461656185e-06,FW
3447,0.28166723251342773,-12.64422667642633,1.1030490102148516e-06,FW,1.0305641432447865e-08,2.5903584395435195,-1.1030490102148516e-06,FW
3448,0.2817370891571045,-12.64422667642633,1.1179913760039906e-06,FW,1.1288989226132602e-08,2.5903584430512034,-1.1179913760039906e-06,FW
3449,0.28180694580078125,-12.64422667642634,1.084720372176995e-06,FW,1.0806497380084304e-08,2.5903584158528297,-1.084720372176995e-06,FW
3450,0.2818760871887207,-12.644226676426342,1.0949264539344972e-06,FW,1.1168559417031613e-08,2.5903584312346624,-1.0949264539344972e-06,FW
3451,0.28194689750671387,-12.644226676426351,1.1448127029689559e-06,FW,1.0709001252480119e-08,2.5903584202353525,-1.1448127029689559e-06,FW
3452,0.28201818466186523,-12.64422667642635,1.1243630446688968e-06,FW,1.1014585418860515e-08,2.5903584281396492,-1.1243630446688968e-06,FW
3453,0.282088041305542,-12.644226676426356,1.0819124548755443e-06,FW,9.954017140238014e-09,2.590358435224775,-1.0819124548755443e-06,FW
3454,0.28215813636779785,-12.644226676426364,1.0501871961082765e-06,FW,1.0776287873855788e-08,2.590358431900981,-1.0501871961082765e-06,FW
3455,0.2822270393371582,-12.64422667642637,1.1017170541693933e-06,FW,1.040755145067648e-08,2.5903584193623845,-1.1017170541693933e-06,FW
3456,0.28229784965515137,-12.644226676426376,1.1029840285975423e-06,FW,1.0691302544980517e-08,2.5903584215359037,-1.1029840285975423e-06,FW
3457,0.28236818313598633,-12.644226676426381,1.105246366345236e-06,FW,1.0419570588469988e-08,2.5903584217840017,-1.105246366345236e-06,FW
3458,0.2824389934539795,-12.644226676426396,1.0615064131302976e-06,FW,1.0179701477724774e-08,2.5903584213918993,-1.0615064131302976e-06,FW
3459,0.28250718116760254,-12.644226676426397,1.0395320657607954e-06,FW,1.0797752714844948e-08,2.5903584168456764,-1.0395320657607954e-06,FW
3460,0.28258323669433594,-12.644226676426399,1.1067785036233957e-06,FW,1.0920891573790388e-08,2.590358419278503,-1.1067785036233957e-06,FW
3461,0.2826530933380127,-12.64422667642641,1.0247279556285793e-06,FW,1.0558114203955283e-08,2.5903584320231405,-1.0247279556285793e-06,FW
3462,0.28272318840026855,-12.644226676426415,1.1109675720766266e-06,FW,1.0478285715415849e-08,2.590358424608105,-1.1109675720766266e-06,FW
3463,0.2827930450439453,-12.64422667642642,1.1134198400764017e-06,FW,1.112777499815744e-08,2.5903584133275626,-1.1134198400764017e-06,FW
3464,0.28286290168762207,-12.644226676426422,1.0043348402793972e-06,FW,9.457204699679093e-09,2.5903584149882546,-1.0043348402793972e-06,FW
3465,0.2829320430755615,-12.644226676426433,1.0507652544178292e-06,FW,9.885816316548396e-09,2.5903584129361312,-1.0507652544178292e-06,FW
3466,0.2830028533935547,-12.644226676426436,1.0994429599647804e-06,FW,1.0573144652373468e-08,2.5903584159394057,-1.0994429599647804e-06,FW
3467,0.28307318687438965,-12.644226676426435,1.0806678574504236e-06,FW,1.067705829845267e-08,2.590358407786658,-1.0806678574504236e-06,FW
3468,0.2831449508666992,-12.644226676426445,1.0719916839069255e-06,FW,1.0044778230624174e-08,2.590358408749594,-1.0719916839069255e-06,FW
3469,0.283214807510376,-12.644226676426452,9.882146113915358e-07,FW,,2.5903584237551285,-9.882146113915358e-07,FW
